Model,Omics,CIndex_mean,CIndex_low,CIndex_high,N
BiomedParse (SPARRA),Radiomics,0.6642737866246746,0.6378185273700315,0.6916274488276254,991
CONCH (ABMIL),Pathomics,0.6942794812769888,0.6663324137675299,0.7206735833550206,991
BiomedParse+UNI (MEAN),Radiopathomics,0.697146001542002,0.6695116245125815,0.7230185318678772,991
