Model,Omics,CIndex_mean,CIndex_low,CIndex_high,N
BiomedParse (SPARRA),Radiomics,0.6642737866246746,0.6407662540888973,0.6871892993829163,991
CONCH (ABMIL),Pathomics,0.6942794812769888,0.6724374458874843,0.7163578898593035,991
BiomedParse+CONCH (MEAN),Radiopathomics,0.693267227461728,0.671856271711775,0.7163794115980651,991
