Model,Omics,CIndex_mean,CIndex_low,CIndex_high,N
LVMMed (SPARRA),Radiomics,0.6278999904958025,0.5989433814198413,0.6588438343858702,993
CONCH (ABMIL),Pathomics,0.6781461839440506,0.6501046684730473,0.7062896383092008,993
pyradiomics+CONCH (MEAN),Radiopathomics,0.6869914898111593,0.6594257945350767,0.7132406275440715,993
