Model,Omics,CIndex_mean,CIndex_low,CIndex_high,N
LVMMed (SPARRA),Radiomics,0.6278999904958025,0.6027637827465318,0.6530952077701212,993
CONCH (ABMIL),Pathomics,0.6781461839440506,0.6540607325700294,0.703120397707865,993
LVMMed+CONCH (SPARRA),Radiopathomics,0.6791010915396432,0.6551550440171389,0.7033453479140416,993
