Model,Omics,CIndex_mean,CIndex_low,CIndex_high,N
LVMMed (SPARRA),Radiomics,0.6278999904958025,0.6027637827465318,0.6530952077701212,993
CONCH (ABMIL),Pathomics,0.6781461839440506,0.6540607325700294,0.703120397707865,993
pyradiomics+CONCH (MEAN),Radiopathomics,0.6869914898111593,0.6635882658231372,0.708469127214805,993
