Model,Omics,CIndex_mean,CIndex_low,CIndex_high,N
BiomedParse (SPARRA),Radiomics,0.7113963342967984,0.6753039595644997,0.7490695331009106,517
CHIEF (ABMIL),Pathomics,0.7822842979804575,0.7504892498790366,0.8149047150831955,517
BiomedParse+CHIEF (ABMIL),Radiopathomics,0.7920119947612607,0.7586338903085853,0.8221301172405798,517
