Model,Omics,CIndex_mean,CIndex_low,CIndex_high,N
BiomedParse (SPARRA),Radiomics,0.7113963342967984,0.6753039595644997,0.7490695331009106,517
CHIEF (ABMIL),Pathomics,0.7822842979804575,0.7504892498790366,0.8149047150831955,517
LVMMed+CHIEF (ABMIL),Radiopathomics,0.7715035162640336,0.7370237924395906,0.8061280137907977,517
