Model,Omics,CIndex_mean,CIndex_low,CIndex_high,N
BiomedParse (MEAN),Radiomics,0.6389222852268907,0.6120889967808083,0.6659815157289496,972
CONCH (ABMIL),Pathomics,0.7006786917002759,0.6730832677920309,0.7284906955015712,972
BiomedParse+CONCH (MEAN),Radiopathomics,0.6874617652643178,0.6634219509389842,0.71224231929504,972
