Model,Omics,CIndex_mean,CIndex_low,CIndex_high,N
BiomedParse (MEAN),Radiomics,0.6389222852268907,0.6120889967808083,0.6659815157289496,972
CONCH (ABMIL),Pathomics,0.7006786917002759,0.6730832677920309,0.7284906955015712,972
BiomedParse+CONCH (SPARRA),Radiopathomics,0.7028912887171824,0.6741502916440522,0.7295130934761336,972
