Model,Omics,CIndex_mean,CIndex_low,CIndex_high,N
BiomedParse (MEAN),Radiomics,0.6389222852268907,0.606810290127813,0.6705608913312042,972
CONCH (ABMIL),Pathomics,0.7006786917002759,0.6678815073558082,0.7344269338741479,972
BiomedParse+CONCH (SPARRA),Radiopathomics,0.7028912887171824,0.670256816909014,0.7352903440236389,972
