model,cohort,scan_name,case_id,modality,probability_path,gt_path,threshold,gt_positive,n_predicted_lesions,n_gt_lesions,detected_gt_lesions,missed_gt_lesions,false_positive_lesions,lesion_sensitivity,lesion_precision,false_positive_volume_mm3,stage
baseline,internal_test,D1-014_T1FS,D1-014,T1FS,/Users/sg2162/Datasets/CancerDatasets/Endometriosis/EndoMRI_All/segmentations/BiomedParse/D1-014_T1FS_endometrioma.nii.gz,/Users/sg2162/Datasets/CancerDatasets/Endometriosis/EndoMRI_All/labels/D1-014_T1FS_seg.nii.gz,0.5,True,22,3,2,1,18,0.6666666666666666,0.18181818181818182,394746.6090233674,pre
baseline,training,D1-025_T2,D1-025,T2,/Users/sg2162/Datasets/CancerDatasets/Endometriosis/EndoMRI_All/segmentations/BiomedParse/D1-025_T2_endometrioma.nii.gz,/Users/sg2162/Datasets/CancerDatasets/Endometriosis/EndoMRI_All/labels/D1-025_T2_seg.nii.gz,0.5,False,13,0,0,0,13,,0.0,321362.25000000006,pre
baseline,training,D1-049_T1FS,D1-049,T1FS,/Users/sg2162/Datasets/CancerDatasets/Endometriosis/EndoMRI_All/segmentations/BiomedParse/D1-049_T1FS_endometrioma.nii.gz,/Users/sg2162/Datasets/CancerDatasets/Endometriosis/EndoMRI_All/labels/D1-049_T1FS_seg.nii.gz,0.5,True,46,1,1,0,45,1.0,0.021739130434782608,108100.1249921625,pre
baseline,training,D1-049_T2,D1-049,T2,/Users/sg2162/Datasets/CancerDatasets/Endometriosis/EndoMRI_All/segmentations/BiomedParse/D1-049_T2_endometrioma.nii.gz,/Users/sg2162/Datasets/CancerDatasets/Endometriosis/EndoMRI_All/labels/D1-049_T2_seg.nii.gz,0.5,False,22,0,0,0,22,,0.0,63809.99998689309,pre
baseline,training,D1-024_T2,D1-024,T2,/Users/sg2162/Datasets/CancerDatasets/Endometriosis/EndoMRI_All/segmentations/BiomedParse/D1-024_T2_endometrioma.nii.gz,/Users/sg2162/Datasets/CancerDatasets/Endometriosis/EndoMRI_All/labels/D1-024_T2_seg.nii.gz,0.5,False,14,0,0,0,14,,0.0,107092.00523838072,pre
baseline,training,D1-024_T1FS,D1-024,T1FS,/Users/sg2162/Datasets/CancerDatasets/Endometriosis/EndoMRI_All/segmentations/BiomedParse/D1-024_T1FS_endometrioma.nii.gz,/Users/sg2162/Datasets/CancerDatasets/Endometriosis/EndoMRI_All/labels/D1-024_T1FS_seg.nii.gz,0.5,True,25,2,2,0,23,1.0,0.08,101160.00494806054,pre
baseline,training,D1-023_T2,D1-023,T2,/Users/sg2162/Datasets/CancerDatasets/Endometriosis/EndoMRI_All/segmentations/BiomedParse/D1-023_T2_endometrioma.nii.gz,/Users/sg2162/Datasets/CancerDatasets/Endometriosis/EndoMRI_All/labels/D1-023_T2_seg.nii.gz,0.5,False,23,0,0,0,23,,0.0,201798.74700645733,pre
baseline,training,D1-023_T1FS,D1-023,T1FS,/Users/sg2162/Datasets/CancerDatasets/Endometriosis/EndoMRI_All/segmentations/BiomedParse/D1-023_T1FS_endometrioma.nii.gz,/Users/sg2162/Datasets/CancerDatasets/Endometriosis/EndoMRI_All/labels/D1-023_T1FS_seg.nii.gz,0.5,True,29,5,3,2,27,0.6,0.06896551724137931,195062.25330360944,pre
baseline,training,D1-015_T2,D1-015,T2,/Users/sg2162/Datasets/CancerDatasets/Endometriosis/EndoMRI_All/segmentations/BiomedParse/D1-015_T2_endometrioma.nii.gz,/Users/sg2162/Datasets/CancerDatasets/Endometriosis/EndoMRI_All/labels/D1-015_T2_seg.nii.gz,0.5,False,15,0,0,0,15,,0.0,277036.5068620192,pre
baseline,internal_test,D1-012_T2,D1-012,T2,/Users/sg2162/Datasets/CancerDatasets/Endometriosis/EndoMRI_All/segmentations/BiomedParse/D1-012_T2_endometrioma.nii.gz,/Users/sg2162/Datasets/CancerDatasets/Endometriosis/EndoMRI_All/labels/D1-012_T2_seg.nii.gz,0.5,False,41,0,0,0,41,,0.0,123281.25620085365,pre
baseline,training,D1-046_T1FS,D1-046,T1FS,/Users/sg2162/Datasets/CancerDatasets/Endometriosis/EndoMRI_All/segmentations/BiomedParse/D1-046_T1FS_endometrioma.nii.gz,/Users/sg2162/Datasets/CancerDatasets/Endometriosis/EndoMRI_All/labels/D1-046_T1FS_seg.nii.gz,0.5,False,59,0,0,0,59,,0.0,89141.99917886559,pre
baseline,training,D1-041_T2,D1-041,T2,/Users/sg2162/Datasets/CancerDatasets/Endometriosis/EndoMRI_All/segmentations/BiomedParse/D1-041_T2_endometrioma.nii.gz,/Users/sg2162/Datasets/CancerDatasets/Endometriosis/EndoMRI_All/labels/D1-041_T2_seg.nii.gz,0.5,False,17,0,0,0,17,,0.0,668878.0681209792,pre
baseline,training,D1-041_T1FS,D1-041,T1FS,/Users/sg2162/Datasets/CancerDatasets/Endometriosis/EndoMRI_All/segmentations/BiomedParse/D1-041_T1FS_endometrioma.nii.gz,/Users/sg2162/Datasets/CancerDatasets/Endometriosis/EndoMRI_All/labels/D1-041_T1FS_seg.nii.gz,0.5,True,44,3,2,1,41,0.6666666666666666,0.06818181818181818,241075.9970270487,pre
baseline,training,D1-048_T1FS,D1-048,T1FS,/Users/sg2162/Datasets/CancerDatasets/Endometriosis/EndoMRI_All/segmentations/BiomedParse/D1-048_T1FS_endometrioma.nii.gz,/Users/sg2162/Datasets/CancerDatasets/Endometriosis/EndoMRI_All/labels/D1-048_T1FS_seg.nii.gz,0.5,True,51,1,1,0,50,1.0,0.0196078431372549,134394.50078494547,pre
baseline,training,D1-030_T2,D1-030,T2,/Users/sg2162/Datasets/CancerDatasets/Endometriosis/EndoMRI_All/segmentations/BiomedParse/D1-030_T2_endometrioma.nii.gz,/Users/sg2162/Datasets/CancerDatasets/Endometriosis/EndoMRI_All/labels/D1-030_T2_seg.nii.gz,0.5,False,7,0,0,0,7,,0.0,224695.25220199215,pre
baseline,training,D1-008_T2,D1-008,T2,/Users/sg2162/Datasets/CancerDatasets/Endometriosis/EndoMRI_All/segmentations/BiomedParse/D1-008_T2_endometrioma.nii.gz,/Users/sg2162/Datasets/CancerDatasets/Endometriosis/EndoMRI_All/labels/D1-008_T2_seg.nii.gz,0.5,True,17,1,1,0,13,1.0,0.23529411764705882,74316.59803128242,pre
baseline,training,D1-008_T1FS,D1-008,T1FS,/Users/sg2162/Datasets/CancerDatasets/Endometriosis/EndoMRI_All/segmentations/BiomedParse/D1-008_T1FS_endometrioma.nii.gz,/Users/sg2162/Datasets/CancerDatasets/Endometriosis/EndoMRI_All/labels/D1-008_T1FS_seg.nii.gz,0.5,True,15,2,1,1,13,0.5,0.13333333333333333,209271.75000000003,pre
baseline,internal_test,D1-037_T1FS,D1-037,T1FS,/Users/sg2162/Datasets/CancerDatasets/Endometriosis/EndoMRI_All/segmentations/BiomedParse/D1-037_T1FS_endometrioma.nii.gz,/Users/sg2162/Datasets/CancerDatasets/Endometriosis/EndoMRI_All/labels/D1-037_T1FS_seg.nii.gz,0.5,True,27,2,1,1,26,0.5,0.037037037037037035,181643.625,pre
baseline,internal_test,D1-037_T2,D1-037,T2,/Users/sg2162/Datasets/CancerDatasets/Endometriosis/EndoMRI_All/segmentations/BiomedParse/D1-037_T2_endometrioma.nii.gz,/Users/sg2162/Datasets/CancerDatasets/Endometriosis/EndoMRI_All/labels/D1-037_T2_seg.nii.gz,0.5,True,21,1,0,1,21,0.0,0.0,147355.0,pre
baseline,training,D1-001_T2,D1-001,T2,/Users/sg2162/Datasets/CancerDatasets/Endometriosis/EndoMRI_All/segmentations/BiomedParse/D1-001_T2_endometrioma.nii.gz,/Users/sg2162/Datasets/CancerDatasets/Endometriosis/EndoMRI_All/labels/D1-001_T2_seg.nii.gz,0.5,True,15,1,1,0,14,1.0,0.06666666666666667,121643.00881174604,pre
baseline,internal_test,D1-001_T1FS,D1-001,T1FS,/Users/sg2162/Datasets/CancerDatasets/Endometriosis/EndoMRI_All/segmentations/BiomedParse/D1-001_T1FS_endometrioma.nii.gz,/Users/sg2162/Datasets/CancerDatasets/Endometriosis/EndoMRI_All/labels/D1-001_T1FS_seg.nii.gz,0.5,True,27,1,1,0,23,1.0,0.14814814814814814,205200.24859537816,pre
baseline,training,D1-039_T1FS,D1-039,T1FS,/Users/sg2162/Datasets/CancerDatasets/Endometriosis/EndoMRI_All/segmentations/BiomedParse/D1-039_T1FS_endometrioma.nii.gz,/Users/sg2162/Datasets/CancerDatasets/Endometriosis/EndoMRI_All/labels/D1-039_T1FS_seg.nii.gz,0.5,True,11,4,4,0,8,1.0,0.2727272727272727,221589.48876391296,pre
baseline,training,D1-006_T1FS,D1-006,T1FS,/Users/sg2162/Datasets/CancerDatasets/Endometriosis/EndoMRI_All/segmentations/BiomedParse/D1-006_T1FS_endometrioma.nii.gz,/Users/sg2162/Datasets/CancerDatasets/Endometriosis/EndoMRI_All/labels/D1-006_T1FS_seg.nii.gz,0.5,False,31,0,0,0,31,,0.0,278664.98957281606,pre
baseline,training,D1-038_T1FS,D1-038,T1FS,/Users/sg2162/Datasets/CancerDatasets/Endometriosis/EndoMRI_All/segmentations/BiomedParse/D1-038_T1FS_endometrioma.nii.gz,/Users/sg2162/Datasets/CancerDatasets/Endometriosis/EndoMRI_All/labels/D1-038_T1FS_seg.nii.gz,0.5,True,31,1,1,0,30,1.0,0.03225806451612903,118897.99930424873,pre
baseline,internal_test,D1-038_T2,D1-038,T2,/Users/sg2162/Datasets/CancerDatasets/Endometriosis/EndoMRI_All/segmentations/BiomedParse/D1-038_T2_endometrioma.nii.gz,/Users/sg2162/Datasets/CancerDatasets/Endometriosis/EndoMRI_All/labels/D1-038_T2_seg.nii.gz,0.5,True,19,1,1,0,18,1.0,0.05263157894736842,103490.00085132109,pre
baseline,training,D1-000_T1FS,D1-000,T1FS,/Users/sg2162/Datasets/CancerDatasets/Endometriosis/EndoMRI_All/segmentations/BiomedParse/D1-000_T1FS_endometrioma.nii.gz,/Users/sg2162/Datasets/CancerDatasets/Endometriosis/EndoMRI_All/labels/D1-000_T1FS_seg.nii.gz,0.5,True,19,1,1,0,18,1.0,0.05263157894736842,109012.526923551,pre
baseline,training,D1-000_T2,D1-000,T2,/Users/sg2162/Datasets/CancerDatasets/Endometriosis/EndoMRI_All/segmentations/BiomedParse/D1-000_T2_endometrioma.nii.gz,/Users/sg2162/Datasets/CancerDatasets/Endometriosis/EndoMRI_All/labels/D1-000_T2_seg.nii.gz,0.5,True,21,1,1,0,19,1.0,0.09523809523809523,115709.99529479389,pre
baseline,internal_test,D1-009_T1FS,D1-009,T1FS,/Users/sg2162/Datasets/CancerDatasets/Endometriosis/EndoMRI_All/segmentations/BiomedParse/D1-009_T1FS_endometrioma.nii.gz,/Users/sg2162/Datasets/CancerDatasets/Endometriosis/EndoMRI_All/labels/D1-009_T1FS_seg.nii.gz,0.5,True,22,3,2,1,21,0.6666666666666666,0.045454545454545456,500278.2913646214,pre
baseline,training,D1-009_T2,D1-009,T2,/Users/sg2162/Datasets/CancerDatasets/Endometriosis/EndoMRI_All/segmentations/BiomedParse/D1-009_T2_endometrioma.nii.gz,/Users/sg2162/Datasets/CancerDatasets/Endometriosis/EndoMRI_All/labels/D1-009_T2_seg.nii.gz,0.5,True,30,2,2,0,28,1.0,0.06666666666666667,187093.14625094697,pre
baseline,training,D1-036_T2,D1-036,T2,/Users/sg2162/Datasets/CancerDatasets/Endometriosis/EndoMRI_All/segmentations/BiomedParse/D1-036_T2_endometrioma.nii.gz,/Users/sg2162/Datasets/CancerDatasets/Endometriosis/EndoMRI_All/labels/D1-036_T2_seg.nii.gz,0.5,False,11,0,0,0,11,,0.0,118401.24824360065,pre
baseline,training,D1-043_T2,D1-043,T2,/Users/sg2162/Datasets/CancerDatasets/Endometriosis/EndoMRI_All/segmentations/BiomedParse/D1-043_T2_endometrioma.nii.gz,/Users/sg2162/Datasets/CancerDatasets/Endometriosis/EndoMRI_All/labels/D1-043_T2_seg.nii.gz,0.5,True,19,1,1,0,18,1.0,0.05263157894736842,158584.4964572626,pre
baseline,training,D1-043_T1FS,D1-043,T1FS,/Users/sg2162/Datasets/CancerDatasets/Endometriosis/EndoMRI_All/segmentations/BiomedParse/D1-043_T1FS_endometrioma.nii.gz,/Users/sg2162/Datasets/CancerDatasets/Endometriosis/EndoMRI_All/labels/D1-043_T1FS_seg.nii.gz,0.5,True,9,1,1,0,8,1.0,0.1111111111111111,308540.99310727254,pre
baseline,training,D1-017_T2,D1-017,T2,/Users/sg2162/Datasets/CancerDatasets/Endometriosis/EndoMRI_All/segmentations/BiomedParse/D1-017_T2_endometrioma.nii.gz,/Users/sg2162/Datasets/CancerDatasets/Endometriosis/EndoMRI_All/labels/D1-017_T2_seg.nii.gz,0.5,True,18,6,2,4,16,0.3333333333333333,0.1111111111111111,366134.0287463809,pre
baseline,training,D1-017_T1FS,D1-017,T1FS,/Users/sg2162/Datasets/CancerDatasets/Endometriosis/EndoMRI_All/segmentations/BiomedParse/D1-017_T1FS_endometrioma.nii.gz,/Users/sg2162/Datasets/CancerDatasets/Endometriosis/EndoMRI_All/labels/D1-017_T1FS_seg.nii.gz,0.5,False,6,0,0,0,6,,0.0,796359.60686136,pre
baseline,internal_test,D1-028_T1FS,D1-028,T1FS,/Users/sg2162/Datasets/CancerDatasets/Endometriosis/EndoMRI_All/segmentations/BiomedParse/D1-028_T1FS_endometrioma.nii.gz,/Users/sg2162/Datasets/CancerDatasets/Endometriosis/EndoMRI_All/labels/D1-028_T1FS_seg.nii.gz,0.5,True,25,1,1,0,24,1.0,0.04,88063.49841437832,pre
baseline,training,D1-028_T2,D1-028,T2,/Users/sg2162/Datasets/CancerDatasets/Endometriosis/EndoMRI_All/segmentations/BiomedParse/D1-028_T2_endometrioma.nii.gz,/Users/sg2162/Datasets/CancerDatasets/Endometriosis/EndoMRI_All/labels/D1-028_T2_seg.nii.gz,0.5,False,17,0,0,0,17,,0.0,256769.27734988023,pre
baseline,training,D1-026_T1FS,D1-026,T1FS,/Users/sg2162/Datasets/CancerDatasets/Endometriosis/EndoMRI_All/segmentations/BiomedParse/D1-026_T1FS_endometrioma.nii.gz,/Users/sg2162/Datasets/CancerDatasets/Endometriosis/EndoMRI_All/labels/D1-026_T1FS_seg.nii.gz,0.5,True,32,2,1,1,30,0.5,0.0625,146532.00924198944,pre
baseline,training,D1-026_T2,D1-026,T2,/Users/sg2162/Datasets/CancerDatasets/Endometriosis/EndoMRI_All/segmentations/BiomedParse/D1-026_T2_endometrioma.nii.gz,/Users/sg2162/Datasets/CancerDatasets/Endometriosis/EndoMRI_All/labels/D1-026_T2_seg.nii.gz,0.5,False,21,0,0,0,21,,0.0,154601.26706377053,pre
baseline,internal_test,D1-019_T1FS,D1-019,T1FS,/Users/sg2162/Datasets/CancerDatasets/Endometriosis/EndoMRI_All/segmentations/BiomedParse/D1-019_T1FS_endometrioma.nii.gz,/Users/sg2162/Datasets/CancerDatasets/Endometriosis/EndoMRI_All/labels/D1-019_T1FS_seg.nii.gz,0.5,True,65,3,2,1,63,0.6666666666666666,0.03076923076923077,94001.25665025026,pre
baseline,training,D1-021_T1FS,D1-021,T1FS,/Users/sg2162/Datasets/CancerDatasets/Endometriosis/EndoMRI_All/segmentations/BiomedParse/D1-021_T1FS_endometrioma.nii.gz,/Users/sg2162/Datasets/CancerDatasets/Endometriosis/EndoMRI_All/labels/D1-021_T1FS_seg.nii.gz,0.5,False,26,0,0,0,26,,0.0,156940.00169760277,pre
baseline,training,D1-021_T2,D1-021,T2,/Users/sg2162/Datasets/CancerDatasets/Endometriosis/EndoMRI_All/segmentations/BiomedParse/D1-021_T2_endometrioma.nii.gz,/Users/sg2162/Datasets/CancerDatasets/Endometriosis/EndoMRI_All/labels/D1-021_T2_seg.nii.gz,0.5,True,19,2,2,0,17,1.0,0.10526315789473684,94955.500535382,pre
baseline,training,D1-042_T2,D1-042,T2,/Users/sg2162/Datasets/CancerDatasets/Endometriosis/EndoMRI_All/segmentations/BiomedParse/D1-042_T2_endometrioma.nii.gz,/Users/sg2162/Datasets/CancerDatasets/Endometriosis/EndoMRI_All/labels/D1-042_T2_seg.nii.gz,0.5,False,10,0,0,0,10,,0.0,404555.20253750554,pre
baseline,training,D1-045_T2,D1-045,T2,/Users/sg2162/Datasets/CancerDatasets/Endometriosis/EndoMRI_All/segmentations/BiomedParse/D1-045_T2_endometrioma.nii.gz,/Users/sg2162/Datasets/CancerDatasets/Endometriosis/EndoMRI_All/labels/D1-045_T2_seg.nii.gz,0.5,True,16,1,1,0,15,1.0,0.0625,476984.6430915277,pre
baseline,training,D1-020_T2,D1-020,T2,/Users/sg2162/Datasets/CancerDatasets/Endometriosis/EndoMRI_All/segmentations/BiomedParse/D1-020_T2_endometrioma.nii.gz,/Users/sg2162/Datasets/CancerDatasets/Endometriosis/EndoMRI_All/labels/D1-020_T2_seg.nii.gz,0.5,False,20,0,0,0,20,,0.0,144917.30200081153,pre
baseline,training,D1-020_T1FS,D1-020,T1FS,/Users/sg2162/Datasets/CancerDatasets/Endometriosis/EndoMRI_All/segmentations/BiomedParse/D1-020_T1FS_endometrioma.nii.gz,/Users/sg2162/Datasets/CancerDatasets/Endometriosis/EndoMRI_All/labels/D1-020_T1FS_seg.nii.gz,0.5,True,27,7,3,4,26,0.42857142857142855,0.037037037037037035,82260.20610825003,pre
baseline,training,D1-018_T1FS,D1-018,T1FS,/Users/sg2162/Datasets/CancerDatasets/Endometriosis/EndoMRI_All/segmentations/BiomedParse/D1-018_T1FS_endometrioma.nii.gz,/Users/sg2162/Datasets/CancerDatasets/Endometriosis/EndoMRI_All/labels/D1-018_T1FS_seg.nii.gz,0.5,True,26,2,1,1,24,0.5,0.07692307692307693,129455.25013520395,pre
baseline,internal_test,D1-029_T2,D1-029,T2,/Users/sg2162/Datasets/CancerDatasets/Endometriosis/EndoMRI_All/segmentations/BiomedParse/D1-029_T2_endometrioma.nii.gz,/Users/sg2162/Datasets/CancerDatasets/Endometriosis/EndoMRI_All/labels/D1-029_T2_seg.nii.gz,0.5,True,23,1,1,0,22,1.0,0.043478260869565216,238163.0826340382,pre
baseline,training,D1-029_T1FS,D1-029,T1FS,/Users/sg2162/Datasets/CancerDatasets/Endometriosis/EndoMRI_All/segmentations/BiomedParse/D1-029_T1FS_endometrioma.nii.gz,/Users/sg2162/Datasets/CancerDatasets/Endometriosis/EndoMRI_All/labels/D1-029_T1FS_seg.nii.gz,0.5,True,44,1,1,0,43,1.0,0.022727272727272728,125917.49222463129,pre
baseline,training,D1-005_T2,D1-005,T2,/Users/sg2162/Datasets/CancerDatasets/Endometriosis/EndoMRI_All/segmentations/BiomedParse/D1-005_T2_endometrioma.nii.gz,/Users/sg2162/Datasets/CancerDatasets/Endometriosis/EndoMRI_All/labels/D1-005_T2_seg.nii.gz,0.5,True,24,1,1,0,23,1.0,0.041666666666666664,103095.4575300944,pre
baseline,internal_test,D1-002_T2,D1-002,T2,/Users/sg2162/Datasets/CancerDatasets/Endometriosis/EndoMRI_All/segmentations/BiomedParse/D1-002_T2_endometrioma.nii.gz,/Users/sg2162/Datasets/CancerDatasets/Endometriosis/EndoMRI_All/labels/D1-002_T2_seg.nii.gz,0.5,False,23,0,0,0,23,,0.0,265643.625,pre
baseline,training,D1-003_T2,D1-003,T2,/Users/sg2162/Datasets/CancerDatasets/Endometriosis/EndoMRI_All/segmentations/BiomedParse/D1-003_T2_endometrioma.nii.gz,/Users/sg2162/Datasets/CancerDatasets/Endometriosis/EndoMRI_All/labels/D1-003_T2_seg.nii.gz,0.5,True,22,1,1,0,21,1.0,0.045454545454545456,248643.7618093966,pre
baseline,training,D1-004_T2,D1-004,T2,/Users/sg2162/Datasets/CancerDatasets/Endometriosis/EndoMRI_All/segmentations/BiomedParse/D1-004_T2_endometrioma.nii.gz,/Users/sg2162/Datasets/CancerDatasets/Endometriosis/EndoMRI_All/labels/D1-004_T2_seg.nii.gz,0.5,False,15,0,0,0,15,,0.0,627180.027315356,pre
baseline,training,D1-032_T2,D1-032,T2,/Users/sg2162/Datasets/CancerDatasets/Endometriosis/EndoMRI_All/segmentations/BiomedParse/D1-032_T2_endometrioma.nii.gz,/Users/sg2162/Datasets/CancerDatasets/Endometriosis/EndoMRI_All/labels/D1-032_T2_seg.nii.gz,0.5,False,12,0,0,0,12,,0.0,115520.00215939542,pre
baseline,internal_test,D1-035_T2,D1-035,T2,/Users/sg2162/Datasets/CancerDatasets/Endometriosis/EndoMRI_All/segmentations/BiomedParse/D1-035_T2_endometrioma.nii.gz,/Users/sg2162/Datasets/CancerDatasets/Endometriosis/EndoMRI_All/labels/D1-035_T2_seg.nii.gz,0.5,False,11,0,0,0,11,,0.0,223933.125,pre
baseline,training,D1-035_T1FS,D1-035,T1FS,/Users/sg2162/Datasets/CancerDatasets/Endometriosis/EndoMRI_All/segmentations/BiomedParse/D1-035_T1FS_endometrioma.nii.gz,/Users/sg2162/Datasets/CancerDatasets/Endometriosis/EndoMRI_All/labels/D1-035_T1FS_seg.nii.gz,0.5,True,15,5,5,0,13,1.0,0.13333333333333333,92712.37632697458,pre
baseline,training,D1-050_T1FS,D1-050,T1FS,/Users/sg2162/Datasets/CancerDatasets/Endometriosis/EndoMRI_All/segmentations/BiomedParse/D1-050_T1FS_endometrioma.nii.gz,/Users/sg2162/Datasets/CancerDatasets/Endometriosis/EndoMRI_All/labels/D1-050_T1FS_seg.nii.gz,0.5,True,22,1,1,0,21,1.0,0.045454545454545456,258308.33892411253,pre
baseline,external_test,D2-024_T2FS,D2-024,T2FS,/Users/sg2162/Datasets/CancerDatasets/Endometriosis/EndoMRI_All/segmentations/BiomedParse/D2-024_T2FS_endometrioma.nii.gz,/Users/sg2162/Datasets/CancerDatasets/Endometriosis/EndoMRI_All/labels/D2-024_T2FS_seg.nii.gz,0.5,False,23,0,0,0,23,,0.0,135355.22827554357,pre
baseline,external_test,D2-023_T2FS,D2-023,T2FS,/Users/sg2162/Datasets/CancerDatasets/Endometriosis/EndoMRI_All/segmentations/BiomedParse/D2-023_T2FS_endometrioma.nii.gz,/Users/sg2162/Datasets/CancerDatasets/Endometriosis/EndoMRI_All/labels/D2-023_T2FS_seg.nii.gz,0.5,False,23,0,0,0,23,,0.0,111320.51528478651,pre
baseline,external_test,D2-015_T2FS,D2-015,T2FS,/Users/sg2162/Datasets/CancerDatasets/Endometriosis/EndoMRI_All/segmentations/BiomedParse/D2-015_T2FS_endometrioma.nii.gz,/Users/sg2162/Datasets/CancerDatasets/Endometriosis/EndoMRI_All/labels/D2-015_T2FS_seg.nii.gz,0.5,False,25,0,0,0,25,,0.0,115427.65727859954,pre
baseline,external_test,D2-012_T2FS,D2-012,T2FS,/Users/sg2162/Datasets/CancerDatasets/Endometriosis/EndoMRI_All/segmentations/BiomedParse/D2-012_T2FS_endometrioma.nii.gz,/Users/sg2162/Datasets/CancerDatasets/Endometriosis/EndoMRI_All/labels/D2-012_T2FS_seg.nii.gz,0.5,False,21,0,0,0,21,,0.0,124721.5984233146,pre
baseline,external_test,D2-079_T2FS,D2-079,T2FS,/Users/sg2162/Datasets/CancerDatasets/Endometriosis/EndoMRI_All/segmentations/BiomedParse/D2-079_T2FS_endometrioma.nii.gz,/Users/sg2162/Datasets/CancerDatasets/Endometriosis/EndoMRI_All/labels/D2-079_T2FS_seg.nii.gz,0.5,True,15,1,1,0,14,1.0,0.06666666666666667,129834.29197259479,pre
baseline,external_test,D2-046_T2FS,D2-046,T2FS,/Users/sg2162/Datasets/CancerDatasets/Endometriosis/EndoMRI_All/segmentations/BiomedParse/D2-046_T2FS_endometrioma.nii.gz,/Users/sg2162/Datasets/CancerDatasets/Endometriosis/EndoMRI_All/labels/D2-046_T2FS_seg.nii.gz,0.5,False,22,0,0,0,22,,0.0,145828.86137172751,pre
baseline,external_test,D2-041_T2FS,D2-041,T2FS,/Users/sg2162/Datasets/CancerDatasets/Endometriosis/EndoMRI_All/segmentations/BiomedParse/D2-041_T2FS_endometrioma.nii.gz,/Users/sg2162/Datasets/CancerDatasets/Endometriosis/EndoMRI_All/labels/D2-041_T2FS_seg.nii.gz,0.5,True,33,1,1,0,32,1.0,0.030303030303030304,350664.80088455015,pre
baseline,external_test,D2-048_T2FS,D2-048,T2FS,/Users/sg2162/Datasets/CancerDatasets/Endometriosis/EndoMRI_All/segmentations/BiomedParse/D2-048_T2FS_endometrioma.nii.gz,/Users/sg2162/Datasets/CancerDatasets/Endometriosis/EndoMRI_All/labels/D2-048_T2FS_seg.nii.gz,0.5,False,16,0,0,0,16,,0.0,212884.41005651935,pre
baseline,external_test,D2-048_T2,D2-048,T2,/Users/sg2162/Datasets/CancerDatasets/Endometriosis/EndoMRI_All/segmentations/BiomedParse/D2-048_T2_endometrioma.nii.gz,/Users/sg2162/Datasets/CancerDatasets/Endometriosis/EndoMRI_All/labels/D2-048_T2_seg.nii.gz,0.5,False,22,0,0,0,22,,0.0,199080.38053239536,pre
baseline,external_test,D2-077_T2FS,D2-077,T2FS,/Users/sg2162/Datasets/CancerDatasets/Endometriosis/EndoMRI_All/segmentations/BiomedParse/D2-077_T2FS_endometrioma.nii.gz,/Users/sg2162/Datasets/CancerDatasets/Endometriosis/EndoMRI_All/labels/D2-077_T2FS_seg.nii.gz,0.5,True,12,1,1,0,11,1.0,0.08333333333333333,195439.45436762192,pre
baseline,external_test,D2-070_T2FS,D2-070,T2FS,/Users/sg2162/Datasets/CancerDatasets/Endometriosis/EndoMRI_All/segmentations/BiomedParse/D2-070_T2FS_endometrioma.nii.gz,/Users/sg2162/Datasets/CancerDatasets/Endometriosis/EndoMRI_All/labels/D2-070_T2FS_seg.nii.gz,0.5,True,24,1,1,0,23,1.0,0.041666666666666664,162304.01876649982,pre
baseline,external_test,D2-013_T2FS,D2-013,T2FS,/Users/sg2162/Datasets/CancerDatasets/Endometriosis/EndoMRI_All/segmentations/BiomedParse/D2-013_T2FS_endometrioma.nii.gz,/Users/sg2162/Datasets/CancerDatasets/Endometriosis/EndoMRI_All/labels/D2-013_T2FS_seg.nii.gz,0.5,False,25,0,0,0,25,,0.0,117026.36292267816,pre
baseline,external_test,D2-014_T2FS,D2-014,T2FS,/Users/sg2162/Datasets/CancerDatasets/Endometriosis/EndoMRI_All/segmentations/BiomedParse/D2-014_T2FS_endometrioma.nii.gz,/Users/sg2162/Datasets/CancerDatasets/Endometriosis/EndoMRI_All/labels/D2-014_T2FS_seg.nii.gz,0.5,False,18,0,0,0,18,,0.0,158178.72950726413,pre
baseline,external_test,D2-022_T2FS,D2-022,T2FS,/Users/sg2162/Datasets/CancerDatasets/Endometriosis/EndoMRI_All/segmentations/BiomedParse/D2-022_T2FS_endometrioma.nii.gz,/Users/sg2162/Datasets/CancerDatasets/Endometriosis/EndoMRI_All/labels/D2-022_T2FS_seg.nii.gz,0.5,False,22,0,0,0,22,,0.0,108465.81168729204,pre
baseline,external_test,D2-025_T2FS,D2-025,T2FS,/Users/sg2162/Datasets/CancerDatasets/Endometriosis/EndoMRI_All/segmentations/BiomedParse/D2-025_T2FS_endometrioma.nii.gz,/Users/sg2162/Datasets/CancerDatasets/Endometriosis/EndoMRI_All/labels/D2-025_T2FS_seg.nii.gz,0.5,False,18,0,0,0,18,,0.0,114442.42134364061,pre
baseline,external_test,D2-071_T2FS,D2-071,T2FS,/Users/sg2162/Datasets/CancerDatasets/Endometriosis/EndoMRI_All/segmentations/BiomedParse/D2-071_T2FS_endometrioma.nii.gz,/Users/sg2162/Datasets/CancerDatasets/Endometriosis/EndoMRI_All/labels/D2-071_T2FS_seg.nii.gz,0.5,True,25,1,1,0,24,1.0,0.04,261687.04228193557,pre
baseline,external_test,D2-049_T2FS,D2-049,T2FS,/Users/sg2162/Datasets/CancerDatasets/Endometriosis/EndoMRI_All/segmentations/BiomedParse/D2-049_T2FS_endometrioma.nii.gz,/Users/sg2162/Datasets/CancerDatasets/Endometriosis/EndoMRI_All/labels/D2-049_T2FS_seg.nii.gz,0.5,False,19,0,0,0,19,,0.0,170850.30516473282,pre
baseline,external_test,D2-076_T2FS,D2-076,T2FS,/Users/sg2162/Datasets/CancerDatasets/Endometriosis/EndoMRI_All/segmentations/BiomedParse/D2-076_T2FS_endometrioma.nii.gz,/Users/sg2162/Datasets/CancerDatasets/Endometriosis/EndoMRI_All/labels/D2-076_T2FS_seg.nii.gz,0.5,False,24,0,0,0,24,,0.0,168749.99613956432,pre
baseline,external_test,D2-040_T2FS,D2-040,T2FS,/Users/sg2162/Datasets/CancerDatasets/Endometriosis/EndoMRI_All/segmentations/BiomedParse/D2-040_T2FS_endometrioma.nii.gz,/Users/sg2162/Datasets/CancerDatasets/Endometriosis/EndoMRI_All/labels/D2-040_T2FS_seg.nii.gz,0.5,True,22,1,1,0,21,1.0,0.045454545454545456,111240.23270383268,pre
baseline,external_test,D2-078_T2FS,D2-078,T2FS,/Users/sg2162/Datasets/CancerDatasets/Endometriosis/EndoMRI_All/segmentations/BiomedParse/D2-078_T2FS_endometrioma.nii.gz,/Users/sg2162/Datasets/CancerDatasets/Endometriosis/EndoMRI_All/labels/D2-078_T2FS_seg.nii.gz,0.5,True,22,2,1,1,21,0.5,0.045454545454545456,83693.84134201867,pre
baseline,external_test,D2-047_T2,D2-047,T2,/Users/sg2162/Datasets/CancerDatasets/Endometriosis/EndoMRI_All/segmentations/BiomedParse/D2-047_T2_endometrioma.nii.gz,/Users/sg2162/Datasets/CancerDatasets/Endometriosis/EndoMRI_All/labels/D2-047_T2_seg.nii.gz,0.5,False,10,0,0,0,10,,0.0,91339.70168770966,pre
baseline,external_test,D2-047_T2FS,D2-047,T2FS,/Users/sg2162/Datasets/CancerDatasets/Endometriosis/EndoMRI_All/segmentations/BiomedParse/D2-047_T2FS_endometrioma.nii.gz,/Users/sg2162/Datasets/CancerDatasets/Endometriosis/EndoMRI_All/labels/D2-047_T2FS_seg.nii.gz,0.5,False,18,0,0,0,18,,0.0,186585.98939464925,pre
baseline,external_test,D2-065_T2FS,D2-065,T2FS,/Users/sg2162/Datasets/CancerDatasets/Endometriosis/EndoMRI_All/segmentations/BiomedParse/D2-065_T2FS_endometrioma.nii.gz,/Users/sg2162/Datasets/CancerDatasets/Endometriosis/EndoMRI_All/labels/D2-065_T2FS_seg.nii.gz,0.5,False,21,0,0,0,21,,0.0,128646.06147768421,pre
baseline,external_test,D2-062_T2FS,D2-062,T2FS,/Users/sg2162/Datasets/CancerDatasets/Endometriosis/EndoMRI_All/segmentations/BiomedParse/D2-062_T2FS_endometrioma.nii.gz,/Users/sg2162/Datasets/CancerDatasets/Endometriosis/EndoMRI_All/labels/D2-062_T2FS_seg.nii.gz,0.5,False,18,0,0,0,18,,0.0,225351.5563334868,pre
baseline,external_test,D2-054_T2FS,D2-054,T2FS,/Users/sg2162/Datasets/CancerDatasets/Endometriosis/EndoMRI_All/segmentations/BiomedParse/D2-054_T2FS_endometrioma.nii.gz,/Users/sg2162/Datasets/CancerDatasets/Endometriosis/EndoMRI_All/labels/D2-054_T2FS_seg.nii.gz,0.5,True,14,1,1,0,12,1.0,0.14285714285714285,176575.91920483878,pre
baseline,external_test,D2-053_T2,D2-053,T2,/Users/sg2162/Datasets/CancerDatasets/Endometriosis/EndoMRI_All/segmentations/BiomedParse/D2-053_T2_endometrioma.nii.gz,/Users/sg2162/Datasets/CancerDatasets/Endometriosis/EndoMRI_All/labels/D2-053_T2_seg.nii.gz,0.5,False,11,0,0,0,11,,0.0,161566.3090660051,pre
baseline,external_test,D2-053_T2FS,D2-053,T2FS,/Users/sg2162/Datasets/CancerDatasets/Endometriosis/EndoMRI_All/segmentations/BiomedParse/D2-053_T2FS_endometrioma.nii.gz,/Users/sg2162/Datasets/CancerDatasets/Endometriosis/EndoMRI_All/labels/D2-053_T2FS_seg.nii.gz,0.5,False,18,0,0,0,18,,0.0,162386.96333427686,pre
baseline,external_test,D2-038_T2FS,D2-038,T2FS,/Users/sg2162/Datasets/CancerDatasets/Endometriosis/EndoMRI_All/segmentations/BiomedParse/D2-038_T2FS_endometrioma.nii.gz,/Users/sg2162/Datasets/CancerDatasets/Endometriosis/EndoMRI_All/labels/D2-038_T2FS_seg.nii.gz,0.5,False,27,0,0,0,27,,0.0,223824.46895303015,pre
baseline,external_test,D2-007_T2,D2-007,T2,/Users/sg2162/Datasets/CancerDatasets/Endometriosis/EndoMRI_All/segmentations/BiomedParse/D2-007_T2_endometrioma.nii.gz,/Users/sg2162/Datasets/CancerDatasets/Endometriosis/EndoMRI_All/labels/D2-007_T2_seg.nii.gz,0.5,False,14,0,0,0,14,,0.0,119778.70204721364,pre
baseline,external_test,D2-007_T2FS,D2-007,T2FS,/Users/sg2162/Datasets/CancerDatasets/Endometriosis/EndoMRI_All/segmentations/BiomedParse/D2-007_T2FS_endometrioma.nii.gz,/Users/sg2162/Datasets/CancerDatasets/Endometriosis/EndoMRI_All/labels/D2-007_T2FS_seg.nii.gz,0.5,False,17,0,0,0,17,,0.0,66402.20887735634,pre
baseline,external_test,D2-000_T2FS,D2-000,T2FS,/Users/sg2162/Datasets/CancerDatasets/Endometriosis/EndoMRI_All/segmentations/BiomedParse/D2-000_T2FS_endometrioma.nii.gz,/Users/sg2162/Datasets/CancerDatasets/Endometriosis/EndoMRI_All/labels/D2-000_T2FS_seg.nii.gz,0.5,False,18,0,0,0,18,,0.0,189052.99696314716,pre
baseline,external_test,D2-000_T2,D2-000,T2,/Users/sg2162/Datasets/CancerDatasets/Endometriosis/EndoMRI_All/segmentations/BiomedParse/D2-000_T2_endometrioma.nii.gz,/Users/sg2162/Datasets/CancerDatasets/Endometriosis/EndoMRI_All/labels/D2-000_T2_seg.nii.gz,0.5,False,13,0,0,0,13,,0.0,162025.1042445633,pre
baseline,external_test,D2-009_T2FS,D2-009,T2FS,/Users/sg2162/Datasets/CancerDatasets/Endometriosis/EndoMRI_All/segmentations/BiomedParse/D2-009_T2FS_endometrioma.nii.gz,/Users/sg2162/Datasets/CancerDatasets/Endometriosis/EndoMRI_All/labels/D2-009_T2FS_seg.nii.gz,0.5,True,17,1,0,1,17,0.0,0.0,66402.20887735634,pre
baseline,external_test,D2-009_T2,D2-009,T2,/Users/sg2162/Datasets/CancerDatasets/Endometriosis/EndoMRI_All/segmentations/BiomedParse/D2-009_T2_endometrioma.nii.gz,/Users/sg2162/Datasets/CancerDatasets/Endometriosis/EndoMRI_All/labels/D2-009_T2_seg.nii.gz,0.5,True,14,1,1,0,13,1.0,0.07142857142857142,119697.31484916175,pre
baseline,external_test,D2-052_T2FS,D2-052,T2FS,/Users/sg2162/Datasets/CancerDatasets/Endometriosis/EndoMRI_All/segmentations/BiomedParse/D2-052_T2FS_endometrioma.nii.gz,/Users/sg2162/Datasets/CancerDatasets/Endometriosis/EndoMRI_All/labels/D2-052_T2FS_seg.nii.gz,0.5,False,18,0,0,0,18,,0.0,236646.04295843028,pre
baseline,external_test,D2-052_T2,D2-052,T2,/Users/sg2162/Datasets/CancerDatasets/Endometriosis/EndoMRI_All/segmentations/BiomedParse/D2-052_T2_endometrioma.nii.gz,/Users/sg2162/Datasets/CancerDatasets/Endometriosis/EndoMRI_All/labels/D2-052_T2_seg.nii.gz,0.5,False,16,0,0,0,16,,0.0,248352.07861270962,pre
baseline,external_test,D2-055_T2FS,D2-055,T2FS,/Users/sg2162/Datasets/CancerDatasets/Endometriosis/EndoMRI_All/segmentations/BiomedParse/D2-055_T2FS_endometrioma.nii.gz,/Users/sg2162/Datasets/CancerDatasets/Endometriosis/EndoMRI_All/labels/D2-055_T2FS_seg.nii.gz,0.5,False,22,0,0,0,22,,0.0,109171.15561581371,pre
baseline,external_test,D2-064_T2FS,D2-064,T2FS,/Users/sg2162/Datasets/CancerDatasets/Endometriosis/EndoMRI_All/segmentations/BiomedParse/D2-064_T2FS_endometrioma.nii.gz,/Users/sg2162/Datasets/CancerDatasets/Endometriosis/EndoMRI_All/labels/D2-064_T2FS_seg.nii.gz,0.5,False,17,0,0,0,17,,0.0,126126.70826143812,pre
baseline,external_test,D2-008_T2FS,D2-008,T2FS,/Users/sg2162/Datasets/CancerDatasets/Endometriosis/EndoMRI_All/segmentations/BiomedParse/D2-008_T2FS_endometrioma.nii.gz,/Users/sg2162/Datasets/CancerDatasets/Endometriosis/EndoMRI_All/labels/D2-008_T2FS_seg.nii.gz,0.5,False,16,0,0,0,16,,0.0,160305.16791847965,pre
baseline,external_test,D2-001_T2FS,D2-001,T2FS,/Users/sg2162/Datasets/CancerDatasets/Endometriosis/EndoMRI_All/segmentations/BiomedParse/D2-001_T2FS_endometrioma.nii.gz,/Users/sg2162/Datasets/CancerDatasets/Endometriosis/EndoMRI_All/labels/D2-001_T2FS_seg.nii.gz,0.5,False,15,0,0,0,15,,0.0,222231.4483731753,pre
baseline,external_test,D2-039_T2FS,D2-039,T2FS,/Users/sg2162/Datasets/CancerDatasets/Endometriosis/EndoMRI_All/segmentations/BiomedParse/D2-039_T2FS_endometrioma.nii.gz,/Users/sg2162/Datasets/CancerDatasets/Endometriosis/EndoMRI_All/labels/D2-039_T2FS_seg.nii.gz,0.5,False,18,0,0,0,18,,0.0,155101.33657039874,pre
baseline,external_test,D2-006_T2FS,D2-006,T2FS,/Users/sg2162/Datasets/CancerDatasets/Endometriosis/EndoMRI_All/segmentations/BiomedParse/D2-006_T2FS_endometrioma.nii.gz,/Users/sg2162/Datasets/CancerDatasets/Endometriosis/EndoMRI_All/labels/D2-006_T2FS_seg.nii.gz,0.5,False,31,0,0,0,31,,0.0,96133.49863112903,pre
baseline,external_test,D2-042_T2FS,D2-042,T2FS,/Users/sg2162/Datasets/CancerDatasets/Endometriosis/EndoMRI_All/segmentations/BiomedParse/D2-042_T2FS_endometrioma.nii.gz,/Users/sg2162/Datasets/CancerDatasets/Endometriosis/EndoMRI_All/labels/D2-042_T2FS_seg.nii.gz,0.5,False,21,0,0,0,21,,0.0,160655.57023960253,pre
baseline,external_test,D2-042_T2,D2-042,T2,/Users/sg2162/Datasets/CancerDatasets/Endometriosis/EndoMRI_All/segmentations/BiomedParse/D2-042_T2_endometrioma.nii.gz,/Users/sg2162/Datasets/CancerDatasets/Endometriosis/EndoMRI_All/labels/D2-042_T2_seg.nii.gz,0.5,False,21,0,0,0,21,,0.0,160655.57023960253,pre
baseline,external_test,D2-045_T2FS,D2-045,T2FS,/Users/sg2162/Datasets/CancerDatasets/Endometriosis/EndoMRI_All/segmentations/BiomedParse/D2-045_T2FS_endometrioma.nii.gz,/Users/sg2162/Datasets/CancerDatasets/Endometriosis/EndoMRI_All/labels/D2-045_T2FS_seg.nii.gz,0.5,False,17,0,0,0,17,,0.0,120065.9196119886,pre
baseline,external_test,D2-073_T2FS,D2-073,T2FS,/Users/sg2162/Datasets/CancerDatasets/Endometriosis/EndoMRI_All/segmentations/BiomedParse/D2-073_T2FS_endometrioma.nii.gz,/Users/sg2162/Datasets/CancerDatasets/Endometriosis/EndoMRI_All/labels/D2-073_T2FS_seg.nii.gz,0.5,False,18,0,0,0,18,,0.0,100177.318467954,pre
baseline,external_test,D2-080_T2FS,D2-080,T2FS,/Users/sg2162/Datasets/CancerDatasets/Endometriosis/EndoMRI_All/segmentations/BiomedParse/D2-080_T2FS_endometrioma.nii.gz,/Users/sg2162/Datasets/CancerDatasets/Endometriosis/EndoMRI_All/labels/D2-080_T2FS_seg.nii.gz,0.5,False,28,0,0,0,28,,0.0,127305.9169609449,pre
baseline,external_test,D2-074_T2FS,D2-074,T2FS,/Users/sg2162/Datasets/CancerDatasets/Endometriosis/EndoMRI_All/segmentations/BiomedParse/D2-074_T2FS_endometrioma.nii.gz,/Users/sg2162/Datasets/CancerDatasets/Endometriosis/EndoMRI_All/labels/D2-074_T2FS_seg.nii.gz,0.5,False,20,0,0,0,20,,0.0,161073.96965378095,pre
baseline,external_test,D2-020_T2FS,D2-020,T2FS,/Users/sg2162/Datasets/CancerDatasets/Endometriosis/EndoMRI_All/segmentations/BiomedParse/D2-020_T2FS_endometrioma.nii.gz,/Users/sg2162/Datasets/CancerDatasets/Endometriosis/EndoMRI_All/labels/D2-020_T2FS_seg.nii.gz,0.5,False,19,0,0,0,19,,0.0,249008.77298446753,pre
baseline,external_test,D2-027_T2FS,D2-027,T2FS,/Users/sg2162/Datasets/CancerDatasets/Endometriosis/EndoMRI_All/segmentations/BiomedParse/D2-027_T2FS_endometrioma.nii.gz,/Users/sg2162/Datasets/CancerDatasets/Endometriosis/EndoMRI_All/labels/D2-027_T2FS_seg.nii.gz,0.5,False,16,0,0,0,16,,0.0,130926.09946832465,pre
baseline,external_test,D2-018_T2FS,D2-018,T2FS,/Users/sg2162/Datasets/CancerDatasets/Endometriosis/EndoMRI_All/segmentations/BiomedParse/D2-018_T2FS_endometrioma.nii.gz,/Users/sg2162/Datasets/CancerDatasets/Endometriosis/EndoMRI_All/labels/D2-018_T2FS_seg.nii.gz,0.5,False,21,0,0,0,21,,0.0,154708.89649519388,pre
baseline,external_test,D2-011_T2FS,D2-011,T2FS,/Users/sg2162/Datasets/CancerDatasets/Endometriosis/EndoMRI_All/segmentations/BiomedParse/D2-011_T2FS_endometrioma.nii.gz,/Users/sg2162/Datasets/CancerDatasets/Endometriosis/EndoMRI_All/labels/D2-011_T2FS_seg.nii.gz,0.5,False,22,0,0,0,22,,0.0,121586.46280872729,pre
baseline,external_test,D2-016_T2FS,D2-016,T2FS,/Users/sg2162/Datasets/CancerDatasets/Endometriosis/EndoMRI_All/segmentations/BiomedParse/D2-016_T2FS_endometrioma.nii.gz,/Users/sg2162/Datasets/CancerDatasets/Endometriosis/EndoMRI_All/labels/D2-016_T2FS_seg.nii.gz,0.5,False,16,0,0,0,16,,0.0,210740.76945288086,pre
baseline,external_test,D2-029_T2FS,D2-029,T2FS,/Users/sg2162/Datasets/CancerDatasets/Endometriosis/EndoMRI_All/segmentations/BiomedParse/D2-029_T2FS_endometrioma.nii.gz,/Users/sg2162/Datasets/CancerDatasets/Endometriosis/EndoMRI_All/labels/D2-029_T2FS_seg.nii.gz,0.5,False,22,0,0,0,22,,0.0,78602.1834004479,pre
baseline,external_test,D2-075_T2FS,D2-075,T2FS,/Users/sg2162/Datasets/CancerDatasets/Endometriosis/EndoMRI_All/segmentations/BiomedParse/D2-075_T2FS_endometrioma.nii.gz,/Users/sg2162/Datasets/CancerDatasets/Endometriosis/EndoMRI_All/labels/D2-075_T2FS_seg.nii.gz,0.5,False,27,0,0,0,27,,0.0,151688.11467716921,pre
baseline,external_test,D2-072_T2FS,D2-072,T2FS,/Users/sg2162/Datasets/CancerDatasets/Endometriosis/EndoMRI_All/segmentations/BiomedParse/D2-072_T2FS_endometrioma.nii.gz,/Users/sg2162/Datasets/CancerDatasets/Endometriosis/EndoMRI_All/labels/D2-072_T2FS_seg.nii.gz,0.5,True,11,1,1,0,10,1.0,0.09090909090909091,166307.36423791005,pre
baseline,external_test,D2-044_T2FS,D2-044,T2FS,/Users/sg2162/Datasets/CancerDatasets/Endometriosis/EndoMRI_All/segmentations/BiomedParse/D2-044_T2FS_endometrioma.nii.gz,/Users/sg2162/Datasets/CancerDatasets/Endometriosis/EndoMRI_All/labels/D2-044_T2FS_seg.nii.gz,0.5,False,10,0,0,0,10,,0.0,143441.1379512126,pre
baseline,external_test,D2-043_T2FS,D2-043,T2FS,/Users/sg2162/Datasets/CancerDatasets/Endometriosis/EndoMRI_All/segmentations/BiomedParse/D2-043_T2FS_endometrioma.nii.gz,/Users/sg2162/Datasets/CancerDatasets/Endometriosis/EndoMRI_All/labels/D2-043_T2FS_seg.nii.gz,0.5,False,26,0,0,0,26,,0.0,237276.46412395503,pre
baseline,external_test,D2-043_T2,D2-043,T2,/Users/sg2162/Datasets/CancerDatasets/Endometriosis/EndoMRI_All/segmentations/BiomedParse/D2-043_T2_endometrioma.nii.gz,/Users/sg2162/Datasets/CancerDatasets/Endometriosis/EndoMRI_All/labels/D2-043_T2_seg.nii.gz,0.5,False,11,0,0,0,11,,0.0,96207.03202806528,pre
baseline,external_test,D2-017_T2FS,D2-017,T2FS,/Users/sg2162/Datasets/CancerDatasets/Endometriosis/EndoMRI_All/segmentations/BiomedParse/D2-017_T2FS_endometrioma.nii.gz,/Users/sg2162/Datasets/CancerDatasets/Endometriosis/EndoMRI_All/labels/D2-017_T2FS_seg.nii.gz,0.5,False,20,0,0,0,20,,0.0,207972.22948305038,pre
baseline,external_test,D2-028_T2FS,D2-028,T2FS,/Users/sg2162/Datasets/CancerDatasets/Endometriosis/EndoMRI_All/segmentations/BiomedParse/D2-028_T2FS_endometrioma.nii.gz,/Users/sg2162/Datasets/CancerDatasets/Endometriosis/EndoMRI_All/labels/D2-028_T2FS_seg.nii.gz,0.5,False,27,0,0,0,27,,0.0,128411.79089694995,pre
baseline,external_test,D2-010_T2FS,D2-010,T2FS,/Users/sg2162/Datasets/CancerDatasets/Endometriosis/EndoMRI_All/segmentations/BiomedParse/D2-010_T2FS_endometrioma.nii.gz,/Users/sg2162/Datasets/CancerDatasets/Endometriosis/EndoMRI_All/labels/D2-010_T2FS_seg.nii.gz,0.5,False,18,0,0,0,18,,0.0,103325.21276959486,pre
baseline,external_test,D2-026_T2FS,D2-026,T2FS,/Users/sg2162/Datasets/CancerDatasets/Endometriosis/EndoMRI_All/segmentations/BiomedParse/D2-026_T2FS_endometrioma.nii.gz,/Users/sg2162/Datasets/CancerDatasets/Endometriosis/EndoMRI_All/labels/D2-026_T2FS_seg.nii.gz,0.5,False,27,0,0,0,27,,0.0,92812.49279644804,pre
baseline,external_test,D2-019_T2FS,D2-019,T2FS,/Users/sg2162/Datasets/CancerDatasets/Endometriosis/EndoMRI_All/segmentations/BiomedParse/D2-019_T2FS_endometrioma.nii.gz,/Users/sg2162/Datasets/CancerDatasets/Endometriosis/EndoMRI_All/labels/D2-019_T2FS_seg.nii.gz,0.5,False,10,0,0,0,10,,0.0,205560.84349019759,pre
baseline,external_test,D2-021_T2FS,D2-021,T2FS,/Users/sg2162/Datasets/CancerDatasets/Endometriosis/EndoMRI_All/segmentations/BiomedParse/D2-021_T2FS_endometrioma.nii.gz,/Users/sg2162/Datasets/CancerDatasets/Endometriosis/EndoMRI_All/labels/D2-021_T2FS_seg.nii.gz,0.5,False,21,0,0,0,21,,0.0,177273.9491625623,pre
baseline,external_test,D2-003_T2,D2-003,T2,/Users/sg2162/Datasets/CancerDatasets/Endometriosis/EndoMRI_All/segmentations/BiomedParse/D2-003_T2_endometrioma.nii.gz,/Users/sg2162/Datasets/CancerDatasets/Endometriosis/EndoMRI_All/labels/D2-003_T2_seg.nii.gz,0.5,False,25,0,0,0,25,,0.0,185527.36972591808,pre
baseline,external_test,D2-003_T2FS,D2-003,T2FS,/Users/sg2162/Datasets/CancerDatasets/Endometriosis/EndoMRI_All/segmentations/BiomedParse/D2-003_T2FS_endometrioma.nii.gz,/Users/sg2162/Datasets/CancerDatasets/Endometriosis/EndoMRI_All/labels/D2-003_T2FS_seg.nii.gz,0.5,False,20,0,0,0,20,,0.0,192949.58021739623,pre
baseline,external_test,D2-004_T2FS,D2-004,T2FS,/Users/sg2162/Datasets/CancerDatasets/Endometriosis/EndoMRI_All/segmentations/BiomedParse/D2-004_T2FS_endometrioma.nii.gz,/Users/sg2162/Datasets/CancerDatasets/Endometriosis/EndoMRI_All/labels/D2-004_T2FS_seg.nii.gz,0.5,False,20,0,0,0,20,,0.0,71751.70664178878,pre
baseline,external_test,D2-061_T2FS,D2-061,T2FS,/Users/sg2162/Datasets/CancerDatasets/Endometriosis/EndoMRI_All/segmentations/BiomedParse/D2-061_T2FS_endometrioma.nii.gz,/Users/sg2162/Datasets/CancerDatasets/Endometriosis/EndoMRI_All/labels/D2-061_T2FS_seg.nii.gz,0.5,False,19,0,0,0,19,,0.0,137397.776568442,pre
baseline,external_test,D2-066_T2FS,D2-066,T2FS,/Users/sg2162/Datasets/CancerDatasets/Endometriosis/EndoMRI_All/segmentations/BiomedParse/D2-066_T2FS_endometrioma.nii.gz,/Users/sg2162/Datasets/CancerDatasets/Endometriosis/EndoMRI_All/labels/D2-066_T2FS_seg.nii.gz,0.5,False,21,0,0,0,21,,0.0,205273.94948629025,pre
baseline,external_test,D2-059_T2FS,D2-059,T2FS,/Users/sg2162/Datasets/CancerDatasets/Endometriosis/EndoMRI_All/segmentations/BiomedParse/D2-059_T2FS_endometrioma.nii.gz,/Users/sg2162/Datasets/CancerDatasets/Endometriosis/EndoMRI_All/labels/D2-059_T2FS_seg.nii.gz,0.5,False,17,0,0,0,17,,0.0,152373.70913542176,pre
baseline,external_test,D2-050_T2FS,D2-050,T2FS,/Users/sg2162/Datasets/CancerDatasets/Endometriosis/EndoMRI_All/segmentations/BiomedParse/D2-050_T2FS_endometrioma.nii.gz,/Users/sg2162/Datasets/CancerDatasets/Endometriosis/EndoMRI_All/labels/D2-050_T2FS_seg.nii.gz,0.5,False,14,0,0,0,14,,0.0,204309.08756507063,pre
baseline,external_test,D2-057_T2FS,D2-057,T2FS,/Users/sg2162/Datasets/CancerDatasets/Endometriosis/EndoMRI_All/segmentations/BiomedParse/D2-057_T2FS_endometrioma.nii.gz,/Users/sg2162/Datasets/CancerDatasets/Endometriosis/EndoMRI_All/labels/D2-057_T2FS_seg.nii.gz,0.5,False,26,0,0,0,26,,0.0,527693.1043494048,pre
baseline,external_test,D2-005_T2FS,D2-005,T2FS,/Users/sg2162/Datasets/CancerDatasets/Endometriosis/EndoMRI_All/segmentations/BiomedParse/D2-005_T2FS_endometrioma.nii.gz,/Users/sg2162/Datasets/CancerDatasets/Endometriosis/EndoMRI_All/labels/D2-005_T2FS_seg.nii.gz,0.5,False,16,0,0,0,16,,0.0,131180.4224997003,pre
baseline,external_test,D2-002_T2,D2-002,T2,/Users/sg2162/Datasets/CancerDatasets/Endometriosis/EndoMRI_All/segmentations/BiomedParse/D2-002_T2_endometrioma.nii.gz,/Users/sg2162/Datasets/CancerDatasets/Endometriosis/EndoMRI_All/labels/D2-002_T2_seg.nii.gz,0.5,False,26,0,0,0,26,,0.0,221118.3294147126,pre
baseline,external_test,D2-002_T2FS,D2-002,T2FS,/Users/sg2162/Datasets/CancerDatasets/Endometriosis/EndoMRI_All/segmentations/BiomedParse/D2-002_T2FS_endometrioma.nii.gz,/Users/sg2162/Datasets/CancerDatasets/Endometriosis/EndoMRI_All/labels/D2-002_T2FS_seg.nii.gz,0.5,False,21,0,0,0,21,,0.0,209770.17616945168,pre
baseline,external_test,D2-056_T2FS,D2-056,T2FS,/Users/sg2162/Datasets/CancerDatasets/Endometriosis/EndoMRI_All/segmentations/BiomedParse/D2-056_T2FS_endometrioma.nii.gz,/Users/sg2162/Datasets/CancerDatasets/Endometriosis/EndoMRI_All/labels/D2-056_T2FS_seg.nii.gz,0.5,False,16,0,0,0,16,,0.0,128860.83577678815,pre
baseline,external_test,D2-056_T2,D2-056,T2,/Users/sg2162/Datasets/CancerDatasets/Endometriosis/EndoMRI_All/segmentations/BiomedParse/D2-056_T2_endometrioma.nii.gz,/Users/sg2162/Datasets/CancerDatasets/Endometriosis/EndoMRI_All/labels/D2-056_T2_seg.nii.gz,0.5,False,22,0,0,0,22,,0.0,167547.81584614143,pre
baseline,external_test,D2-051_T2FS,D2-051,T2FS,/Users/sg2162/Datasets/CancerDatasets/Endometriosis/EndoMRI_All/segmentations/BiomedParse/D2-051_T2FS_endometrioma.nii.gz,/Users/sg2162/Datasets/CancerDatasets/Endometriosis/EndoMRI_All/labels/D2-051_T2FS_seg.nii.gz,0.5,False,24,0,0,0,24,,0.0,113922.1276021654,pre
baseline,external_test,D2-051_T2,D2-051,T2,/Users/sg2162/Datasets/CancerDatasets/Endometriosis/EndoMRI_All/segmentations/BiomedParse/D2-051_T2_endometrioma.nii.gz,/Users/sg2162/Datasets/CancerDatasets/Endometriosis/EndoMRI_All/labels/D2-051_T2_seg.nii.gz,0.5,False,20,0,0,0,20,,0.0,192977.9196068291,pre
baseline,external_test,D2-067_T2FS,D2-067,T2FS,/Users/sg2162/Datasets/CancerDatasets/Endometriosis/EndoMRI_All/segmentations/BiomedParse/D2-067_T2FS_endometrioma.nii.gz,/Users/sg2162/Datasets/CancerDatasets/Endometriosis/EndoMRI_All/labels/D2-067_T2FS_seg.nii.gz,0.5,False,16,0,0,0,16,,0.0,73905.02940989968,pre
baseline,external_test,D2-058_T2,D2-058,T2,/Users/sg2162/Datasets/CancerDatasets/Endometriosis/EndoMRI_All/segmentations/BiomedParse/D2-058_T2_endometrioma.nii.gz,/Users/sg2162/Datasets/CancerDatasets/Endometriosis/EndoMRI_All/labels/D2-058_T2_seg.nii.gz,0.5,False,18,0,0,0,18,,0.0,118880.88438830872,pre
baseline,external_test,D2-058_T2FS,D2-058,T2FS,/Users/sg2162/Datasets/CancerDatasets/Endometriosis/EndoMRI_All/segmentations/BiomedParse/D2-058_T2FS_endometrioma.nii.gz,/Users/sg2162/Datasets/CancerDatasets/Endometriosis/EndoMRI_All/labels/D2-058_T2FS_seg.nii.gz,0.5,False,22,0,0,0,22,,0.0,137805.987050721,pre
baseline,external_test,D2-060_T2FS,D2-060,T2FS,/Users/sg2162/Datasets/CancerDatasets/Endometriosis/EndoMRI_All/segmentations/BiomedParse/D2-060_T2FS_endometrioma.nii.gz,/Users/sg2162/Datasets/CancerDatasets/Endometriosis/EndoMRI_All/labels/D2-060_T2FS_seg.nii.gz,0.5,False,40,0,0,0,40,,0.0,173070.56671172346,pre
baseline,external_test,D2-060_T2,D2-060,T2,/Users/sg2162/Datasets/CancerDatasets/Endometriosis/EndoMRI_All/segmentations/BiomedParse/D2-060_T2_endometrioma.nii.gz,/Users/sg2162/Datasets/CancerDatasets/Endometriosis/EndoMRI_All/labels/D2-060_T2_seg.nii.gz,0.5,False,16,0,0,0,16,,0.0,116136.266276266,pre
baseline,internal_test,D1-014_T1FS,D1-014,T1FS,/Users/sg2162/Library/CloudStorage/OneDrive-UniversityofCambridge/backup/project/PanCIA/analysis/a05_outcome_prediction/reasoning_model_comparison/baseline/reasoned_probability_maps/D1-014_T1FS_endometrioma.nii.gz,/Users/sg2162/Datasets/CancerDatasets/Endometriosis/EndoMRI_All/labels/D1-014_T1FS_seg.nii.gz,0.5,True,1,3,0,3,1,0.0,0.0,13438.003711384423,post
baseline,training,D1-025_T2,D1-025,T2,/Users/sg2162/Library/CloudStorage/OneDrive-UniversityofCambridge/backup/project/PanCIA/analysis/a05_outcome_prediction/reasoning_model_comparison/baseline/reasoned_probability_maps/D1-025_T2_endometrioma.nii.gz,/Users/sg2162/Datasets/CancerDatasets/Endometriosis/EndoMRI_All/labels/D1-025_T2_seg.nii.gz,0.5,False,0,0,0,0,0,,,0.0,post
baseline,training,D1-049_T1FS,D1-049,T1FS,/Users/sg2162/Library/CloudStorage/OneDrive-UniversityofCambridge/backup/project/PanCIA/analysis/a05_outcome_prediction/reasoning_model_comparison/baseline/reasoned_probability_maps/D1-049_T1FS_endometrioma.nii.gz,/Users/sg2162/Datasets/CancerDatasets/Endometriosis/EndoMRI_All/labels/D1-049_T1FS_seg.nii.gz,0.5,True,1,1,1,0,0,1.0,1.0,3428.249999751444,post
baseline,training,D1-049_T2,D1-049,T2,/Users/sg2162/Library/CloudStorage/OneDrive-UniversityofCambridge/backup/project/PanCIA/analysis/a05_outcome_prediction/reasoning_model_comparison/baseline/reasoned_probability_maps/D1-049_T2_endometrioma.nii.gz,/Users/sg2162/Datasets/CancerDatasets/Endometriosis/EndoMRI_All/labels/D1-049_T2_seg.nii.gz,0.5,False,1,0,0,0,1,,0.0,28198.124994207956,post
baseline,training,D1-024_T2,D1-024,T2,/Users/sg2162/Library/CloudStorage/OneDrive-UniversityofCambridge/backup/project/PanCIA/analysis/a05_outcome_prediction/reasoning_model_comparison/baseline/reasoned_probability_maps/D1-024_T2_endometrioma.nii.gz,/Users/sg2162/Datasets/CancerDatasets/Endometriosis/EndoMRI_All/labels/D1-024_T2_seg.nii.gz,0.5,False,0,0,0,0,0,,,0.0,post
baseline,training,D1-024_T1FS,D1-024,T1FS,/Users/sg2162/Library/CloudStorage/OneDrive-UniversityofCambridge/backup/project/PanCIA/analysis/a05_outcome_prediction/reasoning_model_comparison/baseline/reasoned_probability_maps/D1-024_T1FS_endometrioma.nii.gz,/Users/sg2162/Datasets/CancerDatasets/Endometriosis/EndoMRI_All/labels/D1-024_T1FS_seg.nii.gz,0.5,True,1,2,1,1,0,0.5,1.0,3013.0001473755083,post
baseline,training,D1-023_T2,D1-023,T2,/Users/sg2162/Library/CloudStorage/OneDrive-UniversityofCambridge/backup/project/PanCIA/analysis/a05_outcome_prediction/reasoning_model_comparison/baseline/reasoned_probability_maps/D1-023_T2_endometrioma.nii.gz,/Users/sg2162/Datasets/CancerDatasets/Endometriosis/EndoMRI_All/labels/D1-023_T2_seg.nii.gz,0.5,False,1,0,0,0,1,,0.0,2389.9999645460293,post
baseline,training,D1-023_T1FS,D1-023,T1FS,/Users/sg2162/Library/CloudStorage/OneDrive-UniversityofCambridge/backup/project/PanCIA/analysis/a05_outcome_prediction/reasoning_model_comparison/baseline/reasoned_probability_maps/D1-023_T1FS_endometrioma.nii.gz,/Users/sg2162/Datasets/CancerDatasets/Endometriosis/EndoMRI_All/labels/D1-023_T1FS_seg.nii.gz,0.5,True,1,5,2,3,0,0.4,1.0,2847.0000482173054,post
baseline,training,D1-015_T2,D1-015,T2,/Users/sg2162/Library/CloudStorage/OneDrive-UniversityofCambridge/backup/project/PanCIA/analysis/a05_outcome_prediction/reasoning_model_comparison/baseline/reasoned_probability_maps/D1-015_T2_endometrioma.nii.gz,/Users/sg2162/Datasets/CancerDatasets/Endometriosis/EndoMRI_All/labels/D1-015_T2_seg.nii.gz,0.5,False,1,0,0,0,1,,0.0,73181.87681266884,post
baseline,internal_test,D1-012_T2,D1-012,T2,/Users/sg2162/Library/CloudStorage/OneDrive-UniversityofCambridge/backup/project/PanCIA/analysis/a05_outcome_prediction/reasoning_model_comparison/baseline/reasoned_probability_maps/D1-012_T2_endometrioma.nii.gz,/Users/sg2162/Datasets/CancerDatasets/Endometriosis/EndoMRI_All/labels/D1-012_T2_seg.nii.gz,0.5,False,1,0,0,0,1,,0.0,2522.5001268777964,post
baseline,training,D1-046_T1FS,D1-046,T1FS,/Users/sg2162/Library/CloudStorage/OneDrive-UniversityofCambridge/backup/project/PanCIA/analysis/a05_outcome_prediction/reasoning_model_comparison/baseline/reasoned_probability_maps/D1-046_T1FS_endometrioma.nii.gz,/Users/sg2162/Datasets/CancerDatasets/Endometriosis/EndoMRI_All/labels/D1-046_T1FS_seg.nii.gz,0.5,False,1,0,0,0,1,,0.0,4543.499958147403,post
baseline,training,D1-041_T2,D1-041,T2,/Users/sg2162/Library/CloudStorage/OneDrive-UniversityofCambridge/backup/project/PanCIA/analysis/a05_outcome_prediction/reasoning_model_comparison/baseline/reasoned_probability_maps/D1-041_T2_endometrioma.nii.gz,/Users/sg2162/Datasets/CancerDatasets/Endometriosis/EndoMRI_All/labels/D1-041_T2_seg.nii.gz,0.5,False,0,0,0,0,0,,,0.0,post
baseline,training,D1-041_T1FS,D1-041,T1FS,/Users/sg2162/Library/CloudStorage/OneDrive-UniversityofCambridge/backup/project/PanCIA/analysis/a05_outcome_prediction/reasoning_model_comparison/baseline/reasoned_probability_maps/D1-041_T1FS_endometrioma.nii.gz,/Users/sg2162/Datasets/CancerDatasets/Endometriosis/EndoMRI_All/labels/D1-041_T1FS_seg.nii.gz,0.5,True,0,3,0,3,0,0.0,,0.0,post
baseline,training,D1-048_T1FS,D1-048,T1FS,/Users/sg2162/Library/CloudStorage/OneDrive-UniversityofCambridge/backup/project/PanCIA/analysis/a05_outcome_prediction/reasoning_model_comparison/baseline/reasoned_probability_maps/D1-048_T1FS_endometrioma.nii.gz,/Users/sg2162/Datasets/CancerDatasets/Endometriosis/EndoMRI_All/labels/D1-048_T1FS_seg.nii.gz,0.5,True,1,1,0,1,1,0.0,0.0,29223.00017068006,post
baseline,training,D1-030_T2,D1-030,T2,/Users/sg2162/Library/CloudStorage/OneDrive-UniversityofCambridge/backup/project/PanCIA/analysis/a05_outcome_prediction/reasoning_model_comparison/baseline/reasoned_probability_maps/D1-030_T2_endometrioma.nii.gz,/Users/sg2162/Datasets/CancerDatasets/Endometriosis/EndoMRI_All/labels/D1-030_T2_seg.nii.gz,0.5,False,0,0,0,0,0,,,0.0,post
baseline,training,D1-008_T2,D1-008,T2,/Users/sg2162/Library/CloudStorage/OneDrive-UniversityofCambridge/backup/project/PanCIA/analysis/a05_outcome_prediction/reasoning_model_comparison/baseline/reasoned_probability_maps/D1-008_T2_endometrioma.nii.gz,/Users/sg2162/Datasets/CancerDatasets/Endometriosis/EndoMRI_All/labels/D1-008_T2_seg.nii.gz,0.5,True,1,1,1,0,0,1.0,1.0,11228.39970254898,post
baseline,training,D1-008_T1FS,D1-008,T1FS,/Users/sg2162/Library/CloudStorage/OneDrive-UniversityofCambridge/backup/project/PanCIA/analysis/a05_outcome_prediction/reasoning_model_comparison/baseline/reasoned_probability_maps/D1-008_T1FS_endometrioma.nii.gz,/Users/sg2162/Datasets/CancerDatasets/Endometriosis/EndoMRI_All/labels/D1-008_T1FS_seg.nii.gz,0.5,True,1,2,1,1,0,0.5,1.0,7245.750000000001,post
baseline,internal_test,D1-037_T1FS,D1-037,T1FS,/Users/sg2162/Library/CloudStorage/OneDrive-UniversityofCambridge/backup/project/PanCIA/analysis/a05_outcome_prediction/reasoning_model_comparison/baseline/reasoned_probability_maps/D1-037_T1FS_endometrioma.nii.gz,/Users/sg2162/Datasets/CancerDatasets/Endometriosis/EndoMRI_All/labels/D1-037_T1FS_seg.nii.gz,0.5,True,1,2,0,2,1,0.0,0.0,333.0,post
baseline,internal_test,D1-037_T2,D1-037,T2,/Users/sg2162/Library/CloudStorage/OneDrive-UniversityofCambridge/backup/project/PanCIA/analysis/a05_outcome_prediction/reasoning_model_comparison/baseline/reasoned_probability_maps/D1-037_T2_endometrioma.nii.gz,/Users/sg2162/Datasets/CancerDatasets/Endometriosis/EndoMRI_All/labels/D1-037_T2_seg.nii.gz,0.5,True,0,1,0,1,0,0.0,,0.0,post
baseline,training,D1-001_T2,D1-001,T2,/Users/sg2162/Library/CloudStorage/OneDrive-UniversityofCambridge/backup/project/PanCIA/analysis/a05_outcome_prediction/reasoning_model_comparison/baseline/reasoned_probability_maps/D1-001_T2_endometrioma.nii.gz,/Users/sg2162/Datasets/CancerDatasets/Endometriosis/EndoMRI_All/labels/D1-001_T2_seg.nii.gz,0.5,True,1,1,1,0,0,1.0,1.0,899.0000651230214,post
baseline,internal_test,D1-001_T1FS,D1-001,T1FS,/Users/sg2162/Library/CloudStorage/OneDrive-UniversityofCambridge/backup/project/PanCIA/analysis/a05_outcome_prediction/reasoning_model_comparison/baseline/reasoned_probability_maps/D1-001_T1FS_endometrioma.nii.gz,/Users/sg2162/Datasets/CancerDatasets/Endometriosis/EndoMRI_All/labels/D1-001_T1FS_seg.nii.gz,0.5,True,1,1,1,0,0,1.0,1.0,101.0003684615859,post
baseline,training,D1-039_T1FS,D1-039,T1FS,/Users/sg2162/Library/CloudStorage/OneDrive-UniversityofCambridge/backup/project/PanCIA/analysis/a05_outcome_prediction/reasoning_model_comparison/baseline/reasoned_probability_maps/D1-039_T1FS_endometrioma.nii.gz,/Users/sg2162/Datasets/CancerDatasets/Endometriosis/EndoMRI_All/labels/D1-039_T1FS_seg.nii.gz,0.5,True,1,4,1,3,0,0.25,1.0,286.49998547251136,post
baseline,training,D1-006_T1FS,D1-006,T1FS,/Users/sg2162/Library/CloudStorage/OneDrive-UniversityofCambridge/backup/project/PanCIA/analysis/a05_outcome_prediction/reasoning_model_comparison/baseline/reasoned_probability_maps/D1-006_T1FS_endometrioma.nii.gz,/Users/sg2162/Datasets/CancerDatasets/Endometriosis/EndoMRI_All/labels/D1-006_T1FS_seg.nii.gz,0.5,False,0,0,0,0,0,,,0.0,post
baseline,training,D1-038_T1FS,D1-038,T1FS,/Users/sg2162/Library/CloudStorage/OneDrive-UniversityofCambridge/backup/project/PanCIA/analysis/a05_outcome_prediction/reasoning_model_comparison/baseline/reasoned_probability_maps/D1-038_T1FS_endometrioma.nii.gz,/Users/sg2162/Datasets/CancerDatasets/Endometriosis/EndoMRI_All/labels/D1-038_T1FS_seg.nii.gz,0.5,True,1,1,1,0,0,1.0,1.0,3112.9999817837665,post
baseline,internal_test,D1-038_T2,D1-038,T2,/Users/sg2162/Library/CloudStorage/OneDrive-UniversityofCambridge/backup/project/PanCIA/analysis/a05_outcome_prediction/reasoning_model_comparison/baseline/reasoned_probability_maps/D1-038_T2_endometrioma.nii.gz,/Users/sg2162/Datasets/CancerDatasets/Endometriosis/EndoMRI_All/labels/D1-038_T2_seg.nii.gz,0.5,True,1,1,0,1,1,0.0,0.0,33158.75027276784,post
baseline,training,D1-000_T1FS,D1-000,T1FS,/Users/sg2162/Library/CloudStorage/OneDrive-UniversityofCambridge/backup/project/PanCIA/analysis/a05_outcome_prediction/reasoning_model_comparison/baseline/reasoned_probability_maps/D1-000_T1FS_endometrioma.nii.gz,/Users/sg2162/Datasets/CancerDatasets/Endometriosis/EndoMRI_All/labels/D1-000_T1FS_seg.nii.gz,0.5,True,0,1,0,1,0,0.0,,0.0,post
baseline,training,D1-000_T2,D1-000,T2,/Users/sg2162/Library/CloudStorage/OneDrive-UniversityofCambridge/backup/project/PanCIA/analysis/a05_outcome_prediction/reasoning_model_comparison/baseline/reasoned_probability_maps/D1-000_T2_endometrioma.nii.gz,/Users/sg2162/Datasets/CancerDatasets/Endometriosis/EndoMRI_All/labels/D1-000_T2_seg.nii.gz,0.5,True,1,1,0,1,1,0.0,0.0,34126.24861229764,post
baseline,internal_test,D1-009_T1FS,D1-009,T1FS,/Users/sg2162/Library/CloudStorage/OneDrive-UniversityofCambridge/backup/project/PanCIA/analysis/a05_outcome_prediction/reasoning_model_comparison/baseline/reasoned_probability_maps/D1-009_T1FS_endometrioma.nii.gz,/Users/sg2162/Datasets/CancerDatasets/Endometriosis/EndoMRI_All/labels/D1-009_T1FS_seg.nii.gz,0.5,True,0,3,0,3,0,0.0,,0.0,post
baseline,training,D1-009_T2,D1-009,T2,/Users/sg2162/Library/CloudStorage/OneDrive-UniversityofCambridge/backup/project/PanCIA/analysis/a05_outcome_prediction/reasoning_model_comparison/baseline/reasoned_probability_maps/D1-009_T2_endometrioma.nii.gz,/Users/sg2162/Datasets/CancerDatasets/Endometriosis/EndoMRI_All/labels/D1-009_T2_seg.nii.gz,0.5,True,1,2,1,1,0,0.5,1.0,7816.92021831429,post
baseline,training,D1-036_T2,D1-036,T2,/Users/sg2162/Library/CloudStorage/OneDrive-UniversityofCambridge/backup/project/PanCIA/analysis/a05_outcome_prediction/reasoning_model_comparison/baseline/reasoned_probability_maps/D1-036_T2_endometrioma.nii.gz,/Users/sg2162/Datasets/CancerDatasets/Endometriosis/EndoMRI_All/labels/D1-036_T2_seg.nii.gz,0.5,False,0,0,0,0,0,,,0.0,post
baseline,training,D1-043_T2,D1-043,T2,/Users/sg2162/Library/CloudStorage/OneDrive-UniversityofCambridge/backup/project/PanCIA/analysis/a05_outcome_prediction/reasoning_model_comparison/baseline/reasoned_probability_maps/D1-043_T2_endometrioma.nii.gz,/Users/sg2162/Datasets/CancerDatasets/Endometriosis/EndoMRI_All/labels/D1-043_T2_seg.nii.gz,0.5,True,0,1,0,1,0,0.0,,0.0,post
baseline,training,D1-043_T1FS,D1-043,T1FS,/Users/sg2162/Library/CloudStorage/OneDrive-UniversityofCambridge/backup/project/PanCIA/analysis/a05_outcome_prediction/reasoning_model_comparison/baseline/reasoned_probability_maps/D1-043_T1FS_endometrioma.nii.gz,/Users/sg2162/Datasets/CancerDatasets/Endometriosis/EndoMRI_All/labels/D1-043_T1FS_seg.nii.gz,0.5,True,0,1,0,1,0,0.0,,0.0,post
baseline,training,D1-017_T2,D1-017,T2,/Users/sg2162/Library/CloudStorage/OneDrive-UniversityofCambridge/backup/project/PanCIA/analysis/a05_outcome_prediction/reasoning_model_comparison/baseline/reasoned_probability_maps/D1-017_T2_endometrioma.nii.gz,/Users/sg2162/Datasets/CancerDatasets/Endometriosis/EndoMRI_All/labels/D1-017_T2_seg.nii.gz,0.5,True,0,6,0,6,0,0.0,,0.0,post
baseline,training,D1-017_T1FS,D1-017,T1FS,/Users/sg2162/Library/CloudStorage/OneDrive-UniversityofCambridge/backup/project/PanCIA/analysis/a05_outcome_prediction/reasoning_model_comparison/baseline/reasoned_probability_maps/D1-017_T1FS_endometrioma.nii.gz,/Users/sg2162/Datasets/CancerDatasets/Endometriosis/EndoMRI_All/labels/D1-017_T1FS_seg.nii.gz,0.5,False,1,0,0,0,1,,0.0,438439.60938784207,post
baseline,internal_test,D1-028_T1FS,D1-028,T1FS,/Users/sg2162/Library/CloudStorage/OneDrive-UniversityofCambridge/backup/project/PanCIA/analysis/a05_outcome_prediction/reasoning_model_comparison/baseline/reasoned_probability_maps/D1-028_T1FS_endometrioma.nii.gz,/Users/sg2162/Datasets/CancerDatasets/Endometriosis/EndoMRI_All/labels/D1-028_T1FS_seg.nii.gz,0.5,True,1,1,0,1,1,0.0,0.0,9273.749833022091,post
baseline,training,D1-028_T2,D1-028,T2,/Users/sg2162/Library/CloudStorage/OneDrive-UniversityofCambridge/backup/project/PanCIA/analysis/a05_outcome_prediction/reasoning_model_comparison/baseline/reasoned_probability_maps/D1-028_T2_endometrioma.nii.gz,/Users/sg2162/Datasets/CancerDatasets/Endometriosis/EndoMRI_All/labels/D1-028_T2_seg.nii.gz,0.5,False,0,0,0,0,0,,,0.0,post
baseline,training,D1-026_T1FS,D1-026,T1FS,/Users/sg2162/Library/CloudStorage/OneDrive-UniversityofCambridge/backup/project/PanCIA/analysis/a05_outcome_prediction/reasoning_model_comparison/baseline/reasoned_probability_maps/D1-026_T1FS_endometrioma.nii.gz,/Users/sg2162/Datasets/CancerDatasets/Endometriosis/EndoMRI_All/labels/D1-026_T1FS_seg.nii.gz,0.5,True,1,2,0,2,1,0.0,0.0,13557.375855083645,post
baseline,training,D1-026_T2,D1-026,T2,/Users/sg2162/Library/CloudStorage/OneDrive-UniversityofCambridge/backup/project/PanCIA/analysis/a05_outcome_prediction/reasoning_model_comparison/baseline/reasoned_probability_maps/D1-026_T2_endometrioma.nii.gz,/Users/sg2162/Datasets/CancerDatasets/Endometriosis/EndoMRI_All/labels/D1-026_T2_seg.nii.gz,0.5,False,1,0,0,0,1,,0.0,28090.00310037153,post
baseline,internal_test,D1-019_T1FS,D1-019,T1FS,/Users/sg2162/Library/CloudStorage/OneDrive-UniversityofCambridge/backup/project/PanCIA/analysis/a05_outcome_prediction/reasoning_model_comparison/baseline/reasoned_probability_maps/D1-019_T1FS_endometrioma.nii.gz,/Users/sg2162/Datasets/CancerDatasets/Endometriosis/EndoMRI_All/labels/D1-019_T1FS_seg.nii.gz,0.5,True,0,3,0,3,0,0.0,,0.0,post
baseline,training,D1-021_T1FS,D1-021,T1FS,/Users/sg2162/Library/CloudStorage/OneDrive-UniversityofCambridge/backup/project/PanCIA/analysis/a05_outcome_prediction/reasoning_model_comparison/baseline/reasoned_probability_maps/D1-021_T1FS_endometrioma.nii.gz,/Users/sg2162/Datasets/CancerDatasets/Endometriosis/EndoMRI_All/labels/D1-021_T1FS_seg.nii.gz,0.5,False,1,0,0,0,1,,0.0,1930.0000208765982,post
baseline,training,D1-021_T2,D1-021,T2,/Users/sg2162/Library/CloudStorage/OneDrive-UniversityofCambridge/backup/project/PanCIA/analysis/a05_outcome_prediction/reasoning_model_comparison/baseline/reasoned_probability_maps/D1-021_T2_endometrioma.nii.gz,/Users/sg2162/Datasets/CancerDatasets/Endometriosis/EndoMRI_All/labels/D1-021_T2_seg.nii.gz,0.5,True,1,2,1,1,0,0.5,1.0,5766.1000325106625,post
baseline,training,D1-042_T2,D1-042,T2,/Users/sg2162/Library/CloudStorage/OneDrive-UniversityofCambridge/backup/project/PanCIA/analysis/a05_outcome_prediction/reasoning_model_comparison/baseline/reasoned_probability_maps/D1-042_T2_endometrioma.nii.gz,/Users/sg2162/Datasets/CancerDatasets/Endometriosis/EndoMRI_All/labels/D1-042_T2_seg.nii.gz,0.5,False,0,0,0,0,0,,,0.0,post
baseline,training,D1-045_T2,D1-045,T2,/Users/sg2162/Library/CloudStorage/OneDrive-UniversityofCambridge/backup/project/PanCIA/analysis/a05_outcome_prediction/reasoning_model_comparison/baseline/reasoned_probability_maps/D1-045_T2_endometrioma.nii.gz,/Users/sg2162/Datasets/CancerDatasets/Endometriosis/EndoMRI_All/labels/D1-045_T2_seg.nii.gz,0.5,True,0,1,0,1,0,0.0,,0.0,post
baseline,training,D1-020_T2,D1-020,T2,/Users/sg2162/Library/CloudStorage/OneDrive-UniversityofCambridge/backup/project/PanCIA/analysis/a05_outcome_prediction/reasoning_model_comparison/baseline/reasoned_probability_maps/D1-020_T2_endometrioma.nii.gz,/Users/sg2162/Datasets/CancerDatasets/Endometriosis/EndoMRI_All/labels/D1-020_T2_seg.nii.gz,0.5,False,1,0,0,0,1,,0.0,2704.900037345404,post
baseline,training,D1-020_T1FS,D1-020,T1FS,/Users/sg2162/Library/CloudStorage/OneDrive-UniversityofCambridge/backup/project/PanCIA/analysis/a05_outcome_prediction/reasoning_model_comparison/baseline/reasoned_probability_maps/D1-020_T1FS_endometrioma.nii.gz,/Users/sg2162/Datasets/CancerDatasets/Endometriosis/EndoMRI_All/labels/D1-020_T1FS_seg.nii.gz,0.5,True,1,7,0,7,1,0.0,0.0,309.10002295229145,post
baseline,training,D1-018_T1FS,D1-018,T1FS,/Users/sg2162/Library/CloudStorage/OneDrive-UniversityofCambridge/backup/project/PanCIA/analysis/a05_outcome_prediction/reasoning_model_comparison/baseline/reasoned_probability_maps/D1-018_T1FS_endometrioma.nii.gz,/Users/sg2162/Datasets/CancerDatasets/Endometriosis/EndoMRI_All/labels/D1-018_T1FS_seg.nii.gz,0.5,True,1,2,1,1,0,0.5,1.0,1408.5000014710472,post
baseline,internal_test,D1-029_T2,D1-029,T2,/Users/sg2162/Library/CloudStorage/OneDrive-UniversityofCambridge/backup/project/PanCIA/analysis/a05_outcome_prediction/reasoning_model_comparison/baseline/reasoned_probability_maps/D1-029_T2_endometrioma.nii.gz,/Users/sg2162/Datasets/CancerDatasets/Endometriosis/EndoMRI_All/labels/D1-029_T2_seg.nii.gz,0.5,True,0,1,0,1,0,0.0,,0.0,post
baseline,training,D1-029_T1FS,D1-029,T1FS,/Users/sg2162/Library/CloudStorage/OneDrive-UniversityofCambridge/backup/project/PanCIA/analysis/a05_outcome_prediction/reasoning_model_comparison/baseline/reasoned_probability_maps/D1-029_T1FS_endometrioma.nii.gz,/Users/sg2162/Datasets/CancerDatasets/Endometriosis/EndoMRI_All/labels/D1-029_T1FS_seg.nii.gz,0.5,True,0,1,0,1,0,0.0,,0.0,post
baseline,training,D1-005_T2,D1-005,T2,/Users/sg2162/Library/CloudStorage/OneDrive-UniversityofCambridge/backup/project/PanCIA/analysis/a05_outcome_prediction/reasoning_model_comparison/baseline/reasoned_probability_maps/D1-005_T2_endometrioma.nii.gz,/Users/sg2162/Datasets/CancerDatasets/Endometriosis/EndoMRI_All/labels/D1-005_T2_seg.nii.gz,0.5,True,1,1,0,1,1,0.0,0.0,15869.25115909044,post
baseline,internal_test,D1-002_T2,D1-002,T2,/Users/sg2162/Library/CloudStorage/OneDrive-UniversityofCambridge/backup/project/PanCIA/analysis/a05_outcome_prediction/reasoning_model_comparison/baseline/reasoned_probability_maps/D1-002_T2_endometrioma.nii.gz,/Users/sg2162/Datasets/CancerDatasets/Endometriosis/EndoMRI_All/labels/D1-002_T2_seg.nii.gz,0.5,False,0,0,0,0,0,,,0.0,post
baseline,training,D1-003_T2,D1-003,T2,/Users/sg2162/Library/CloudStorage/OneDrive-UniversityofCambridge/backup/project/PanCIA/analysis/a05_outcome_prediction/reasoning_model_comparison/baseline/reasoned_probability_maps/D1-003_T2_endometrioma.nii.gz,/Users/sg2162/Datasets/CancerDatasets/Endometriosis/EndoMRI_All/labels/D1-003_T2_seg.nii.gz,0.5,True,0,1,0,1,0,0.0,,0.0,post
baseline,training,D1-004_T2,D1-004,T2,/Users/sg2162/Library/CloudStorage/OneDrive-UniversityofCambridge/backup/project/PanCIA/analysis/a05_outcome_prediction/reasoning_model_comparison/baseline/reasoned_probability_maps/D1-004_T2_endometrioma.nii.gz,/Users/sg2162/Datasets/CancerDatasets/Endometriosis/EndoMRI_All/labels/D1-004_T2_seg.nii.gz,0.5,False,0,0,0,0,0,,,0.0,post
baseline,training,D1-032_T2,D1-032,T2,/Users/sg2162/Library/CloudStorage/OneDrive-UniversityofCambridge/backup/project/PanCIA/analysis/a05_outcome_prediction/reasoning_model_comparison/baseline/reasoned_probability_maps/D1-032_T2_endometrioma.nii.gz,/Users/sg2162/Datasets/CancerDatasets/Endometriosis/EndoMRI_All/labels/D1-032_T2_seg.nii.gz,0.5,False,0,0,0,0,0,,,0.0,post
baseline,internal_test,D1-035_T2,D1-035,T2,/Users/sg2162/Library/CloudStorage/OneDrive-UniversityofCambridge/backup/project/PanCIA/analysis/a05_outcome_prediction/reasoning_model_comparison/baseline/reasoned_probability_maps/D1-035_T2_endometrioma.nii.gz,/Users/sg2162/Datasets/CancerDatasets/Endometriosis/EndoMRI_All/labels/D1-035_T2_seg.nii.gz,0.5,False,0,0,0,0,0,,,0.0,post
baseline,training,D1-035_T1FS,D1-035,T1FS,/Users/sg2162/Library/CloudStorage/OneDrive-UniversityofCambridge/backup/project/PanCIA/analysis/a05_outcome_prediction/reasoning_model_comparison/baseline/reasoned_probability_maps/D1-035_T1FS_endometrioma.nii.gz,/Users/sg2162/Datasets/CancerDatasets/Endometriosis/EndoMRI_All/labels/D1-035_T1FS_seg.nii.gz,0.5,True,0,5,0,5,0,0.0,,0.0,post
baseline,training,D1-050_T1FS,D1-050,T1FS,/Users/sg2162/Library/CloudStorage/OneDrive-UniversityofCambridge/backup/project/PanCIA/analysis/a05_outcome_prediction/reasoning_model_comparison/baseline/reasoned_probability_maps/D1-050_T1FS_endometrioma.nii.gz,/Users/sg2162/Datasets/CancerDatasets/Endometriosis/EndoMRI_All/labels/D1-050_T1FS_seg.nii.gz,0.5,True,0,1,0,1,0,0.0,,0.0,post
baseline,external_test,D2-024_T2FS,D2-024,T2FS,/Users/sg2162/Library/CloudStorage/OneDrive-UniversityofCambridge/backup/project/PanCIA/analysis/a05_outcome_prediction/reasoning_model_comparison/baseline/reasoned_probability_maps/D2-024_T2FS_endometrioma.nii.gz,/Users/sg2162/Datasets/CancerDatasets/Endometriosis/EndoMRI_All/labels/D2-024_T2FS_seg.nii.gz,0.5,False,1,0,0,0,1,,0.0,1761.4746570854809,post
baseline,external_test,D2-023_T2FS,D2-023,T2FS,/Users/sg2162/Library/CloudStorage/OneDrive-UniversityofCambridge/backup/project/PanCIA/analysis/a05_outcome_prediction/reasoning_model_comparison/baseline/reasoned_probability_maps/D2-023_T2FS_endometrioma.nii.gz,/Users/sg2162/Datasets/CancerDatasets/Endometriosis/EndoMRI_All/labels/D2-023_T2FS_seg.nii.gz,0.5,False,0,0,0,0,0,,,0.0,post
baseline,external_test,D2-015_T2FS,D2-015,T2FS,/Users/sg2162/Library/CloudStorage/OneDrive-UniversityofCambridge/backup/project/PanCIA/analysis/a05_outcome_prediction/reasoning_model_comparison/baseline/reasoned_probability_maps/D2-015_T2FS_endometrioma.nii.gz,/Users/sg2162/Datasets/CancerDatasets/Endometriosis/EndoMRI_All/labels/D2-015_T2FS_seg.nii.gz,0.5,False,0,0,0,0,0,,,0.0,post
baseline,external_test,D2-012_T2FS,D2-012,T2FS,/Users/sg2162/Library/CloudStorage/OneDrive-UniversityofCambridge/backup/project/PanCIA/analysis/a05_outcome_prediction/reasoning_model_comparison/baseline/reasoned_probability_maps/D2-012_T2FS_endometrioma.nii.gz,/Users/sg2162/Datasets/CancerDatasets/Endometriosis/EndoMRI_All/labels/D2-012_T2FS_seg.nii.gz,0.5,False,0,0,0,0,0,,,0.0,post
baseline,external_test,D2-079_T2FS,D2-079,T2FS,/Users/sg2162/Library/CloudStorage/OneDrive-UniversityofCambridge/backup/project/PanCIA/analysis/a05_outcome_prediction/reasoning_model_comparison/baseline/reasoned_probability_maps/D2-079_T2FS_endometrioma.nii.gz,/Users/sg2162/Datasets/CancerDatasets/Endometriosis/EndoMRI_All/labels/D2-079_T2FS_seg.nii.gz,0.5,True,0,1,0,1,0,0.0,,0.0,post
baseline,external_test,D2-046_T2FS,D2-046,T2FS,/Users/sg2162/Library/CloudStorage/OneDrive-UniversityofCambridge/backup/project/PanCIA/analysis/a05_outcome_prediction/reasoning_model_comparison/baseline/reasoned_probability_maps/D2-046_T2FS_endometrioma.nii.gz,/Users/sg2162/Datasets/CancerDatasets/Endometriosis/EndoMRI_All/labels/D2-046_T2FS_seg.nii.gz,0.5,False,0,0,0,0,0,,,0.0,post
baseline,external_test,D2-041_T2FS,D2-041,T2FS,/Users/sg2162/Library/CloudStorage/OneDrive-UniversityofCambridge/backup/project/PanCIA/analysis/a05_outcome_prediction/reasoning_model_comparison/baseline/reasoned_probability_maps/D2-041_T2FS_endometrioma.nii.gz,/Users/sg2162/Datasets/CancerDatasets/Endometriosis/EndoMRI_All/labels/D2-041_T2FS_seg.nii.gz,0.5,True,0,1,0,1,0,0.0,,0.0,post
baseline,external_test,D2-048_T2FS,D2-048,T2FS,/Users/sg2162/Library/CloudStorage/OneDrive-UniversityofCambridge/backup/project/PanCIA/analysis/a05_outcome_prediction/reasoning_model_comparison/baseline/reasoned_probability_maps/D2-048_T2FS_endometrioma.nii.gz,/Users/sg2162/Datasets/CancerDatasets/Endometriosis/EndoMRI_All/labels/D2-048_T2FS_seg.nii.gz,0.5,False,1,0,0,0,1,,0.0,47715.80785394804,post
baseline,external_test,D2-048_T2,D2-048,T2,/Users/sg2162/Library/CloudStorage/OneDrive-UniversityofCambridge/backup/project/PanCIA/analysis/a05_outcome_prediction/reasoning_model_comparison/baseline/reasoned_probability_maps/D2-048_T2_endometrioma.nii.gz,/Users/sg2162/Datasets/CancerDatasets/Endometriosis/EndoMRI_All/labels/D2-048_T2_seg.nii.gz,0.5,False,0,0,0,0,0,,,0.0,post
baseline,external_test,D2-077_T2FS,D2-077,T2FS,/Users/sg2162/Library/CloudStorage/OneDrive-UniversityofCambridge/backup/project/PanCIA/analysis/a05_outcome_prediction/reasoning_model_comparison/baseline/reasoned_probability_maps/D2-077_T2FS_endometrioma.nii.gz,/Users/sg2162/Datasets/CancerDatasets/Endometriosis/EndoMRI_All/labels/D2-077_T2FS_seg.nii.gz,0.5,True,0,1,0,1,0,0.0,,0.0,post
baseline,external_test,D2-070_T2FS,D2-070,T2FS,/Users/sg2162/Library/CloudStorage/OneDrive-UniversityofCambridge/backup/project/PanCIA/analysis/a05_outcome_prediction/reasoning_model_comparison/baseline/reasoned_probability_maps/D2-070_T2FS_endometrioma.nii.gz,/Users/sg2162/Datasets/CancerDatasets/Endometriosis/EndoMRI_All/labels/D2-070_T2FS_seg.nii.gz,0.5,True,1,1,0,1,1,0.0,0.0,7207.437565392695,post
baseline,external_test,D2-013_T2FS,D2-013,T2FS,/Users/sg2162/Library/CloudStorage/OneDrive-UniversityofCambridge/backup/project/PanCIA/analysis/a05_outcome_prediction/reasoning_model_comparison/baseline/reasoned_probability_maps/D2-013_T2FS_endometrioma.nii.gz,/Users/sg2162/Datasets/CancerDatasets/Endometriosis/EndoMRI_All/labels/D2-013_T2FS_seg.nii.gz,0.5,False,0,0,0,0,0,,,0.0,post
baseline,external_test,D2-014_T2FS,D2-014,T2FS,/Users/sg2162/Library/CloudStorage/OneDrive-UniversityofCambridge/backup/project/PanCIA/analysis/a05_outcome_prediction/reasoning_model_comparison/baseline/reasoned_probability_maps/D2-014_T2FS_endometrioma.nii.gz,/Users/sg2162/Datasets/CancerDatasets/Endometriosis/EndoMRI_All/labels/D2-014_T2FS_seg.nii.gz,0.5,False,0,0,0,0,0,,,0.0,post
baseline,external_test,D2-022_T2FS,D2-022,T2FS,/Users/sg2162/Library/CloudStorage/OneDrive-UniversityofCambridge/backup/project/PanCIA/analysis/a05_outcome_prediction/reasoning_model_comparison/baseline/reasoned_probability_maps/D2-022_T2FS_endometrioma.nii.gz,/Users/sg2162/Datasets/CancerDatasets/Endometriosis/EndoMRI_All/labels/D2-022_T2FS_seg.nii.gz,0.5,False,0,0,0,0,0,,,0.0,post
baseline,external_test,D2-025_T2FS,D2-025,T2FS,/Users/sg2162/Library/CloudStorage/OneDrive-UniversityofCambridge/backup/project/PanCIA/analysis/a05_outcome_prediction/reasoning_model_comparison/baseline/reasoned_probability_maps/D2-025_T2FS_endometrioma.nii.gz,/Users/sg2162/Datasets/CancerDatasets/Endometriosis/EndoMRI_All/labels/D2-025_T2FS_seg.nii.gz,0.5,False,1,0,0,0,1,,0.0,3695.4009589449447,post
baseline,external_test,D2-071_T2FS,D2-071,T2FS,/Users/sg2162/Library/CloudStorage/OneDrive-UniversityofCambridge/backup/project/PanCIA/analysis/a05_outcome_prediction/reasoning_model_comparison/baseline/reasoned_probability_maps/D2-071_T2FS_endometrioma.nii.gz,/Users/sg2162/Datasets/CancerDatasets/Endometriosis/EndoMRI_All/labels/D2-071_T2FS_seg.nii.gz,0.5,True,0,1,0,1,0,0.0,,0.0,post
baseline,external_test,D2-049_T2FS,D2-049,T2FS,/Users/sg2162/Library/CloudStorage/OneDrive-UniversityofCambridge/backup/project/PanCIA/analysis/a05_outcome_prediction/reasoning_model_comparison/baseline/reasoned_probability_maps/D2-049_T2FS_endometrioma.nii.gz,/Users/sg2162/Datasets/CancerDatasets/Endometriosis/EndoMRI_All/labels/D2-049_T2FS_seg.nii.gz,0.5,False,0,0,0,0,0,,,0.0,post
baseline,external_test,D2-076_T2FS,D2-076,T2FS,/Users/sg2162/Library/CloudStorage/OneDrive-UniversityofCambridge/backup/project/PanCIA/analysis/a05_outcome_prediction/reasoning_model_comparison/baseline/reasoned_probability_maps/D2-076_T2FS_endometrioma.nii.gz,/Users/sg2162/Datasets/CancerDatasets/Endometriosis/EndoMRI_All/labels/D2-076_T2FS_seg.nii.gz,0.5,False,1,0,0,0,1,,0.0,75673.82639383589,post
baseline,external_test,D2-040_T2FS,D2-040,T2FS,/Users/sg2162/Library/CloudStorage/OneDrive-UniversityofCambridge/backup/project/PanCIA/analysis/a05_outcome_prediction/reasoning_model_comparison/baseline/reasoned_probability_maps/D2-040_T2FS_endometrioma.nii.gz,/Users/sg2162/Datasets/CancerDatasets/Endometriosis/EndoMRI_All/labels/D2-040_T2FS_seg.nii.gz,0.5,True,1,1,1,0,0,1.0,1.0,227.05077783900532,post
baseline,external_test,D2-078_T2FS,D2-078,T2FS,/Users/sg2162/Library/CloudStorage/OneDrive-UniversityofCambridge/backup/project/PanCIA/analysis/a05_outcome_prediction/reasoning_model_comparison/baseline/reasoned_probability_maps/D2-078_T2FS_endometrioma.nii.gz,/Users/sg2162/Datasets/CancerDatasets/Endometriosis/EndoMRI_All/labels/D2-078_T2FS_seg.nii.gz,0.5,True,1,2,0,2,1,0.0,0.0,6174.3159404324615,post
baseline,external_test,D2-047_T2,D2-047,T2,/Users/sg2162/Library/CloudStorage/OneDrive-UniversityofCambridge/backup/project/PanCIA/analysis/a05_outcome_prediction/reasoning_model_comparison/baseline/reasoned_probability_maps/D2-047_T2_endometrioma.nii.gz,/Users/sg2162/Datasets/CancerDatasets/Endometriosis/EndoMRI_All/labels/D2-047_T2_seg.nii.gz,0.5,False,0,0,0,0,0,,,0.0,post
baseline,external_test,D2-047_T2FS,D2-047,T2FS,/Users/sg2162/Library/CloudStorage/OneDrive-UniversityofCambridge/backup/project/PanCIA/analysis/a05_outcome_prediction/reasoning_model_comparison/baseline/reasoned_probability_maps/D2-047_T2FS_endometrioma.nii.gz,/Users/sg2162/Datasets/CancerDatasets/Endometriosis/EndoMRI_All/labels/D2-047_T2FS_seg.nii.gz,0.5,False,0,0,0,0,0,,,0.0,post
baseline,external_test,D2-065_T2FS,D2-065,T2FS,/Users/sg2162/Library/CloudStorage/OneDrive-UniversityofCambridge/backup/project/PanCIA/analysis/a05_outcome_prediction/reasoning_model_comparison/baseline/reasoned_probability_maps/D2-065_T2FS_endometrioma.nii.gz,/Users/sg2162/Datasets/CancerDatasets/Endometriosis/EndoMRI_All/labels/D2-065_T2FS_seg.nii.gz,0.5,False,1,0,0,0,1,,0.0,4069.524385237875,post
baseline,external_test,D2-062_T2FS,D2-062,T2FS,/Users/sg2162/Library/CloudStorage/OneDrive-UniversityofCambridge/backup/project/PanCIA/analysis/a05_outcome_prediction/reasoning_model_comparison/baseline/reasoned_probability_maps/D2-062_T2FS_endometrioma.nii.gz,/Users/sg2162/Datasets/CancerDatasets/Endometriosis/EndoMRI_All/labels/D2-062_T2FS_seg.nii.gz,0.5,False,0,0,0,0,0,,,0.0,post
baseline,external_test,D2-054_T2FS,D2-054,T2FS,/Users/sg2162/Library/CloudStorage/OneDrive-UniversityofCambridge/backup/project/PanCIA/analysis/a05_outcome_prediction/reasoning_model_comparison/baseline/reasoned_probability_maps/D2-054_T2FS_endometrioma.nii.gz,/Users/sg2162/Datasets/CancerDatasets/Endometriosis/EndoMRI_All/labels/D2-054_T2FS_seg.nii.gz,0.5,True,1,1,1,0,0,1.0,1.0,32911.37536333422,post
baseline,external_test,D2-053_T2,D2-053,T2,/Users/sg2162/Library/CloudStorage/OneDrive-UniversityofCambridge/backup/project/PanCIA/analysis/a05_outcome_prediction/reasoning_model_comparison/baseline/reasoned_probability_maps/D2-053_T2_endometrioma.nii.gz,/Users/sg2162/Datasets/CancerDatasets/Endometriosis/EndoMRI_All/labels/D2-053_T2_seg.nii.gz,0.5,False,0,0,0,0,0,,,0.0,post
baseline,external_test,D2-053_T2FS,D2-053,T2FS,/Users/sg2162/Library/CloudStorage/OneDrive-UniversityofCambridge/backup/project/PanCIA/analysis/a05_outcome_prediction/reasoning_model_comparison/baseline/reasoned_probability_maps/D2-053_T2FS_endometrioma.nii.gz,/Users/sg2162/Datasets/CancerDatasets/Endometriosis/EndoMRI_All/labels/D2-053_T2FS_seg.nii.gz,0.5,False,0,0,0,0,0,,,0.0,post
baseline,external_test,D2-038_T2FS,D2-038,T2FS,/Users/sg2162/Library/CloudStorage/OneDrive-UniversityofCambridge/backup/project/PanCIA/analysis/a05_outcome_prediction/reasoning_model_comparison/baseline/reasoned_probability_maps/D2-038_T2FS_endometrioma.nii.gz,/Users/sg2162/Datasets/CancerDatasets/Endometriosis/EndoMRI_All/labels/D2-038_T2FS_seg.nii.gz,0.5,False,1,0,0,0,1,,0.0,11802.97883531498,post
baseline,external_test,D2-007_T2,D2-007,T2,/Users/sg2162/Library/CloudStorage/OneDrive-UniversityofCambridge/backup/project/PanCIA/analysis/a05_outcome_prediction/reasoning_model_comparison/baseline/reasoned_probability_maps/D2-007_T2_endometrioma.nii.gz,/Users/sg2162/Datasets/CancerDatasets/Endometriosis/EndoMRI_All/labels/D2-007_T2_seg.nii.gz,0.5,False,0,0,0,0,0,,,0.0,post
baseline,external_test,D2-007_T2FS,D2-007,T2FS,/Users/sg2162/Library/CloudStorage/OneDrive-UniversityofCambridge/backup/project/PanCIA/analysis/a05_outcome_prediction/reasoning_model_comparison/baseline/reasoned_probability_maps/D2-007_T2FS_endometrioma.nii.gz,/Users/sg2162/Datasets/CancerDatasets/Endometriosis/EndoMRI_All/labels/D2-007_T2FS_seg.nii.gz,0.5,False,0,0,0,0,0,,,0.0,post
baseline,external_test,D2-000_T2FS,D2-000,T2FS,/Users/sg2162/Library/CloudStorage/OneDrive-UniversityofCambridge/backup/project/PanCIA/analysis/a05_outcome_prediction/reasoning_model_comparison/baseline/reasoned_probability_maps/D2-000_T2FS_endometrioma.nii.gz,/Users/sg2162/Datasets/CancerDatasets/Endometriosis/EndoMRI_All/labels/D2-000_T2FS_seg.nii.gz,0.5,False,1,0,0,0,1,,0.0,19033.884407803544,post
baseline,external_test,D2-000_T2,D2-000,T2,/Users/sg2162/Library/CloudStorage/OneDrive-UniversityofCambridge/backup/project/PanCIA/analysis/a05_outcome_prediction/reasoning_model_comparison/baseline/reasoned_probability_maps/D2-000_T2_endometrioma.nii.gz,/Users/sg2162/Datasets/CancerDatasets/Endometriosis/EndoMRI_All/labels/D2-000_T2_seg.nii.gz,0.5,False,0,0,0,0,0,,,0.0,post
baseline,external_test,D2-009_T2FS,D2-009,T2FS,/Users/sg2162/Library/CloudStorage/OneDrive-UniversityofCambridge/backup/project/PanCIA/analysis/a05_outcome_prediction/reasoning_model_comparison/baseline/reasoned_probability_maps/D2-009_T2FS_endometrioma.nii.gz,/Users/sg2162/Datasets/CancerDatasets/Endometriosis/EndoMRI_All/labels/D2-009_T2FS_seg.nii.gz,0.5,True,0,1,0,1,0,0.0,,0.0,post
baseline,external_test,D2-009_T2,D2-009,T2,/Users/sg2162/Library/CloudStorage/OneDrive-UniversityofCambridge/backup/project/PanCIA/analysis/a05_outcome_prediction/reasoning_model_comparison/baseline/reasoned_probability_maps/D2-009_T2_endometrioma.nii.gz,/Users/sg2162/Datasets/CancerDatasets/Endometriosis/EndoMRI_All/labels/D2-009_T2_seg.nii.gz,0.5,True,0,1,0,1,0,0.0,,0.0,post
baseline,external_test,D2-052_T2FS,D2-052,T2FS,/Users/sg2162/Library/CloudStorage/OneDrive-UniversityofCambridge/backup/project/PanCIA/analysis/a05_outcome_prediction/reasoning_model_comparison/baseline/reasoned_probability_maps/D2-052_T2FS_endometrioma.nii.gz,/Users/sg2162/Datasets/CancerDatasets/Endometriosis/EndoMRI_All/labels/D2-052_T2FS_seg.nii.gz,0.5,False,0,0,0,0,0,,,0.0,post
baseline,external_test,D2-052_T2,D2-052,T2,/Users/sg2162/Library/CloudStorage/OneDrive-UniversityofCambridge/backup/project/PanCIA/analysis/a05_outcome_prediction/reasoning_model_comparison/baseline/reasoned_probability_maps/D2-052_T2_endometrioma.nii.gz,/Users/sg2162/Datasets/CancerDatasets/Endometriosis/EndoMRI_All/labels/D2-052_T2_seg.nii.gz,0.5,False,0,0,0,0,0,,,0.0,post
baseline,external_test,D2-055_T2FS,D2-055,T2FS,/Users/sg2162/Library/CloudStorage/OneDrive-UniversityofCambridge/backup/project/PanCIA/analysis/a05_outcome_prediction/reasoning_model_comparison/baseline/reasoned_probability_maps/D2-055_T2FS_endometrioma.nii.gz,/Users/sg2162/Datasets/CancerDatasets/Endometriosis/EndoMRI_All/labels/D2-055_T2FS_seg.nii.gz,0.5,False,1,0,0,0,1,,0.0,15432.130749221395,post
baseline,external_test,D2-064_T2FS,D2-064,T2FS,/Users/sg2162/Library/CloudStorage/OneDrive-UniversityofCambridge/backup/project/PanCIA/analysis/a05_outcome_prediction/reasoning_model_comparison/baseline/reasoned_probability_maps/D2-064_T2FS_endometrioma.nii.gz,/Users/sg2162/Datasets/CancerDatasets/Endometriosis/EndoMRI_All/labels/D2-064_T2FS_seg.nii.gz,0.5,False,0,0,0,0,0,,,0.0,post
baseline,external_test,D2-008_T2FS,D2-008,T2FS,/Users/sg2162/Library/CloudStorage/OneDrive-UniversityofCambridge/backup/project/PanCIA/analysis/a05_outcome_prediction/reasoning_model_comparison/baseline/reasoned_probability_maps/D2-008_T2FS_endometrioma.nii.gz,/Users/sg2162/Datasets/CancerDatasets/Endometriosis/EndoMRI_All/labels/D2-008_T2FS_seg.nii.gz,0.5,False,0,0,0,0,0,,,0.0,post
baseline,external_test,D2-001_T2FS,D2-001,T2FS,/Users/sg2162/Library/CloudStorage/OneDrive-UniversityofCambridge/backup/project/PanCIA/analysis/a05_outcome_prediction/reasoning_model_comparison/baseline/reasoned_probability_maps/D2-001_T2FS_endometrioma.nii.gz,/Users/sg2162/Datasets/CancerDatasets/Endometriosis/EndoMRI_All/labels/D2-001_T2FS_seg.nii.gz,0.5,False,1,0,0,0,1,,0.0,21826.17217560024,post
baseline,external_test,D2-039_T2FS,D2-039,T2FS,/Users/sg2162/Library/CloudStorage/OneDrive-UniversityofCambridge/backup/project/PanCIA/analysis/a05_outcome_prediction/reasoning_model_comparison/baseline/reasoned_probability_maps/D2-039_T2FS_endometrioma.nii.gz,/Users/sg2162/Datasets/CancerDatasets/Endometriosis/EndoMRI_All/labels/D2-039_T2FS_seg.nii.gz,0.5,False,0,0,0,0,0,,,0.0,post
baseline,external_test,D2-006_T2FS,D2-006,T2FS,/Users/sg2162/Library/CloudStorage/OneDrive-UniversityofCambridge/backup/project/PanCIA/analysis/a05_outcome_prediction/reasoning_model_comparison/baseline/reasoned_probability_maps/D2-006_T2FS_endometrioma.nii.gz,/Users/sg2162/Datasets/CancerDatasets/Endometriosis/EndoMRI_All/labels/D2-006_T2FS_seg.nii.gz,0.5,False,1,0,0,0,1,,0.0,7053.749899559741,post
baseline,external_test,D2-042_T2FS,D2-042,T2FS,/Users/sg2162/Library/CloudStorage/OneDrive-UniversityofCambridge/backup/project/PanCIA/analysis/a05_outcome_prediction/reasoning_model_comparison/baseline/reasoned_probability_maps/D2-042_T2FS_endometrioma.nii.gz,/Users/sg2162/Datasets/CancerDatasets/Endometriosis/EndoMRI_All/labels/D2-042_T2FS_seg.nii.gz,0.5,False,0,0,0,0,0,,,0.0,post
baseline,external_test,D2-042_T2,D2-042,T2,/Users/sg2162/Library/CloudStorage/OneDrive-UniversityofCambridge/backup/project/PanCIA/analysis/a05_outcome_prediction/reasoning_model_comparison/baseline/reasoned_probability_maps/D2-042_T2_endometrioma.nii.gz,/Users/sg2162/Datasets/CancerDatasets/Endometriosis/EndoMRI_All/labels/D2-042_T2_seg.nii.gz,0.5,False,0,0,0,0,0,,,0.0,post
baseline,external_test,D2-045_T2FS,D2-045,T2FS,/Users/sg2162/Library/CloudStorage/OneDrive-UniversityofCambridge/backup/project/PanCIA/analysis/a05_outcome_prediction/reasoning_model_comparison/baseline/reasoned_probability_maps/D2-045_T2FS_endometrioma.nii.gz,/Users/sg2162/Datasets/CancerDatasets/Endometriosis/EndoMRI_All/labels/D2-045_T2FS_seg.nii.gz,0.5,False,1,0,0,0,1,,0.0,8829.345823964635,post
baseline,external_test,D2-073_T2FS,D2-073,T2FS,/Users/sg2162/Library/CloudStorage/OneDrive-UniversityofCambridge/backup/project/PanCIA/analysis/a05_outcome_prediction/reasoning_model_comparison/baseline/reasoned_probability_maps/D2-073_T2FS_endometrioma.nii.gz,/Users/sg2162/Datasets/CancerDatasets/Endometriosis/EndoMRI_All/labels/D2-073_T2FS_seg.nii.gz,0.5,False,0,0,0,0,0,,,0.0,post
baseline,external_test,D2-080_T2FS,D2-080,T2FS,/Users/sg2162/Library/CloudStorage/OneDrive-UniversityofCambridge/backup/project/PanCIA/analysis/a05_outcome_prediction/reasoning_model_comparison/baseline/reasoned_probability_maps/D2-080_T2FS_endometrioma.nii.gz,/Users/sg2162/Datasets/CancerDatasets/Endometriosis/EndoMRI_All/labels/D2-080_T2FS_seg.nii.gz,0.5,False,0,0,0,0,0,,,0.0,post
baseline,external_test,D2-074_T2FS,D2-074,T2FS,/Users/sg2162/Library/CloudStorage/OneDrive-UniversityofCambridge/backup/project/PanCIA/analysis/a05_outcome_prediction/reasoning_model_comparison/baseline/reasoned_probability_maps/D2-074_T2FS_endometrioma.nii.gz,/Users/sg2162/Datasets/CancerDatasets/Endometriosis/EndoMRI_All/labels/D2-074_T2FS_seg.nii.gz,0.5,False,0,0,0,0,0,,,0.0,post
baseline,external_test,D2-020_T2FS,D2-020,T2FS,/Users/sg2162/Library/CloudStorage/OneDrive-UniversityofCambridge/backup/project/PanCIA/analysis/a05_outcome_prediction/reasoning_model_comparison/baseline/reasoned_probability_maps/D2-020_T2FS_endometrioma.nii.gz,/Users/sg2162/Datasets/CancerDatasets/Endometriosis/EndoMRI_All/labels/D2-020_T2FS_seg.nii.gz,0.5,False,0,0,0,0,0,,,0.0,post
baseline,external_test,D2-027_T2FS,D2-027,T2FS,/Users/sg2162/Library/CloudStorage/OneDrive-UniversityofCambridge/backup/project/PanCIA/analysis/a05_outcome_prediction/reasoning_model_comparison/baseline/reasoned_probability_maps/D2-027_T2FS_endometrioma.nii.gz,/Users/sg2162/Datasets/CancerDatasets/Endometriosis/EndoMRI_All/labels/D2-027_T2FS_seg.nii.gz,0.5,False,1,0,0,0,1,,0.0,3587.919785821638,post
baseline,external_test,D2-018_T2FS,D2-018,T2FS,/Users/sg2162/Library/CloudStorage/OneDrive-UniversityofCambridge/backup/project/PanCIA/analysis/a05_outcome_prediction/reasoning_model_comparison/baseline/reasoned_probability_maps/D2-018_T2FS_endometrioma.nii.gz,/Users/sg2162/Datasets/CancerDatasets/Endometriosis/EndoMRI_All/labels/D2-018_T2FS_seg.nii.gz,0.5,False,1,0,0,0,1,,0.0,19591.737081856307,post
baseline,external_test,D2-011_T2FS,D2-011,T2FS,/Users/sg2162/Library/CloudStorage/OneDrive-UniversityofCambridge/backup/project/PanCIA/analysis/a05_outcome_prediction/reasoning_model_comparison/baseline/reasoned_probability_maps/D2-011_T2FS_endometrioma.nii.gz,/Users/sg2162/Datasets/CancerDatasets/Endometriosis/EndoMRI_All/labels/D2-011_T2FS_seg.nii.gz,0.5,False,1,0,0,0,1,,0.0,1126.8594658238128,post
baseline,external_test,D2-016_T2FS,D2-016,T2FS,/Users/sg2162/Library/CloudStorage/OneDrive-UniversityofCambridge/backup/project/PanCIA/analysis/a05_outcome_prediction/reasoning_model_comparison/baseline/reasoned_probability_maps/D2-016_T2FS_endometrioma.nii.gz,/Users/sg2162/Datasets/CancerDatasets/Endometriosis/EndoMRI_All/labels/D2-016_T2FS_seg.nii.gz,0.5,False,1,0,0,0,1,,0.0,12578.28607726692,post
baseline,external_test,D2-029_T2FS,D2-029,T2FS,/Users/sg2162/Library/CloudStorage/OneDrive-UniversityofCambridge/backup/project/PanCIA/analysis/a05_outcome_prediction/reasoning_model_comparison/baseline/reasoned_probability_maps/D2-029_T2FS_endometrioma.nii.gz,/Users/sg2162/Datasets/CancerDatasets/Endometriosis/EndoMRI_All/labels/D2-029_T2FS_seg.nii.gz,0.5,False,0,0,0,0,0,,,0.0,post
baseline,external_test,D2-075_T2FS,D2-075,T2FS,/Users/sg2162/Library/CloudStorage/OneDrive-UniversityofCambridge/backup/project/PanCIA/analysis/a05_outcome_prediction/reasoning_model_comparison/baseline/reasoned_probability_maps/D2-075_T2FS_endometrioma.nii.gz,/Users/sg2162/Datasets/CancerDatasets/Endometriosis/EndoMRI_All/labels/D2-075_T2FS_seg.nii.gz,0.5,False,0,0,0,0,0,,,0.0,post
baseline,external_test,D2-072_T2FS,D2-072,T2FS,/Users/sg2162/Library/CloudStorage/OneDrive-UniversityofCambridge/backup/project/PanCIA/analysis/a05_outcome_prediction/reasoning_model_comparison/baseline/reasoned_probability_maps/D2-072_T2FS_endometrioma.nii.gz,/Users/sg2162/Datasets/CancerDatasets/Endometriosis/EndoMRI_All/labels/D2-072_T2FS_seg.nii.gz,0.5,True,1,1,1,0,0,1.0,1.0,14527.587121128072,post
baseline,external_test,D2-044_T2FS,D2-044,T2FS,/Users/sg2162/Library/CloudStorage/OneDrive-UniversityofCambridge/backup/project/PanCIA/analysis/a05_outcome_prediction/reasoning_model_comparison/baseline/reasoned_probability_maps/D2-044_T2FS_endometrioma.nii.gz,/Users/sg2162/Datasets/CancerDatasets/Endometriosis/EndoMRI_All/labels/D2-044_T2FS_seg.nii.gz,0.5,False,1,0,0,0,1,,0.0,3859.8626311771573,post
baseline,external_test,D2-043_T2FS,D2-043,T2FS,/Users/sg2162/Library/CloudStorage/OneDrive-UniversityofCambridge/backup/project/PanCIA/analysis/a05_outcome_prediction/reasoning_model_comparison/baseline/reasoned_probability_maps/D2-043_T2FS_endometrioma.nii.gz,/Users/sg2162/Datasets/CancerDatasets/Endometriosis/EndoMRI_All/labels/D2-043_T2FS_seg.nii.gz,0.5,False,0,0,0,0,0,,,0.0,post
baseline,external_test,D2-043_T2,D2-043,T2,/Users/sg2162/Library/CloudStorage/OneDrive-UniversityofCambridge/backup/project/PanCIA/analysis/a05_outcome_prediction/reasoning_model_comparison/baseline/reasoned_probability_maps/D2-043_T2_endometrioma.nii.gz,/Users/sg2162/Datasets/CancerDatasets/Endometriosis/EndoMRI_All/labels/D2-043_T2_seg.nii.gz,0.5,False,0,0,0,0,0,,,0.0,post
baseline,external_test,D2-017_T2FS,D2-017,T2FS,/Users/sg2162/Library/CloudStorage/OneDrive-UniversityofCambridge/backup/project/PanCIA/analysis/a05_outcome_prediction/reasoning_model_comparison/baseline/reasoned_probability_maps/D2-017_T2FS_endometrioma.nii.gz,/Users/sg2162/Datasets/CancerDatasets/Endometriosis/EndoMRI_All/labels/D2-017_T2FS_seg.nii.gz,0.5,False,0,0,0,0,0,,,0.0,post
baseline,external_test,D2-028_T2FS,D2-028,T2FS,/Users/sg2162/Library/CloudStorage/OneDrive-UniversityofCambridge/backup/project/PanCIA/analysis/a05_outcome_prediction/reasoning_model_comparison/baseline/reasoned_probability_maps/D2-028_T2FS_endometrioma.nii.gz,/Users/sg2162/Datasets/CancerDatasets/Endometriosis/EndoMRI_All/labels/D2-028_T2FS_seg.nii.gz,0.5,False,1,0,0,0,1,,0.0,1868.801857182251,post
baseline,external_test,D2-010_T2FS,D2-010,T2FS,/Users/sg2162/Library/CloudStorage/OneDrive-UniversityofCambridge/backup/project/PanCIA/analysis/a05_outcome_prediction/reasoning_model_comparison/baseline/reasoned_probability_maps/D2-010_T2FS_endometrioma.nii.gz,/Users/sg2162/Datasets/CancerDatasets/Endometriosis/EndoMRI_All/labels/D2-010_T2FS_seg.nii.gz,0.5,False,0,0,0,0,0,,,0.0,post
baseline,external_test,D2-026_T2FS,D2-026,T2FS,/Users/sg2162/Library/CloudStorage/OneDrive-UniversityofCambridge/backup/project/PanCIA/analysis/a05_outcome_prediction/reasoning_model_comparison/baseline/reasoned_probability_maps/D2-026_T2FS_endometrioma.nii.gz,/Users/sg2162/Datasets/CancerDatasets/Endometriosis/EndoMRI_All/labels/D2-026_T2FS_seg.nii.gz,0.5,False,0,0,0,0,0,,,0.0,post
baseline,external_test,D2-019_T2FS,D2-019,T2FS,/Users/sg2162/Library/CloudStorage/OneDrive-UniversityofCambridge/backup/project/PanCIA/analysis/a05_outcome_prediction/reasoning_model_comparison/baseline/reasoned_probability_maps/D2-019_T2FS_endometrioma.nii.gz,/Users/sg2162/Datasets/CancerDatasets/Endometriosis/EndoMRI_All/labels/D2-019_T2FS_seg.nii.gz,0.5,False,1,0,0,0,1,,0.0,4784.405378745266,post
baseline,external_test,D2-021_T2FS,D2-021,T2FS,/Users/sg2162/Library/CloudStorage/OneDrive-UniversityofCambridge/backup/project/PanCIA/analysis/a05_outcome_prediction/reasoning_model_comparison/baseline/reasoned_probability_maps/D2-021_T2FS_endometrioma.nii.gz,/Users/sg2162/Datasets/CancerDatasets/Endometriosis/EndoMRI_All/labels/D2-021_T2FS_seg.nii.gz,0.5,False,1,0,0,0,1,,0.0,3383.3674292621945,post
baseline,external_test,D2-003_T2,D2-003,T2,/Users/sg2162/Library/CloudStorage/OneDrive-UniversityofCambridge/backup/project/PanCIA/analysis/a05_outcome_prediction/reasoning_model_comparison/baseline/reasoned_probability_maps/D2-003_T2_endometrioma.nii.gz,/Users/sg2162/Datasets/CancerDatasets/Endometriosis/EndoMRI_All/labels/D2-003_T2_seg.nii.gz,0.5,False,0,0,0,0,0,,,0.0,post
baseline,external_test,D2-003_T2FS,D2-003,T2FS,/Users/sg2162/Library/CloudStorage/OneDrive-UniversityofCambridge/backup/project/PanCIA/analysis/a05_outcome_prediction/reasoning_model_comparison/baseline/reasoned_probability_maps/D2-003_T2FS_endometrioma.nii.gz,/Users/sg2162/Datasets/CancerDatasets/Endometriosis/EndoMRI_All/labels/D2-003_T2FS_seg.nii.gz,0.5,False,0,0,0,0,0,,,0.0,post
baseline,external_test,D2-004_T2FS,D2-004,T2FS,/Users/sg2162/Library/CloudStorage/OneDrive-UniversityofCambridge/backup/project/PanCIA/analysis/a05_outcome_prediction/reasoning_model_comparison/baseline/reasoned_probability_maps/D2-004_T2FS_endometrioma.nii.gz,/Users/sg2162/Datasets/CancerDatasets/Endometriosis/EndoMRI_All/labels/D2-004_T2FS_seg.nii.gz,0.5,False,0,0,0,0,0,,,0.0,post
baseline,external_test,D2-061_T2FS,D2-061,T2FS,/Users/sg2162/Library/CloudStorage/OneDrive-UniversityofCambridge/backup/project/PanCIA/analysis/a05_outcome_prediction/reasoning_model_comparison/baseline/reasoned_probability_maps/D2-061_T2FS_endometrioma.nii.gz,/Users/sg2162/Datasets/CancerDatasets/Endometriosis/EndoMRI_All/labels/D2-061_T2FS_seg.nii.gz,0.5,False,0,0,0,0,0,,,0.0,post
baseline,external_test,D2-066_T2FS,D2-066,T2FS,/Users/sg2162/Library/CloudStorage/OneDrive-UniversityofCambridge/backup/project/PanCIA/analysis/a05_outcome_prediction/reasoning_model_comparison/baseline/reasoned_probability_maps/D2-066_T2FS_endometrioma.nii.gz,/Users/sg2162/Datasets/CancerDatasets/Endometriosis/EndoMRI_All/labels/D2-066_T2FS_seg.nii.gz,0.5,False,1,0,0,0,1,,0.0,56917.82726628421,post
baseline,external_test,D2-059_T2FS,D2-059,T2FS,/Users/sg2162/Library/CloudStorage/OneDrive-UniversityofCambridge/backup/project/PanCIA/analysis/a05_outcome_prediction/reasoning_model_comparison/baseline/reasoned_probability_maps/D2-059_T2FS_endometrioma.nii.gz,/Users/sg2162/Datasets/CancerDatasets/Endometriosis/EndoMRI_All/labels/D2-059_T2FS_seg.nii.gz,0.5,False,0,0,0,0,0,,,0.0,post
baseline,external_test,D2-050_T2FS,D2-050,T2FS,/Users/sg2162/Library/CloudStorage/OneDrive-UniversityofCambridge/backup/project/PanCIA/analysis/a05_outcome_prediction/reasoning_model_comparison/baseline/reasoned_probability_maps/D2-050_T2FS_endometrioma.nii.gz,/Users/sg2162/Datasets/CancerDatasets/Endometriosis/EndoMRI_All/labels/D2-050_T2FS_seg.nii.gz,0.5,False,0,0,0,0,0,,,0.0,post
baseline,external_test,D2-057_T2FS,D2-057,T2FS,/Users/sg2162/Library/CloudStorage/OneDrive-UniversityofCambridge/backup/project/PanCIA/analysis/a05_outcome_prediction/reasoning_model_comparison/baseline/reasoned_probability_maps/D2-057_T2FS_endometrioma.nii.gz,/Users/sg2162/Datasets/CancerDatasets/Endometriosis/EndoMRI_All/labels/D2-057_T2FS_seg.nii.gz,0.5,False,0,0,0,0,0,,,0.0,post
baseline,external_test,D2-005_T2FS,D2-005,T2FS,/Users/sg2162/Library/CloudStorage/OneDrive-UniversityofCambridge/backup/project/PanCIA/analysis/a05_outcome_prediction/reasoning_model_comparison/baseline/reasoned_probability_maps/D2-005_T2FS_endometrioma.nii.gz,/Users/sg2162/Datasets/CancerDatasets/Endometriosis/EndoMRI_All/labels/D2-005_T2FS_seg.nii.gz,0.5,False,0,0,0,0,0,,,0.0,post
baseline,external_test,D2-002_T2,D2-002,T2,/Users/sg2162/Library/CloudStorage/OneDrive-UniversityofCambridge/backup/project/PanCIA/analysis/a05_outcome_prediction/reasoning_model_comparison/baseline/reasoned_probability_maps/D2-002_T2_endometrioma.nii.gz,/Users/sg2162/Datasets/CancerDatasets/Endometriosis/EndoMRI_All/labels/D2-002_T2_seg.nii.gz,0.5,False,1,0,0,0,1,,0.0,32388.14266151532,post
baseline,external_test,D2-002_T2FS,D2-002,T2FS,/Users/sg2162/Library/CloudStorage/OneDrive-UniversityofCambridge/backup/project/PanCIA/analysis/a05_outcome_prediction/reasoning_model_comparison/baseline/reasoned_probability_maps/D2-002_T2FS_endometrioma.nii.gz,/Users/sg2162/Datasets/CancerDatasets/Endometriosis/EndoMRI_All/labels/D2-002_T2FS_seg.nii.gz,0.5,False,1,0,0,0,1,,0.0,38232.8781520216,post
baseline,external_test,D2-056_T2FS,D2-056,T2FS,/Users/sg2162/Library/CloudStorage/OneDrive-UniversityofCambridge/backup/project/PanCIA/analysis/a05_outcome_prediction/reasoning_model_comparison/baseline/reasoned_probability_maps/D2-056_T2FS_endometrioma.nii.gz,/Users/sg2162/Datasets/CancerDatasets/Endometriosis/EndoMRI_All/labels/D2-056_T2FS_seg.nii.gz,0.5,False,1,0,0,0,1,,0.0,17276.651373437213,post
baseline,external_test,D2-056_T2,D2-056,T2,/Users/sg2162/Library/CloudStorage/OneDrive-UniversityofCambridge/backup/project/PanCIA/analysis/a05_outcome_prediction/reasoning_model_comparison/baseline/reasoned_probability_maps/D2-056_T2_endometrioma.nii.gz,/Users/sg2162/Datasets/CancerDatasets/Endometriosis/EndoMRI_All/labels/D2-056_T2_seg.nii.gz,0.5,False,0,0,0,0,0,,,0.0,post
baseline,external_test,D2-051_T2FS,D2-051,T2FS,/Users/sg2162/Library/CloudStorage/OneDrive-UniversityofCambridge/backup/project/PanCIA/analysis/a05_outcome_prediction/reasoning_model_comparison/baseline/reasoned_probability_maps/D2-051_T2FS_endometrioma.nii.gz,/Users/sg2162/Datasets/CancerDatasets/Endometriosis/EndoMRI_All/labels/D2-051_T2FS_seg.nii.gz,0.5,False,0,0,0,0,0,,,0.0,post
baseline,external_test,D2-051_T2,D2-051,T2,/Users/sg2162/Library/CloudStorage/OneDrive-UniversityofCambridge/backup/project/PanCIA/analysis/a05_outcome_prediction/reasoning_model_comparison/baseline/reasoned_probability_maps/D2-051_T2_endometrioma.nii.gz,/Users/sg2162/Datasets/CancerDatasets/Endometriosis/EndoMRI_All/labels/D2-051_T2_seg.nii.gz,0.5,False,0,0,0,0,0,,,0.0,post
baseline,external_test,D2-067_T2FS,D2-067,T2FS,/Users/sg2162/Library/CloudStorage/OneDrive-UniversityofCambridge/backup/project/PanCIA/analysis/a05_outcome_prediction/reasoning_model_comparison/baseline/reasoned_probability_maps/D2-067_T2FS_endometrioma.nii.gz,/Users/sg2162/Datasets/CancerDatasets/Endometriosis/EndoMRI_All/labels/D2-067_T2FS_seg.nii.gz,0.5,False,0,0,0,0,0,,,0.0,post
baseline,external_test,D2-058_T2,D2-058,T2,/Users/sg2162/Library/CloudStorage/OneDrive-UniversityofCambridge/backup/project/PanCIA/analysis/a05_outcome_prediction/reasoning_model_comparison/baseline/reasoned_probability_maps/D2-058_T2_endometrioma.nii.gz,/Users/sg2162/Datasets/CancerDatasets/Endometriosis/EndoMRI_All/labels/D2-058_T2_seg.nii.gz,0.5,False,0,0,0,0,0,,,0.0,post
baseline,external_test,D2-058_T2FS,D2-058,T2FS,/Users/sg2162/Library/CloudStorage/OneDrive-UniversityofCambridge/backup/project/PanCIA/analysis/a05_outcome_prediction/reasoning_model_comparison/baseline/reasoned_probability_maps/D2-058_T2FS_endometrioma.nii.gz,/Users/sg2162/Datasets/CancerDatasets/Endometriosis/EndoMRI_All/labels/D2-058_T2FS_seg.nii.gz,0.5,False,1,0,0,0,1,,0.0,5776.549390398803,post
baseline,external_test,D2-060_T2FS,D2-060,T2FS,/Users/sg2162/Library/CloudStorage/OneDrive-UniversityofCambridge/backup/project/PanCIA/analysis/a05_outcome_prediction/reasoning_model_comparison/baseline/reasoned_probability_maps/D2-060_T2FS_endometrioma.nii.gz,/Users/sg2162/Datasets/CancerDatasets/Endometriosis/EndoMRI_All/labels/D2-060_T2FS_seg.nii.gz,0.5,False,1,0,0,0,1,,0.0,5084.814309907844,post
baseline,external_test,D2-060_T2,D2-060,T2,/Users/sg2162/Library/CloudStorage/OneDrive-UniversityofCambridge/backup/project/PanCIA/analysis/a05_outcome_prediction/reasoning_model_comparison/baseline/reasoned_probability_maps/D2-060_T2_endometrioma.nii.gz,/Users/sg2162/Datasets/CancerDatasets/Endometriosis/EndoMRI_All/labels/D2-060_T2_seg.nii.gz,0.5,False,0,0,0,0,0,,,0.0,post
r6,internal_test,D1-014_T1FS,D1-014,T1FS,/Users/sg2162/Datasets/CancerDatasets/Endometriosis/EndoMRI_All/segmentations_r6/BiomedParse/D1-014_T1FS_endometrioma.nii.gz,/Users/sg2162/Datasets/CancerDatasets/Endometriosis/EndoMRI_All/labels/D1-014_T1FS_seg.nii.gz,0.5,True,15,3,2,1,10,0.6666666666666666,0.3333333333333333,301426.0832495729,pre
r6,training,D1-025_T2,D1-025,T2,/Users/sg2162/Datasets/CancerDatasets/Endometriosis/EndoMRI_All/segmentations_r6/BiomedParse/D1-025_T2_endometrioma.nii.gz,/Users/sg2162/Datasets/CancerDatasets/Endometriosis/EndoMRI_All/labels/D1-025_T2_seg.nii.gz,0.5,False,9,0,0,0,9,,0.0,205480.00000000003,pre
r6,training,D1-049_T1FS,D1-049,T1FS,/Users/sg2162/Datasets/CancerDatasets/Endometriosis/EndoMRI_All/segmentations_r6/BiomedParse/D1-049_T1FS_endometrioma.nii.gz,/Users/sg2162/Datasets/CancerDatasets/Endometriosis/EndoMRI_All/labels/D1-049_T1FS_seg.nii.gz,0.5,True,33,1,1,0,31,1.0,0.06060606060606061,69842.99999493622,pre
r6,training,D1-049_T2,D1-049,T2,/Users/sg2162/Datasets/CancerDatasets/Endometriosis/EndoMRI_All/segmentations_r6/BiomedParse/D1-049_T2_endometrioma.nii.gz,/Users/sg2162/Datasets/CancerDatasets/Endometriosis/EndoMRI_All/labels/D1-049_T2_seg.nii.gz,0.5,False,11,0,0,0,11,,0.0,99851.62497948995,pre
r6,training,D1-024_T2,D1-024,T2,/Users/sg2162/Datasets/CancerDatasets/Endometriosis/EndoMRI_All/segmentations_r6/BiomedParse/D1-024_T2_endometrioma.nii.gz,/Users/sg2162/Datasets/CancerDatasets/Endometriosis/EndoMRI_All/labels/D1-024_T2_seg.nii.gz,0.5,False,20,0,0,0,20,,0.0,149818.00732831325,pre
r6,training,D1-024_T1FS,D1-024,T1FS,/Users/sg2162/Datasets/CancerDatasets/Endometriosis/EndoMRI_All/segmentations_r6/BiomedParse/D1-024_T1FS_endometrioma.nii.gz,/Users/sg2162/Datasets/CancerDatasets/Endometriosis/EndoMRI_All/labels/D1-024_T1FS_seg.nii.gz,0.5,True,16,2,2,0,14,1.0,0.125,76964.00376455646,pre
r6,training,D1-023_T2,D1-023,T2,/Users/sg2162/Datasets/CancerDatasets/Endometriosis/EndoMRI_All/segmentations_r6/BiomedParse/D1-023_T2_endometrioma.nii.gz,/Users/sg2162/Datasets/CancerDatasets/Endometriosis/EndoMRI_All/labels/D1-023_T2_seg.nii.gz,0.5,False,12,0,0,0,12,,0.0,168308.74750325797,pre
r6,training,D1-023_T1FS,D1-023,T1FS,/Users/sg2162/Datasets/CancerDatasets/Endometriosis/EndoMRI_All/segmentations_r6/BiomedParse/D1-023_T1FS_endometrioma.nii.gz,/Users/sg2162/Datasets/CancerDatasets/Endometriosis/EndoMRI_All/labels/D1-023_T1FS_seg.nii.gz,0.5,True,13,5,5,0,9,1.0,0.3076923076923077,43497.75073668574,pre
r6,training,D1-015_T2,D1-015,T2,/Users/sg2162/Datasets/CancerDatasets/Endometriosis/EndoMRI_All/segmentations_r6/BiomedParse/D1-015_T2_endometrioma.nii.gz,/Users/sg2162/Datasets/CancerDatasets/Endometriosis/EndoMRI_All/labels/D1-015_T2_seg.nii.gz,0.5,False,12,0,0,0,12,,0.0,97267.62740925766,pre
r6,internal_test,D1-012_T2,D1-012,T2,/Users/sg2162/Datasets/CancerDatasets/Endometriosis/EndoMRI_All/segmentations_r6/BiomedParse/D1-012_T2_endometrioma.nii.gz,/Users/sg2162/Datasets/CancerDatasets/Endometriosis/EndoMRI_All/labels/D1-012_T2_seg.nii.gz,0.5,False,14,0,0,0,14,,0.0,47278.75237804702,pre
r6,training,D1-046_T1FS,D1-046,T1FS,/Users/sg2162/Datasets/CancerDatasets/Endometriosis/EndoMRI_All/segmentations_r6/BiomedParse/D1-046_T1FS_endometrioma.nii.gz,/Users/sg2162/Datasets/CancerDatasets/Endometriosis/EndoMRI_All/labels/D1-046_T1FS_seg.nii.gz,0.5,False,34,0,0,0,34,,0.0,137700.4987315674,pre
r6,training,D1-041_T2,D1-041,T2,/Users/sg2162/Datasets/CancerDatasets/Endometriosis/EndoMRI_All/segmentations_r6/BiomedParse/D1-041_T2_endometrioma.nii.gz,/Users/sg2162/Datasets/CancerDatasets/Endometriosis/EndoMRI_All/labels/D1-041_T2_seg.nii.gz,0.5,False,21,0,0,0,21,,0.0,831920.3347257976,pre
r6,training,D1-041_T1FS,D1-041,T1FS,/Users/sg2162/Datasets/CancerDatasets/Endometriosis/EndoMRI_All/segmentations_r6/BiomedParse/D1-041_T1FS_endometrioma.nii.gz,/Users/sg2162/Datasets/CancerDatasets/Endometriosis/EndoMRI_All/labels/D1-041_T1FS_seg.nii.gz,0.5,True,36,3,3,0,34,1.0,0.05555555555555555,103562.9987228602,pre
r6,training,D1-048_T1FS,D1-048,T1FS,/Users/sg2162/Datasets/CancerDatasets/Endometriosis/EndoMRI_All/segmentations_r6/BiomedParse/D1-048_T1FS_endometrioma.nii.gz,/Users/sg2162/Datasets/CancerDatasets/Endometriosis/EndoMRI_All/labels/D1-048_T1FS_seg.nii.gz,0.5,True,40,1,1,0,39,1.0,0.025,115271.50067325555,pre
r6,training,D1-030_T2,D1-030,T2,/Users/sg2162/Datasets/CancerDatasets/Endometriosis/EndoMRI_All/segmentations_r6/BiomedParse/D1-030_T2_endometrioma.nii.gz,/Users/sg2162/Datasets/CancerDatasets/Endometriosis/EndoMRI_All/labels/D1-030_T2_seg.nii.gz,0.5,False,8,0,0,0,8,,0.0,133770.00131093332,pre
r6,training,D1-008_T2,D1-008,T2,/Users/sg2162/Datasets/CancerDatasets/Endometriosis/EndoMRI_All/segmentations_r6/BiomedParse/D1-008_T2_endometrioma.nii.gz,/Users/sg2162/Datasets/CancerDatasets/Endometriosis/EndoMRI_All/labels/D1-008_T2_seg.nii.gz,0.5,True,12,1,1,0,11,1.0,0.08333333333333333,28571.39924311638,pre
r6,training,D1-008_T1FS,D1-008,T1FS,/Users/sg2162/Datasets/CancerDatasets/Endometriosis/EndoMRI_All/segmentations_r6/BiomedParse/D1-008_T1FS_endometrioma.nii.gz,/Users/sg2162/Datasets/CancerDatasets/Endometriosis/EndoMRI_All/labels/D1-008_T1FS_seg.nii.gz,0.5,True,19,2,1,1,18,0.5,0.05263157894736842,132777.00000000003,pre
r6,internal_test,D1-037_T1FS,D1-037,T1FS,/Users/sg2162/Datasets/CancerDatasets/Endometriosis/EndoMRI_All/segmentations_r6/BiomedParse/D1-037_T1FS_endometrioma.nii.gz,/Users/sg2162/Datasets/CancerDatasets/Endometriosis/EndoMRI_All/labels/D1-037_T1FS_seg.nii.gz,0.5,True,23,2,1,1,22,0.5,0.043478260869565216,87710.25,pre
r6,internal_test,D1-037_T2,D1-037,T2,/Users/sg2162/Datasets/CancerDatasets/Endometriosis/EndoMRI_All/segmentations_r6/BiomedParse/D1-037_T2_endometrioma.nii.gz,/Users/sg2162/Datasets/CancerDatasets/Endometriosis/EndoMRI_All/labels/D1-037_T2_seg.nii.gz,0.5,True,8,1,0,1,8,0.0,0.0,97256.25,pre
r6,training,D1-001_T2,D1-001,T2,/Users/sg2162/Datasets/CancerDatasets/Endometriosis/EndoMRI_All/segmentations_r6/BiomedParse/D1-001_T2_endometrioma.nii.gz,/Users/sg2162/Datasets/CancerDatasets/Endometriosis/EndoMRI_All/labels/D1-001_T2_seg.nii.gz,0.5,True,13,1,1,0,12,1.0,0.07692307692307693,84969.00615510346,pre
r6,internal_test,D1-001_T1FS,D1-001,T1FS,/Users/sg2162/Datasets/CancerDatasets/Endometriosis/EndoMRI_All/segmentations_r6/BiomedParse/D1-001_T1FS_endometrioma.nii.gz,/Users/sg2162/Datasets/CancerDatasets/Endometriosis/EndoMRI_All/labels/D1-001_T1FS_seg.nii.gz,0.5,True,19,1,1,0,17,1.0,0.10526315789473684,124898.95564652857,pre
r6,training,D1-039_T1FS,D1-039,T1FS,/Users/sg2162/Datasets/CancerDatasets/Endometriosis/EndoMRI_All/segmentations_r6/BiomedParse/D1-039_T1FS_endometrioma.nii.gz,/Users/sg2162/Datasets/CancerDatasets/Endometriosis/EndoMRI_All/labels/D1-039_T1FS_seg.nii.gz,0.5,True,9,4,3,1,5,0.75,0.4444444444444444,170271.4913660828,pre
r6,training,D1-006_T1FS,D1-006,T1FS,/Users/sg2162/Datasets/CancerDatasets/Endometriosis/EndoMRI_All/segmentations_r6/BiomedParse/D1-006_T1FS_endometrioma.nii.gz,/Users/sg2162/Datasets/CancerDatasets/Endometriosis/EndoMRI_All/labels/D1-006_T1FS_seg.nii.gz,0.5,False,14,0,0,0,14,,0.0,194493.74272236516,pre
r6,training,D1-038_T1FS,D1-038,T1FS,/Users/sg2162/Datasets/CancerDatasets/Endometriosis/EndoMRI_All/segmentations_r6/BiomedParse/D1-038_T1FS_endometrioma.nii.gz,/Users/sg2162/Datasets/CancerDatasets/Endometriosis/EndoMRI_All/labels/D1-038_T1FS_seg.nii.gz,0.5,True,27,1,1,0,26,1.0,0.037037037037037035,54310.49968219315,pre
r6,internal_test,D1-038_T2,D1-038,T2,/Users/sg2162/Datasets/CancerDatasets/Endometriosis/EndoMRI_All/segmentations_r6/BiomedParse/D1-038_T2_endometrioma.nii.gz,/Users/sg2162/Datasets/CancerDatasets/Endometriosis/EndoMRI_All/labels/D1-038_T2_seg.nii.gz,0.5,True,13,1,1,0,12,1.0,0.07692307692307693,47293.750389044035,pre
r6,training,D1-000_T1FS,D1-000,T1FS,/Users/sg2162/Datasets/CancerDatasets/Endometriosis/EndoMRI_All/segmentations_r6/BiomedParse/D1-000_T1FS_endometrioma.nii.gz,/Users/sg2162/Datasets/CancerDatasets/Endometriosis/EndoMRI_All/labels/D1-000_T1FS_seg.nii.gz,0.5,True,12,1,1,0,11,1.0,0.08333333333333333,84298.77081982979,pre
r6,training,D1-000_T2,D1-000,T2,/Users/sg2162/Datasets/CancerDatasets/Endometriosis/EndoMRI_All/segmentations_r6/BiomedParse/D1-000_T2_endometrioma.nii.gz,/Users/sg2162/Datasets/CancerDatasets/Endometriosis/EndoMRI_All/labels/D1-000_T2_seg.nii.gz,0.5,True,5,1,1,0,4,1.0,0.2,102948.74581371456,pre
r6,internal_test,D1-009_T1FS,D1-009,T1FS,/Users/sg2162/Datasets/CancerDatasets/Endometriosis/EndoMRI_All/segmentations_r6/BiomedParse/D1-009_T1FS_endometrioma.nii.gz,/Users/sg2162/Datasets/CancerDatasets/Endometriosis/EndoMRI_All/labels/D1-009_T1FS_seg.nii.gz,0.5,True,14,3,1,2,13,0.3333333333333333,0.07142857142857142,430574.3426372828,pre
r6,training,D1-009_T2,D1-009,T2,/Users/sg2162/Datasets/CancerDatasets/Endometriosis/EndoMRI_All/segmentations_r6/BiomedParse/D1-009_T2_endometrioma.nii.gz,/Users/sg2162/Datasets/CancerDatasets/Endometriosis/EndoMRI_All/labels/D1-009_T2_seg.nii.gz,0.5,True,21,2,2,0,19,1.0,0.09523809523809523,141746.6399801733,pre
r6,training,D1-036_T2,D1-036,T2,/Users/sg2162/Datasets/CancerDatasets/Endometriosis/EndoMRI_All/segmentations_r6/BiomedParse/D1-036_T2_endometrioma.nii.gz,/Users/sg2162/Datasets/CancerDatasets/Endometriosis/EndoMRI_All/labels/D1-036_T2_seg.nii.gz,0.5,False,6,0,0,0,6,,0.0,104802.49844532856,pre
r6,training,D1-043_T2,D1-043,T2,/Users/sg2162/Datasets/CancerDatasets/Endometriosis/EndoMRI_All/segmentations_r6/BiomedParse/D1-043_T2_endometrioma.nii.gz,/Users/sg2162/Datasets/CancerDatasets/Endometriosis/EndoMRI_All/labels/D1-043_T2_seg.nii.gz,0.5,True,11,1,1,0,10,1.0,0.09090909090909091,165937.49629299846,pre
r6,training,D1-043_T1FS,D1-043,T1FS,/Users/sg2162/Datasets/CancerDatasets/Endometriosis/EndoMRI_All/segmentations_r6/BiomedParse/D1-043_T1FS_endometrioma.nii.gz,/Users/sg2162/Datasets/CancerDatasets/Endometriosis/EndoMRI_All/labels/D1-043_T1FS_seg.nii.gz,0.5,True,7,1,1,0,6,1.0,0.14285714285714285,181379.99594801693,pre
r6,training,D1-017_T2,D1-017,T2,/Users/sg2162/Datasets/CancerDatasets/Endometriosis/EndoMRI_All/segmentations_r6/BiomedParse/D1-017_T2_endometrioma.nii.gz,/Users/sg2162/Datasets/CancerDatasets/Endometriosis/EndoMRI_All/labels/D1-017_T2_seg.nii.gz,0.5,True,23,6,2,4,22,0.3333333333333333,0.043478260869565216,207493.0162909558,pre
r6,training,D1-017_T1FS,D1-017,T1FS,/Users/sg2162/Datasets/CancerDatasets/Endometriosis/EndoMRI_All/segmentations_r6/BiomedParse/D1-017_T1FS_endometrioma.nii.gz,/Users/sg2162/Datasets/CancerDatasets/Endometriosis/EndoMRI_All/labels/D1-017_T1FS_seg.nii.gz,0.5,False,4,0,0,0,4,,0.0,722921.5047896366,pre
r6,internal_test,D1-028_T1FS,D1-028,T1FS,/Users/sg2162/Datasets/CancerDatasets/Endometriosis/EndoMRI_All/segmentations_r6/BiomedParse/D1-028_T1FS_endometrioma.nii.gz,/Users/sg2162/Datasets/CancerDatasets/Endometriosis/EndoMRI_All/labels/D1-028_T1FS_seg.nii.gz,0.5,True,13,1,1,0,12,1.0,0.07692307692307693,33858.749390358455,pre
r6,training,D1-028_T2,D1-028,T2,/Users/sg2162/Datasets/CancerDatasets/Endometriosis/EndoMRI_All/segmentations_r6/BiomedParse/D1-028_T2_endometrioma.nii.gz,/Users/sg2162/Datasets/CancerDatasets/Endometriosis/EndoMRI_All/labels/D1-028_T2_seg.nii.gz,0.5,False,6,0,0,0,6,,0.0,175225.6381914934,pre
r6,training,D1-026_T1FS,D1-026,T1FS,/Users/sg2162/Datasets/CancerDatasets/Endometriosis/EndoMRI_All/segmentations_r6/BiomedParse/D1-026_T1FS_endometrioma.nii.gz,/Users/sg2162/Datasets/CancerDatasets/Endometriosis/EndoMRI_All/labels/D1-026_T1FS_seg.nii.gz,0.5,True,21,2,1,1,20,0.5,0.047619047619047616,46790.2529511301,pre
r6,training,D1-026_T2,D1-026,T2,/Users/sg2162/Datasets/CancerDatasets/Endometriosis/EndoMRI_All/segmentations_r6/BiomedParse/D1-026_T2_endometrioma.nii.gz,/Users/sg2162/Datasets/CancerDatasets/Endometriosis/EndoMRI_All/labels/D1-026_T2_seg.nii.gz,0.5,False,7,0,0,0,7,,0.0,128046.26413282123,pre
r6,internal_test,D1-019_T1FS,D1-019,T1FS,/Users/sg2162/Datasets/CancerDatasets/Endometriosis/EndoMRI_All/segmentations_r6/BiomedParse/D1-019_T1FS_endometrioma.nii.gz,/Users/sg2162/Datasets/CancerDatasets/Endometriosis/EndoMRI_All/labels/D1-019_T1FS_seg.nii.gz,0.5,True,25,3,2,1,22,0.6666666666666666,0.12,26559.0018789537,pre
r6,training,D1-021_T1FS,D1-021,T1FS,/Users/sg2162/Datasets/CancerDatasets/Endometriosis/EndoMRI_All/segmentations_r6/BiomedParse/D1-021_T1FS_endometrioma.nii.gz,/Users/sg2162/Datasets/CancerDatasets/Endometriosis/EndoMRI_All/labels/D1-021_T1FS_seg.nii.gz,0.5,False,11,0,0,0,11,,0.0,78726.0008515705,pre
r6,training,D1-021_T2,D1-021,T2,/Users/sg2162/Datasets/CancerDatasets/Endometriosis/EndoMRI_All/segmentations_r6/BiomedParse/D1-021_T2_endometrioma.nii.gz,/Users/sg2162/Datasets/CancerDatasets/Endometriosis/EndoMRI_All/labels/D1-021_T2_seg.nii.gz,0.5,True,12,2,2,0,11,1.0,0.08333333333333333,57773.70032574205,pre
r6,training,D1-042_T2,D1-042,T2,/Users/sg2162/Datasets/CancerDatasets/Endometriosis/EndoMRI_All/segmentations_r6/BiomedParse/D1-042_T2_endometrioma.nii.gz,/Users/sg2162/Datasets/CancerDatasets/Endometriosis/EndoMRI_All/labels/D1-042_T2_seg.nii.gz,0.5,False,9,0,0,0,9,,0.0,138641.2337345837,pre
r6,training,D1-045_T2,D1-045,T2,/Users/sg2162/Datasets/CancerDatasets/Endometriosis/EndoMRI_All/segmentations_r6/BiomedParse/D1-045_T2_endometrioma.nii.gz,/Users/sg2162/Datasets/CancerDatasets/Endometriosis/EndoMRI_All/labels/D1-045_T2_seg.nii.gz,0.5,True,7,1,1,0,6,1.0,0.14285714285714285,553817.8960057325,pre
r6,training,D1-020_T2,D1-020,T2,/Users/sg2162/Datasets/CancerDatasets/Endometriosis/EndoMRI_All/segmentations_r6/BiomedParse/D1-020_T2_endometrioma.nii.gz,/Users/sg2162/Datasets/CancerDatasets/Endometriosis/EndoMRI_All/labels/D1-020_T2_seg.nii.gz,0.5,False,7,0,0,0,7,,0.0,81041.40111890415,pre
r6,training,D1-020_T1FS,D1-020,T1FS,/Users/sg2162/Datasets/CancerDatasets/Endometriosis/EndoMRI_All/segmentations_r6/BiomedParse/D1-020_T1FS_endometrioma.nii.gz,/Users/sg2162/Datasets/CancerDatasets/Endometriosis/EndoMRI_All/labels/D1-020_T1FS_seg.nii.gz,0.5,True,14,7,2,5,12,0.2857142857142857,0.14285714285714285,22705.10168597241,pre
r6,training,D1-018_T1FS,D1-018,T1FS,/Users/sg2162/Datasets/CancerDatasets/Endometriosis/EndoMRI_All/segmentations_r6/BiomedParse/D1-018_T1FS_endometrioma.nii.gz,/Users/sg2162/Datasets/CancerDatasets/Endometriosis/EndoMRI_All/labels/D1-018_T1FS_seg.nii.gz,0.5,True,21,2,1,1,20,0.5,0.047619047619047616,72242.25007545031,pre
r6,internal_test,D1-029_T2,D1-029,T2,/Users/sg2162/Datasets/CancerDatasets/Endometriosis/EndoMRI_All/segmentations_r6/BiomedParse/D1-029_T2_endometrioma.nii.gz,/Users/sg2162/Datasets/CancerDatasets/Endometriosis/EndoMRI_All/labels/D1-029_T2_seg.nii.gz,0.5,True,10,1,1,0,9,1.0,0.1,117987.24130491636,pre
r6,training,D1-029_T1FS,D1-029,T1FS,/Users/sg2162/Datasets/CancerDatasets/Endometriosis/EndoMRI_All/segmentations_r6/BiomedParse/D1-029_T1FS_endometrioma.nii.gz,/Users/sg2162/Datasets/CancerDatasets/Endometriosis/EndoMRI_All/labels/D1-029_T1FS_seg.nii.gz,0.5,True,5,1,1,0,4,1.0,0.2,20030.998763091622,pre
r6,training,D1-005_T2,D1-005,T2,/Users/sg2162/Datasets/CancerDatasets/Endometriosis/EndoMRI_All/segmentations_r6/BiomedParse/D1-005_T2_endometrioma.nii.gz,/Users/sg2162/Datasets/CancerDatasets/Endometriosis/EndoMRI_All/labels/D1-005_T2_seg.nii.gz,0.5,True,15,1,1,0,14,1.0,0.06666666666666667,47229.75344966219,pre
r6,internal_test,D1-002_T2,D1-002,T2,/Users/sg2162/Datasets/CancerDatasets/Endometriosis/EndoMRI_All/segmentations_r6/BiomedParse/D1-002_T2_endometrioma.nii.gz,/Users/sg2162/Datasets/CancerDatasets/Endometriosis/EndoMRI_All/labels/D1-002_T2_seg.nii.gz,0.5,False,18,0,0,0,18,,0.0,179547.875,pre
r6,training,D1-003_T2,D1-003,T2,/Users/sg2162/Datasets/CancerDatasets/Endometriosis/EndoMRI_All/segmentations_r6/BiomedParse/D1-003_T2_endometrioma.nii.gz,/Users/sg2162/Datasets/CancerDatasets/Endometriosis/EndoMRI_All/labels/D1-003_T2_seg.nii.gz,0.5,True,7,1,1,0,6,1.0,0.14285714285714285,176485.00838219887,pre
r6,training,D1-004_T2,D1-004,T2,/Users/sg2162/Datasets/CancerDatasets/Endometriosis/EndoMRI_All/segmentations_r6/BiomedParse/D1-004_T2_endometrioma.nii.gz,/Users/sg2162/Datasets/CancerDatasets/Endometriosis/EndoMRI_All/labels/D1-004_T2_seg.nii.gz,0.5,False,10,0,0,0,10,,0.0,684159.7797969755,pre
r6,training,D1-032_T2,D1-032,T2,/Users/sg2162/Datasets/CancerDatasets/Endometriosis/EndoMRI_All/segmentations_r6/BiomedParse/D1-032_T2_endometrioma.nii.gz,/Users/sg2162/Datasets/CancerDatasets/Endometriosis/EndoMRI_All/labels/D1-032_T2_seg.nii.gz,0.5,False,7,0,0,0,7,,0.0,54378.751016492584,pre
r6,internal_test,D1-035_T2,D1-035,T2,/Users/sg2162/Datasets/CancerDatasets/Endometriosis/EndoMRI_All/segmentations_r6/BiomedParse/D1-035_T2_endometrioma.nii.gz,/Users/sg2162/Datasets/CancerDatasets/Endometriosis/EndoMRI_All/labels/D1-035_T2_seg.nii.gz,0.5,False,8,0,0,0,8,,0.0,146425.5,pre
r6,training,D1-035_T1FS,D1-035,T1FS,/Users/sg2162/Datasets/CancerDatasets/Endometriosis/EndoMRI_All/segmentations_r6/BiomedParse/D1-035_T1FS_endometrioma.nii.gz,/Users/sg2162/Datasets/CancerDatasets/Endometriosis/EndoMRI_All/labels/D1-035_T1FS_seg.nii.gz,0.5,True,8,5,5,0,7,1.0,0.125,84260.25120600092,pre
r6,training,D1-050_T1FS,D1-050,T1FS,/Users/sg2162/Datasets/CancerDatasets/Endometriosis/EndoMRI_All/segmentations_r6/BiomedParse/D1-050_T1FS_endometrioma.nii.gz,/Users/sg2162/Datasets/CancerDatasets/Endometriosis/EndoMRI_All/labels/D1-050_T1FS_seg.nii.gz,0.5,True,15,1,1,0,14,1.0,0.06666666666666667,82480.221621773,pre
r6,external_test,D2-024_T2FS,D2-024,T2FS,/Users/sg2162/Datasets/CancerDatasets/Endometriosis/EndoMRI_All/segmentations_r6/BiomedParse/D2-024_T2FS_endometrioma.nii.gz,/Users/sg2162/Datasets/CancerDatasets/Endometriosis/EndoMRI_All/labels/D2-024_T2FS_seg.nii.gz,0.5,False,14,0,0,0,14,,0.0,129598.3921821166,pre
r6,external_test,D2-023_T2FS,D2-023,T2FS,/Users/sg2162/Datasets/CancerDatasets/Endometriosis/EndoMRI_All/segmentations_r6/BiomedParse/D2-023_T2FS_endometrioma.nii.gz,/Users/sg2162/Datasets/CancerDatasets/Endometriosis/EndoMRI_All/labels/D2-023_T2FS_seg.nii.gz,0.5,False,9,0,0,0,9,,0.0,90665.19750572098,pre
r6,external_test,D2-015_T2FS,D2-015,T2FS,/Users/sg2162/Datasets/CancerDatasets/Endometriosis/EndoMRI_All/segmentations_r6/BiomedParse/D2-015_T2FS_endometrioma.nii.gz,/Users/sg2162/Datasets/CancerDatasets/Endometriosis/EndoMRI_All/labels/D2-015_T2FS_seg.nii.gz,0.5,False,14,0,0,0,14,,0.0,161946.6205935758,pre
r6,external_test,D2-012_T2FS,D2-012,T2FS,/Users/sg2162/Datasets/CancerDatasets/Endometriosis/EndoMRI_All/segmentations_r6/BiomedParse/D2-012_T2FS_endometrioma.nii.gz,/Users/sg2162/Datasets/CancerDatasets/Endometriosis/EndoMRI_All/labels/D2-012_T2FS_seg.nii.gz,0.5,False,15,0,0,0,15,,0.0,139022.11581381742,pre
r6,external_test,D2-079_T2FS,D2-079,T2FS,/Users/sg2162/Datasets/CancerDatasets/Endometriosis/EndoMRI_All/segmentations_r6/BiomedParse/D2-079_T2FS_endometrioma.nii.gz,/Users/sg2162/Datasets/CancerDatasets/Endometriosis/EndoMRI_All/labels/D2-079_T2FS_seg.nii.gz,0.5,True,18,1,1,0,16,1.0,0.1111111111111111,121778.92041598969,pre
r6,external_test,D2-046_T2FS,D2-046,T2FS,/Users/sg2162/Datasets/CancerDatasets/Endometriosis/EndoMRI_All/segmentations_r6/BiomedParse/D2-046_T2FS_endometrioma.nii.gz,/Users/sg2162/Datasets/CancerDatasets/Endometriosis/EndoMRI_All/labels/D2-046_T2FS_seg.nii.gz,0.5,False,15,0,0,0,15,,0.0,83829.34797368762,pre
r6,external_test,D2-041_T2FS,D2-041,T2FS,/Users/sg2162/Datasets/CancerDatasets/Endometriosis/EndoMRI_All/segmentations_r6/BiomedParse/D2-041_T2FS_endometrioma.nii.gz,/Users/sg2162/Datasets/CancerDatasets/Endometriosis/EndoMRI_All/labels/D2-041_T2FS_seg.nii.gz,0.5,True,20,1,1,0,19,1.0,0.05,776896.714364609,pre
r6,external_test,D2-048_T2FS,D2-048,T2FS,/Users/sg2162/Datasets/CancerDatasets/Endometriosis/EndoMRI_All/segmentations_r6/BiomedParse/D2-048_T2FS_endometrioma.nii.gz,/Users/sg2162/Datasets/CancerDatasets/Endometriosis/EndoMRI_All/labels/D2-048_T2FS_seg.nii.gz,0.5,False,9,0,0,0,9,,0.0,216131.10441216297,pre
r6,external_test,D2-048_T2,D2-048,T2,/Users/sg2162/Datasets/CancerDatasets/Endometriosis/EndoMRI_All/segmentations_r6/BiomedParse/D2-048_T2_endometrioma.nii.gz,/Users/sg2162/Datasets/CancerDatasets/Endometriosis/EndoMRI_All/labels/D2-048_T2_seg.nii.gz,0.5,False,7,0,0,0,7,,0.0,134690.39840178273,pre
r6,external_test,D2-077_T2FS,D2-077,T2FS,/Users/sg2162/Datasets/CancerDatasets/Endometriosis/EndoMRI_All/segmentations_r6/BiomedParse/D2-077_T2FS_endometrioma.nii.gz,/Users/sg2162/Datasets/CancerDatasets/Endometriosis/EndoMRI_All/labels/D2-077_T2FS_seg.nii.gz,0.5,True,7,1,1,0,6,1.0,0.14285714285714285,193659.66920005588,pre
r6,external_test,D2-070_T2FS,D2-070,T2FS,/Users/sg2162/Datasets/CancerDatasets/Endometriosis/EndoMRI_All/segmentations_r6/BiomedParse/D2-070_T2FS_endometrioma.nii.gz,/Users/sg2162/Datasets/CancerDatasets/Endometriosis/EndoMRI_All/labels/D2-070_T2FS_seg.nii.gz,0.5,True,8,1,0,1,8,0.0,0.0,162228.70885385832,pre
r6,external_test,D2-013_T2FS,D2-013,T2FS,/Users/sg2162/Datasets/CancerDatasets/Endometriosis/EndoMRI_All/segmentations_r6/BiomedParse/D2-013_T2FS_endometrioma.nii.gz,/Users/sg2162/Datasets/CancerDatasets/Endometriosis/EndoMRI_All/labels/D2-013_T2FS_seg.nii.gz,0.5,False,17,0,0,0,17,,0.0,109313.96085999323,pre
r6,external_test,D2-014_T2FS,D2-014,T2FS,/Users/sg2162/Datasets/CancerDatasets/Endometriosis/EndoMRI_All/segmentations_r6/BiomedParse/D2-014_T2FS_endometrioma.nii.gz,/Users/sg2162/Datasets/CancerDatasets/Endometriosis/EndoMRI_All/labels/D2-014_T2FS_seg.nii.gz,0.5,False,19,0,0,0,19,,0.0,90352.38203013237,pre
r6,external_test,D2-022_T2FS,D2-022,T2FS,/Users/sg2162/Datasets/CancerDatasets/Endometriosis/EndoMRI_All/segmentations_r6/BiomedParse/D2-022_T2FS_endometrioma.nii.gz,/Users/sg2162/Datasets/CancerDatasets/Endometriosis/EndoMRI_All/labels/D2-022_T2FS_seg.nii.gz,0.5,False,15,0,0,0,15,,0.0,110242.56798232136,pre
r6,external_test,D2-025_T2FS,D2-025,T2FS,/Users/sg2162/Datasets/CancerDatasets/Endometriosis/EndoMRI_All/segmentations_r6/BiomedParse/D2-025_T2FS_endometrioma.nii.gz,/Users/sg2162/Datasets/CancerDatasets/Endometriosis/EndoMRI_All/labels/D2-025_T2FS_seg.nii.gz,0.5,False,15,0,0,0,15,,0.0,82243.10045730542,pre
r6,external_test,D2-071_T2FS,D2-071,T2FS,/Users/sg2162/Datasets/CancerDatasets/Endometriosis/EndoMRI_All/segmentations_r6/BiomedParse/D2-071_T2FS_endometrioma.nii.gz,/Users/sg2162/Datasets/CancerDatasets/Endometriosis/EndoMRI_All/labels/D2-071_T2FS_seg.nii.gz,0.5,True,20,1,1,0,18,1.0,0.1,312194.8606808896,pre
r6,external_test,D2-049_T2FS,D2-049,T2FS,/Users/sg2162/Datasets/CancerDatasets/Endometriosis/EndoMRI_All/segmentations_r6/BiomedParse/D2-049_T2FS_endometrioma.nii.gz,/Users/sg2162/Datasets/CancerDatasets/Endometriosis/EndoMRI_All/labels/D2-049_T2FS_seg.nii.gz,0.5,False,12,0,0,0,12,,0.0,92196.0718155042,pre
r6,external_test,D2-076_T2FS,D2-076,T2FS,/Users/sg2162/Datasets/CancerDatasets/Endometriosis/EndoMRI_All/segmentations_r6/BiomedParse/D2-076_T2FS_endometrioma.nii.gz,/Users/sg2162/Datasets/CancerDatasets/Endometriosis/EndoMRI_All/labels/D2-076_T2FS_seg.nii.gz,0.5,False,13,0,0,0,13,,0.0,126258.54203350173,pre
r6,external_test,D2-040_T2FS,D2-040,T2FS,/Users/sg2162/Datasets/CancerDatasets/Endometriosis/EndoMRI_All/segmentations_r6/BiomedParse/D2-040_T2FS_endometrioma.nii.gz,/Users/sg2162/Datasets/CancerDatasets/Endometriosis/EndoMRI_All/labels/D2-040_T2FS_seg.nii.gz,0.5,True,24,1,1,0,23,1.0,0.041666666666666664,120981.44349498999,pre
r6,external_test,D2-078_T2FS,D2-078,T2FS,/Users/sg2162/Datasets/CancerDatasets/Endometriosis/EndoMRI_All/segmentations_r6/BiomedParse/D2-078_T2FS_endometrioma.nii.gz,/Users/sg2162/Datasets/CancerDatasets/Endometriosis/EndoMRI_All/labels/D2-078_T2FS_seg.nii.gz,0.5,True,14,2,1,1,12,0.5,0.14285714285714285,59992.67125513914,pre
r6,external_test,D2-047_T2,D2-047,T2,/Users/sg2162/Datasets/CancerDatasets/Endometriosis/EndoMRI_All/segmentations_r6/BiomedParse/D2-047_T2_endometrioma.nii.gz,/Users/sg2162/Datasets/CancerDatasets/Endometriosis/EndoMRI_All/labels/D2-047_T2_seg.nii.gz,0.5,False,3,0,0,0,3,,0.0,25712.544587878045,pre
r6,external_test,D2-047_T2FS,D2-047,T2FS,/Users/sg2162/Datasets/CancerDatasets/Endometriosis/EndoMRI_All/segmentations_r6/BiomedParse/D2-047_T2FS_endometrioma.nii.gz,/Users/sg2162/Datasets/CancerDatasets/Endometriosis/EndoMRI_All/labels/D2-047_T2FS_seg.nii.gz,0.5,False,18,0,0,0,18,,0.0,130882.258388308,pre
r6,external_test,D2-065_T2FS,D2-065,T2FS,/Users/sg2162/Datasets/CancerDatasets/Endometriosis/EndoMRI_All/segmentations_r6/BiomedParse/D2-065_T2FS_endometrioma.nii.gz,/Users/sg2162/Datasets/CancerDatasets/Endometriosis/EndoMRI_All/labels/D2-065_T2FS_seg.nii.gz,0.5,False,13,0,0,0,13,,0.0,145264.44824070495,pre
r6,external_test,D2-062_T2FS,D2-062,T2FS,/Users/sg2162/Datasets/CancerDatasets/Endometriosis/EndoMRI_All/segmentations_r6/BiomedParse/D2-062_T2FS_endometrioma.nii.gz,/Users/sg2162/Datasets/CancerDatasets/Endometriosis/EndoMRI_All/labels/D2-062_T2FS_seg.nii.gz,0.5,False,18,0,0,0,18,,0.0,267418.2055730013,pre
r6,external_test,D2-054_T2FS,D2-054,T2FS,/Users/sg2162/Datasets/CancerDatasets/Endometriosis/EndoMRI_All/segmentations_r6/BiomedParse/D2-054_T2FS_endometrioma.nii.gz,/Users/sg2162/Datasets/CancerDatasets/Endometriosis/EndoMRI_All/labels/D2-054_T2FS_seg.nii.gz,0.5,True,14,1,1,0,13,1.0,0.07142857142857142,99979.24321735703,pre
r6,external_test,D2-053_T2,D2-053,T2,/Users/sg2162/Datasets/CancerDatasets/Endometriosis/EndoMRI_All/segmentations_r6/BiomedParse/D2-053_T2_endometrioma.nii.gz,/Users/sg2162/Datasets/CancerDatasets/Endometriosis/EndoMRI_All/labels/D2-053_T2_seg.nii.gz,0.5,False,10,0,0,0,10,,0.0,70610.46099921704,pre
r6,external_test,D2-053_T2FS,D2-053,T2FS,/Users/sg2162/Datasets/CancerDatasets/Endometriosis/EndoMRI_All/segmentations_r6/BiomedParse/D2-053_T2FS_endometrioma.nii.gz,/Users/sg2162/Datasets/CancerDatasets/Endometriosis/EndoMRI_All/labels/D2-053_T2FS_seg.nii.gz,0.5,False,14,0,0,0,14,,0.0,123430.30982554246,pre
r6,external_test,D2-038_T2FS,D2-038,T2FS,/Users/sg2162/Datasets/CancerDatasets/Endometriosis/EndoMRI_All/segmentations_r6/BiomedParse/D2-038_T2FS_endometrioma.nii.gz,/Users/sg2162/Datasets/CancerDatasets/Endometriosis/EndoMRI_All/labels/D2-038_T2FS_seg.nii.gz,0.5,False,17,0,0,0,17,,0.0,98887.94213155768,pre
r6,external_test,D2-007_T2,D2-007,T2,/Users/sg2162/Datasets/CancerDatasets/Endometriosis/EndoMRI_All/segmentations_r6/BiomedParse/D2-007_T2_endometrioma.nii.gz,/Users/sg2162/Datasets/CancerDatasets/Endometriosis/EndoMRI_All/labels/D2-007_T2_seg.nii.gz,0.5,False,11,0,0,0,11,,0.0,28273.3312660951,pre
r6,external_test,D2-007_T2FS,D2-007,T2FS,/Users/sg2162/Datasets/CancerDatasets/Endometriosis/EndoMRI_All/segmentations_r6/BiomedParse/D2-007_T2FS_endometrioma.nii.gz,/Users/sg2162/Datasets/CancerDatasets/Endometriosis/EndoMRI_All/labels/D2-007_T2FS_seg.nii.gz,0.5,False,14,0,0,0,14,,0.0,47940.33676469118,pre
r6,external_test,D2-000_T2FS,D2-000,T2FS,/Users/sg2162/Datasets/CancerDatasets/Endometriosis/EndoMRI_All/segmentations_r6/BiomedParse/D2-000_T2FS_endometrioma.nii.gz,/Users/sg2162/Datasets/CancerDatasets/Endometriosis/EndoMRI_All/labels/D2-000_T2FS_seg.nii.gz,0.5,False,17,0,0,0,17,,0.0,225246.38560260477,pre
r6,external_test,D2-000_T2,D2-000,T2,/Users/sg2162/Datasets/CancerDatasets/Endometriosis/EndoMRI_All/segmentations_r6/BiomedParse/D2-000_T2_endometrioma.nii.gz,/Users/sg2162/Datasets/CancerDatasets/Endometriosis/EndoMRI_All/labels/D2-000_T2_seg.nii.gz,0.5,False,11,0,0,0,11,,0.0,70665.8061945637,pre
r6,external_test,D2-009_T2FS,D2-009,T2FS,/Users/sg2162/Datasets/CancerDatasets/Endometriosis/EndoMRI_All/segmentations_r6/BiomedParse/D2-009_T2FS_endometrioma.nii.gz,/Users/sg2162/Datasets/CancerDatasets/Endometriosis/EndoMRI_All/labels/D2-009_T2FS_seg.nii.gz,0.5,True,14,1,1,0,13,1.0,0.07142857142857142,46675.24454451183,pre
r6,external_test,D2-009_T2,D2-009,T2,/Users/sg2162/Datasets/CancerDatasets/Endometriosis/EndoMRI_All/segmentations_r6/BiomedParse/D2-009_T2_endometrioma.nii.gz,/Users/sg2162/Datasets/CancerDatasets/Endometriosis/EndoMRI_All/labels/D2-009_T2_seg.nii.gz,0.5,True,11,1,0,1,11,0.0,0.0,28273.3312660951,pre
r6,external_test,D2-052_T2FS,D2-052,T2FS,/Users/sg2162/Datasets/CancerDatasets/Endometriosis/EndoMRI_All/segmentations_r6/BiomedParse/D2-052_T2FS_endometrioma.nii.gz,/Users/sg2162/Datasets/CancerDatasets/Endometriosis/EndoMRI_All/labels/D2-052_T2FS_seg.nii.gz,0.5,False,14,0,0,0,14,,0.0,174522.41946011712,pre
r6,external_test,D2-052_T2,D2-052,T2,/Users/sg2162/Datasets/CancerDatasets/Endometriosis/EndoMRI_All/segmentations_r6/BiomedParse/D2-052_T2_endometrioma.nii.gz,/Users/sg2162/Datasets/CancerDatasets/Endometriosis/EndoMRI_All/labels/D2-052_T2_seg.nii.gz,0.5,False,3,0,0,0,3,,0.0,123311.37449591488,pre
r6,external_test,D2-055_T2FS,D2-055,T2FS,/Users/sg2162/Datasets/CancerDatasets/Endometriosis/EndoMRI_All/segmentations_r6/BiomedParse/D2-055_T2FS_endometrioma.nii.gz,/Users/sg2162/Datasets/CancerDatasets/Endometriosis/EndoMRI_All/labels/D2-055_T2FS_seg.nii.gz,0.5,False,22,0,0,0,22,,0.0,180377.2188070479,pre
r6,external_test,D2-064_T2FS,D2-064,T2FS,/Users/sg2162/Datasets/CancerDatasets/Endometriosis/EndoMRI_All/segmentations_r6/BiomedParse/D2-064_T2FS_endometrioma.nii.gz,/Users/sg2162/Datasets/CancerDatasets/Endometriosis/EndoMRI_All/labels/D2-064_T2FS_seg.nii.gz,0.5,False,12,0,0,0,12,,0.0,143210.448397892,pre
r6,external_test,D2-008_T2FS,D2-008,T2FS,/Users/sg2162/Datasets/CancerDatasets/Endometriosis/EndoMRI_All/segmentations_r6/BiomedParse/D2-008_T2FS_endometrioma.nii.gz,/Users/sg2162/Datasets/CancerDatasets/Endometriosis/EndoMRI_All/labels/D2-008_T2FS_seg.nii.gz,0.5,False,16,0,0,0,16,,0.0,133952.63014853906,pre
r6,external_test,D2-001_T2FS,D2-001,T2FS,/Users/sg2162/Datasets/CancerDatasets/Endometriosis/EndoMRI_All/segmentations_r6/BiomedParse/D2-001_T2FS_endometrioma.nii.gz,/Users/sg2162/Datasets/CancerDatasets/Endometriosis/EndoMRI_All/labels/D2-001_T2FS_seg.nii.gz,0.5,False,9,0,0,0,9,,0.0,123874.51342480766,pre
r6,external_test,D2-039_T2FS,D2-039,T2FS,/Users/sg2162/Datasets/CancerDatasets/Endometriosis/EndoMRI_All/segmentations_r6/BiomedParse/D2-039_T2FS_endometrioma.nii.gz,/Users/sg2162/Datasets/CancerDatasets/Endometriosis/EndoMRI_All/labels/D2-039_T2FS_seg.nii.gz,0.5,False,21,0,0,0,21,,0.0,93515.63598001799,pre
r6,external_test,D2-006_T2FS,D2-006,T2FS,/Users/sg2162/Datasets/CancerDatasets/Endometriosis/EndoMRI_All/segmentations_r6/BiomedParse/D2-006_T2FS_endometrioma.nii.gz,/Users/sg2162/Datasets/CancerDatasets/Endometriosis/EndoMRI_All/labels/D2-006_T2FS_seg.nii.gz,0.5,False,20,0,0,0,20,,0.0,128229.74817410181,pre
r6,external_test,D2-042_T2FS,D2-042,T2FS,/Users/sg2162/Datasets/CancerDatasets/Endometriosis/EndoMRI_All/segmentations_r6/BiomedParse/D2-042_T2FS_endometrioma.nii.gz,/Users/sg2162/Datasets/CancerDatasets/Endometriosis/EndoMRI_All/labels/D2-042_T2FS_seg.nii.gz,0.5,False,12,0,0,0,12,,0.0,93596.27617209108,pre
r6,external_test,D2-042_T2,D2-042,T2,/Users/sg2162/Datasets/CancerDatasets/Endometriosis/EndoMRI_All/segmentations_r6/BiomedParse/D2-042_T2_endometrioma.nii.gz,/Users/sg2162/Datasets/CancerDatasets/Endometriosis/EndoMRI_All/labels/D2-042_T2_seg.nii.gz,0.5,False,12,0,0,0,12,,0.0,93596.27617209108,pre
r6,external_test,D2-045_T2FS,D2-045,T2FS,/Users/sg2162/Datasets/CancerDatasets/Endometriosis/EndoMRI_All/segmentations_r6/BiomedParse/D2-045_T2FS_endometrioma.nii.gz,/Users/sg2162/Datasets/CancerDatasets/Endometriosis/EndoMRI_All/labels/D2-045_T2FS_seg.nii.gz,0.5,False,13,0,0,0,13,,0.0,105552.97996023753,pre
r6,external_test,D2-073_T2FS,D2-073,T2FS,/Users/sg2162/Datasets/CancerDatasets/Endometriosis/EndoMRI_All/segmentations_r6/BiomedParse/D2-073_T2FS_endometrioma.nii.gz,/Users/sg2162/Datasets/CancerDatasets/Endometriosis/EndoMRI_All/labels/D2-073_T2FS_seg.nii.gz,0.5,False,21,0,0,0,21,,0.0,86693.76161489943,pre
r6,external_test,D2-080_T2FS,D2-080,T2FS,/Users/sg2162/Datasets/CancerDatasets/Endometriosis/EndoMRI_All/segmentations_r6/BiomedParse/D2-080_T2FS_endometrioma.nii.gz,/Users/sg2162/Datasets/CancerDatasets/Endometriosis/EndoMRI_All/labels/D2-080_T2FS_seg.nii.gz,0.5,False,20,0,0,0,20,,0.0,47438.96810724276,pre
r6,external_test,D2-074_T2FS,D2-074,T2FS,/Users/sg2162/Datasets/CancerDatasets/Endometriosis/EndoMRI_All/segmentations_r6/BiomedParse/D2-074_T2FS_endometrioma.nii.gz,/Users/sg2162/Datasets/CancerDatasets/Endometriosis/EndoMRI_All/labels/D2-074_T2FS_seg.nii.gz,0.5,False,14,0,0,0,14,,0.0,150112.1926097386,pre
r6,external_test,D2-020_T2FS,D2-020,T2FS,/Users/sg2162/Datasets/CancerDatasets/Endometriosis/EndoMRI_All/segmentations_r6/BiomedParse/D2-020_T2FS_endometrioma.nii.gz,/Users/sg2162/Datasets/CancerDatasets/Endometriosis/EndoMRI_All/labels/D2-020_T2FS_seg.nii.gz,0.5,False,13,0,0,0,13,,0.0,199273.66877389554,pre
r6,external_test,D2-027_T2FS,D2-027,T2FS,/Users/sg2162/Datasets/CancerDatasets/Endometriosis/EndoMRI_All/segmentations_r6/BiomedParse/D2-027_T2FS_endometrioma.nii.gz,/Users/sg2162/Datasets/CancerDatasets/Endometriosis/EndoMRI_All/labels/D2-027_T2FS_seg.nii.gz,0.5,False,16,0,0,0,16,,0.0,122634.07246160957,pre
r6,external_test,D2-018_T2FS,D2-018,T2FS,/Users/sg2162/Datasets/CancerDatasets/Endometriosis/EndoMRI_All/segmentations_r6/BiomedParse/D2-018_T2FS_endometrioma.nii.gz,/Users/sg2162/Datasets/CancerDatasets/Endometriosis/EndoMRI_All/labels/D2-018_T2FS_seg.nii.gz,0.5,False,17,0,0,0,17,,0.0,106139.5744840373,pre
r6,external_test,D2-011_T2FS,D2-011,T2FS,/Users/sg2162/Datasets/CancerDatasets/Endometriosis/EndoMRI_All/segmentations_r6/BiomedParse/D2-011_T2FS_endometrioma.nii.gz,/Users/sg2162/Datasets/CancerDatasets/Endometriosis/EndoMRI_All/labels/D2-011_T2FS_seg.nii.gz,0.5,False,12,0,0,0,12,,0.0,83317.86906837404,pre
r6,external_test,D2-016_T2FS,D2-016,T2FS,/Users/sg2162/Datasets/CancerDatasets/Endometriosis/EndoMRI_All/segmentations_r6/BiomedParse/D2-016_T2FS_endometrioma.nii.gz,/Users/sg2162/Datasets/CancerDatasets/Endometriosis/EndoMRI_All/labels/D2-016_T2FS_seg.nii.gz,0.5,False,12,0,0,0,12,,0.0,137068.8157250581,pre
r6,external_test,D2-029_T2FS,D2-029,T2FS,/Users/sg2162/Datasets/CancerDatasets/Endometriosis/EndoMRI_All/segmentations_r6/BiomedParse/D2-029_T2FS_endometrioma.nii.gz,/Users/sg2162/Datasets/CancerDatasets/Endometriosis/EndoMRI_All/labels/D2-029_T2FS_seg.nii.gz,0.5,False,13,0,0,0,13,,0.0,107239.2732058092,pre
r6,external_test,D2-075_T2FS,D2-075,T2FS,/Users/sg2162/Datasets/CancerDatasets/Endometriosis/EndoMRI_All/segmentations_r6/BiomedParse/D2-075_T2FS_endometrioma.nii.gz,/Users/sg2162/Datasets/CancerDatasets/Endometriosis/EndoMRI_All/labels/D2-075_T2FS_seg.nii.gz,0.5,False,14,0,0,0,14,,0.0,206960.01362431786,pre
r6,external_test,D2-072_T2FS,D2-072,T2FS,/Users/sg2162/Datasets/CancerDatasets/Endometriosis/EndoMRI_All/segmentations_r6/BiomedParse/D2-072_T2FS_endometrioma.nii.gz,/Users/sg2162/Datasets/CancerDatasets/Endometriosis/EndoMRI_All/labels/D2-072_T2FS_seg.nii.gz,0.5,True,14,1,1,0,13,1.0,0.07142857142857142,181768.78920019962,pre
r6,external_test,D2-044_T2FS,D2-044,T2FS,/Users/sg2162/Datasets/CancerDatasets/Endometriosis/EndoMRI_All/segmentations_r6/BiomedParse/D2-044_T2FS_endometrioma.nii.gz,/Users/sg2162/Datasets/CancerDatasets/Endometriosis/EndoMRI_All/labels/D2-044_T2FS_seg.nii.gz,0.5,False,11,0,0,0,11,,0.0,115360.08799308504,pre
r6,external_test,D2-043_T2FS,D2-043,T2FS,/Users/sg2162/Datasets/CancerDatasets/Endometriosis/EndoMRI_All/segmentations_r6/BiomedParse/D2-043_T2FS_endometrioma.nii.gz,/Users/sg2162/Datasets/CancerDatasets/Endometriosis/EndoMRI_All/labels/D2-043_T2FS_seg.nii.gz,0.5,False,13,0,0,0,13,,0.0,135122.73743382798,pre
r6,external_test,D2-043_T2,D2-043,T2,/Users/sg2162/Datasets/CancerDatasets/Endometriosis/EndoMRI_All/segmentations_r6/BiomedParse/D2-043_T2_endometrioma.nii.gz,/Users/sg2162/Datasets/CancerDatasets/Endometriosis/EndoMRI_All/labels/D2-043_T2_seg.nii.gz,0.5,False,5,0,0,0,5,,0.0,41875.106454753106,pre
r6,external_test,D2-017_T2FS,D2-017,T2FS,/Users/sg2162/Datasets/CancerDatasets/Endometriosis/EndoMRI_All/segmentations_r6/BiomedParse/D2-017_T2FS_endometrioma.nii.gz,/Users/sg2162/Datasets/CancerDatasets/Endometriosis/EndoMRI_All/labels/D2-017_T2FS_seg.nii.gz,0.5,False,31,0,0,0,31,,0.0,153195.71439542997,pre
r6,external_test,D2-028_T2FS,D2-028,T2FS,/Users/sg2162/Datasets/CancerDatasets/Endometriosis/EndoMRI_All/segmentations_r6/BiomedParse/D2-028_T2FS_endometrioma.nii.gz,/Users/sg2162/Datasets/CancerDatasets/Endometriosis/EndoMRI_All/labels/D2-028_T2FS_seg.nii.gz,0.5,False,31,0,0,0,31,,0.0,106421.29262527105,pre
r6,external_test,D2-010_T2FS,D2-010,T2FS,/Users/sg2162/Datasets/CancerDatasets/Endometriosis/EndoMRI_All/segmentations_r6/BiomedParse/D2-010_T2FS_endometrioma.nii.gz,/Users/sg2162/Datasets/CancerDatasets/Endometriosis/EndoMRI_All/labels/D2-010_T2FS_seg.nii.gz,0.5,False,10,0,0,0,10,,0.0,122350.73043241222,pre
r6,external_test,D2-026_T2FS,D2-026,T2FS,/Users/sg2162/Datasets/CancerDatasets/Endometriosis/EndoMRI_All/segmentations_r6/BiomedParse/D2-026_T2FS_endometrioma.nii.gz,/Users/sg2162/Datasets/CancerDatasets/Endometriosis/EndoMRI_All/labels/D2-026_T2FS_seg.nii.gz,0.5,False,17,0,0,0,17,,0.0,76545.55191023061,pre
r6,external_test,D2-019_T2FS,D2-019,T2FS,/Users/sg2162/Datasets/CancerDatasets/Endometriosis/EndoMRI_All/segmentations_r6/BiomedParse/D2-019_T2FS_endometrioma.nii.gz,/Users/sg2162/Datasets/CancerDatasets/Endometriosis/EndoMRI_All/labels/D2-019_T2FS_seg.nii.gz,0.5,False,16,0,0,0,16,,0.0,146357.46028589408,pre
r6,external_test,D2-021_T2FS,D2-021,T2FS,/Users/sg2162/Datasets/CancerDatasets/Endometriosis/EndoMRI_All/segmentations_r6/BiomedParse/D2-021_T2FS_endometrioma.nii.gz,/Users/sg2162/Datasets/CancerDatasets/Endometriosis/EndoMRI_All/labels/D2-021_T2FS_seg.nii.gz,0.5,False,15,0,0,0,15,,0.0,149922.50562476748,pre
r6,external_test,D2-003_T2,D2-003,T2,/Users/sg2162/Datasets/CancerDatasets/Endometriosis/EndoMRI_All/segmentations_r6/BiomedParse/D2-003_T2_endometrioma.nii.gz,/Users/sg2162/Datasets/CancerDatasets/Endometriosis/EndoMRI_All/labels/D2-003_T2_seg.nii.gz,0.5,False,5,0,0,0,5,,0.0,28871.589927579917,pre
r6,external_test,D2-003_T2FS,D2-003,T2FS,/Users/sg2162/Datasets/CancerDatasets/Endometriosis/EndoMRI_All/segmentations_r6/BiomedParse/D2-003_T2FS_endometrioma.nii.gz,/Users/sg2162/Datasets/CancerDatasets/Endometriosis/EndoMRI_All/labels/D2-003_T2FS_seg.nii.gz,0.5,False,17,0,0,0,17,,0.0,126888.83866152696,pre
r6,external_test,D2-004_T2FS,D2-004,T2FS,/Users/sg2162/Datasets/CancerDatasets/Endometriosis/EndoMRI_All/segmentations_r6/BiomedParse/D2-004_T2FS_endometrioma.nii.gz,/Users/sg2162/Datasets/CancerDatasets/Endometriosis/EndoMRI_All/labels/D2-004_T2FS_seg.nii.gz,0.5,False,16,0,0,0,16,,0.0,93537.59460238703,pre
r6,external_test,D2-061_T2FS,D2-061,T2FS,/Users/sg2162/Datasets/CancerDatasets/Endometriosis/EndoMRI_All/segmentations_r6/BiomedParse/D2-061_T2FS_endometrioma.nii.gz,/Users/sg2162/Datasets/CancerDatasets/Endometriosis/EndoMRI_All/labels/D2-061_T2FS_seg.nii.gz,0.5,False,16,0,0,0,16,,0.0,140439.36208634707,pre
r6,external_test,D2-066_T2FS,D2-066,T2FS,/Users/sg2162/Datasets/CancerDatasets/Endometriosis/EndoMRI_All/segmentations_r6/BiomedParse/D2-066_T2FS_endometrioma.nii.gz,/Users/sg2162/Datasets/CancerDatasets/Endometriosis/EndoMRI_All/labels/D2-066_T2FS_seg.nii.gz,0.5,False,19,0,0,0,19,,0.0,125851.95111597366,pre
r6,external_test,D2-059_T2FS,D2-059,T2FS,/Users/sg2162/Datasets/CancerDatasets/Endometriosis/EndoMRI_All/segmentations_r6/BiomedParse/D2-059_T2FS_endometrioma.nii.gz,/Users/sg2162/Datasets/CancerDatasets/Endometriosis/EndoMRI_All/labels/D2-059_T2FS_seg.nii.gz,0.5,False,19,0,0,0,19,,0.0,57423.36775448694,pre
r6,external_test,D2-050_T2FS,D2-050,T2FS,/Users/sg2162/Datasets/CancerDatasets/Endometriosis/EndoMRI_All/segmentations_r6/BiomedParse/D2-050_T2FS_endometrioma.nii.gz,/Users/sg2162/Datasets/CancerDatasets/Endometriosis/EndoMRI_All/labels/D2-050_T2FS_seg.nii.gz,0.5,False,14,0,0,0,14,,0.0,120688.47983141187,pre
r6,external_test,D2-057_T2FS,D2-057,T2FS,/Users/sg2162/Datasets/CancerDatasets/Endometriosis/EndoMRI_All/segmentations_r6/BiomedParse/D2-057_T2FS_endometrioma.nii.gz,/Users/sg2162/Datasets/CancerDatasets/Endometriosis/EndoMRI_All/labels/D2-057_T2FS_seg.nii.gz,0.5,False,39,0,0,0,39,,0.0,339226.7624411352,pre
r6,external_test,D2-005_T2FS,D2-005,T2FS,/Users/sg2162/Datasets/CancerDatasets/Endometriosis/EndoMRI_All/segmentations_r6/BiomedParse/D2-005_T2FS_endometrioma.nii.gz,/Users/sg2162/Datasets/CancerDatasets/Endometriosis/EndoMRI_All/labels/D2-005_T2FS_seg.nii.gz,0.5,False,9,0,0,0,9,,0.0,123189.69968642468,pre
r6,external_test,D2-002_T2,D2-002,T2,/Users/sg2162/Datasets/CancerDatasets/Endometriosis/EndoMRI_All/segmentations_r6/BiomedParse/D2-002_T2_endometrioma.nii.gz,/Users/sg2162/Datasets/CancerDatasets/Endometriosis/EndoMRI_All/labels/D2-002_T2_seg.nii.gz,0.5,False,7,0,0,0,7,,0.0,55087.095025957766,pre
r6,external_test,D2-002_T2FS,D2-002,T2FS,/Users/sg2162/Datasets/CancerDatasets/Endometriosis/EndoMRI_All/segmentations_r6/BiomedParse/D2-002_T2FS_endometrioma.nii.gz,/Users/sg2162/Datasets/CancerDatasets/Endometriosis/EndoMRI_All/labels/D2-002_T2FS_seg.nii.gz,0.5,False,20,0,0,0,20,,0.0,130846.40299321275,pre
r6,external_test,D2-056_T2FS,D2-056,T2FS,/Users/sg2162/Datasets/CancerDatasets/Endometriosis/EndoMRI_All/segmentations_r6/BiomedParse/D2-056_T2FS_endometrioma.nii.gz,/Users/sg2162/Datasets/CancerDatasets/Endometriosis/EndoMRI_All/labels/D2-056_T2FS_seg.nii.gz,0.5,False,19,0,0,0,19,,0.0,91685.63243400947,pre
r6,external_test,D2-056_T2,D2-056,T2,/Users/sg2162/Datasets/CancerDatasets/Endometriosis/EndoMRI_All/segmentations_r6/BiomedParse/D2-056_T2_endometrioma.nii.gz,/Users/sg2162/Datasets/CancerDatasets/Endometriosis/EndoMRI_All/labels/D2-056_T2_seg.nii.gz,0.5,False,12,0,0,0,12,,0.0,71477.47305387504,pre
r6,external_test,D2-051_T2FS,D2-051,T2FS,/Users/sg2162/Datasets/CancerDatasets/Endometriosis/EndoMRI_All/segmentations_r6/BiomedParse/D2-051_T2FS_endometrioma.nii.gz,/Users/sg2162/Datasets/CancerDatasets/Endometriosis/EndoMRI_All/labels/D2-051_T2FS_seg.nii.gz,0.5,False,22,0,0,0,22,,0.0,124432.89091540208,pre
r6,external_test,D2-051_T2,D2-051,T2,/Users/sg2162/Datasets/CancerDatasets/Endometriosis/EndoMRI_All/segmentations_r6/BiomedParse/D2-051_T2_endometrioma.nii.gz,/Users/sg2162/Datasets/CancerDatasets/Endometriosis/EndoMRI_All/labels/D2-051_T2_seg.nii.gz,0.5,False,9,0,0,0,9,,0.0,45427.961544724545,pre
r6,external_test,D2-067_T2FS,D2-067,T2FS,/Users/sg2162/Datasets/CancerDatasets/Endometriosis/EndoMRI_All/segmentations_r6/BiomedParse/D2-067_T2FS_endometrioma.nii.gz,/Users/sg2162/Datasets/CancerDatasets/Endometriosis/EndoMRI_All/labels/D2-067_T2FS_seg.nii.gz,0.5,False,13,0,0,0,13,,0.0,230716.5530872152,pre
r6,external_test,D2-058_T2,D2-058,T2,/Users/sg2162/Datasets/CancerDatasets/Endometriosis/EndoMRI_All/segmentations_r6/BiomedParse/D2-058_T2_endometrioma.nii.gz,/Users/sg2162/Datasets/CancerDatasets/Endometriosis/EndoMRI_All/labels/D2-058_T2_seg.nii.gz,0.5,False,8,0,0,0,8,,0.0,24721.176845535774,pre
r6,external_test,D2-058_T2FS,D2-058,T2FS,/Users/sg2162/Datasets/CancerDatasets/Endometriosis/EndoMRI_All/segmentations_r6/BiomedParse/D2-058_T2FS_endometrioma.nii.gz,/Users/sg2162/Datasets/CancerDatasets/Endometriosis/EndoMRI_All/labels/D2-058_T2FS_seg.nii.gz,0.5,False,22,0,0,0,22,,0.0,118774.8926563748,pre
r6,external_test,D2-060_T2FS,D2-060,T2FS,/Users/sg2162/Datasets/CancerDatasets/Endometriosis/EndoMRI_All/segmentations_r6/BiomedParse/D2-060_T2FS_endometrioma.nii.gz,/Users/sg2162/Datasets/CancerDatasets/Endometriosis/EndoMRI_All/labels/D2-060_T2FS_seg.nii.gz,0.5,False,16,0,0,0,16,,0.0,149356.30929930627,pre
r6,external_test,D2-060_T2,D2-060,T2,/Users/sg2162/Datasets/CancerDatasets/Endometriosis/EndoMRI_All/segmentations_r6/BiomedParse/D2-060_T2_endometrioma.nii.gz,/Users/sg2162/Datasets/CancerDatasets/Endometriosis/EndoMRI_All/labels/D2-060_T2_seg.nii.gz,0.5,False,14,0,0,0,14,,0.0,37643.80358009669,pre
r6,internal_test,D1-014_T1FS,D1-014,T1FS,/Users/sg2162/Library/CloudStorage/OneDrive-UniversityofCambridge/backup/project/PanCIA/analysis/a05_outcome_prediction/reasoning_model_comparison/r6/reasoned_probability_maps/D1-014_T1FS_endometrioma.nii.gz,/Users/sg2162/Datasets/CancerDatasets/Endometriosis/EndoMRI_All/labels/D1-014_T1FS_seg.nii.gz,0.5,True,1,3,1,2,0,0.3333333333333333,1.0,42510.011740657224,post
r6,training,D1-025_T2,D1-025,T2,/Users/sg2162/Library/CloudStorage/OneDrive-UniversityofCambridge/backup/project/PanCIA/analysis/a05_outcome_prediction/reasoning_model_comparison/r6/reasoned_probability_maps/D1-025_T2_endometrioma.nii.gz,/Users/sg2162/Datasets/CancerDatasets/Endometriosis/EndoMRI_All/labels/D1-025_T2_seg.nii.gz,0.5,False,1,0,0,0,1,,0.0,44501.87500000001,post
r6,training,D1-049_T1FS,D1-049,T1FS,/Users/sg2162/Library/CloudStorage/OneDrive-UniversityofCambridge/backup/project/PanCIA/analysis/a05_outcome_prediction/reasoning_model_comparison/r6/reasoned_probability_maps/D1-049_T1FS_endometrioma.nii.gz,/Users/sg2162/Datasets/CancerDatasets/Endometriosis/EndoMRI_All/labels/D1-049_T1FS_seg.nii.gz,0.5,True,1,1,1,0,0,1.0,1.0,839.9999999390981,post
r6,training,D1-049_T2,D1-049,T2,/Users/sg2162/Library/CloudStorage/OneDrive-UniversityofCambridge/backup/project/PanCIA/analysis/a05_outcome_prediction/reasoning_model_comparison/r6/reasoned_probability_maps/D1-049_T2_endometrioma.nii.gz,/Users/sg2162/Datasets/CancerDatasets/Endometriosis/EndoMRI_All/labels/D1-049_T2_seg.nii.gz,0.5,False,1,0,0,0,1,,0.0,36085.49999258785,post
r6,training,D1-024_T2,D1-024,T2,/Users/sg2162/Library/CloudStorage/OneDrive-UniversityofCambridge/backup/project/PanCIA/analysis/a05_outcome_prediction/reasoning_model_comparison/r6/reasoned_probability_maps/D1-024_T2_endometrioma.nii.gz,/Users/sg2162/Datasets/CancerDatasets/Endometriosis/EndoMRI_All/labels/D1-024_T2_seg.nii.gz,0.5,False,1,0,0,0,1,,0.0,36773.001798742895,post
r6,training,D1-024_T1FS,D1-024,T1FS,/Users/sg2162/Library/CloudStorage/OneDrive-UniversityofCambridge/backup/project/PanCIA/analysis/a05_outcome_prediction/reasoning_model_comparison/r6/reasoned_probability_maps/D1-024_T1FS_endometrioma.nii.gz,/Users/sg2162/Datasets/CancerDatasets/Endometriosis/EndoMRI_All/labels/D1-024_T1FS_seg.nii.gz,0.5,True,1,2,1,1,0,0.5,1.0,23.500001149460484,post
r6,training,D1-023_T2,D1-023,T2,/Users/sg2162/Library/CloudStorage/OneDrive-UniversityofCambridge/backup/project/PanCIA/analysis/a05_outcome_prediction/reasoning_model_comparison/r6/reasoned_probability_maps/D1-023_T2_endometrioma.nii.gz,/Users/sg2162/Datasets/CancerDatasets/Endometriosis/EndoMRI_All/labels/D1-023_T2_seg.nii.gz,0.5,False,0,0,0,0,0,,,0.0,post
r6,training,D1-023_T1FS,D1-023,T1FS,/Users/sg2162/Library/CloudStorage/OneDrive-UniversityofCambridge/backup/project/PanCIA/analysis/a05_outcome_prediction/reasoning_model_comparison/r6/reasoned_probability_maps/D1-023_T1FS_endometrioma.nii.gz,/Users/sg2162/Datasets/CancerDatasets/Endometriosis/EndoMRI_All/labels/D1-023_T1FS_seg.nii.gz,0.5,True,1,5,0,5,1,0.0,0.0,15117.000256024237,post
r6,training,D1-015_T2,D1-015,T2,/Users/sg2162/Library/CloudStorage/OneDrive-UniversityofCambridge/backup/project/PanCIA/analysis/a05_outcome_prediction/reasoning_model_comparison/r6/reasoned_probability_maps/D1-015_T2_endometrioma.nii.gz,/Users/sg2162/Datasets/CancerDatasets/Endometriosis/EndoMRI_All/labels/D1-015_T2_seg.nii.gz,0.5,False,1,0,0,0,1,,0.0,23747.750588216775,post
r6,internal_test,D1-012_T2,D1-012,T2,/Users/sg2162/Library/CloudStorage/OneDrive-UniversityofCambridge/backup/project/PanCIA/analysis/a05_outcome_prediction/reasoning_model_comparison/r6/reasoned_probability_maps/D1-012_T2_endometrioma.nii.gz,/Users/sg2162/Datasets/CancerDatasets/Endometriosis/EndoMRI_All/labels/D1-012_T2_seg.nii.gz,0.5,False,1,0,0,0,1,,0.0,5750.000289215987,post
r6,training,D1-046_T1FS,D1-046,T1FS,/Users/sg2162/Library/CloudStorage/OneDrive-UniversityofCambridge/backup/project/PanCIA/analysis/a05_outcome_prediction/reasoning_model_comparison/r6/reasoned_probability_maps/D1-046_T1FS_endometrioma.nii.gz,/Users/sg2162/Datasets/CancerDatasets/Endometriosis/EndoMRI_All/labels/D1-046_T1FS_seg.nii.gz,0.5,False,0,0,0,0,0,,,0.0,post
r6,training,D1-041_T2,D1-041,T2,/Users/sg2162/Library/CloudStorage/OneDrive-UniversityofCambridge/backup/project/PanCIA/analysis/a05_outcome_prediction/reasoning_model_comparison/r6/reasoned_probability_maps/D1-041_T2_endometrioma.nii.gz,/Users/sg2162/Datasets/CancerDatasets/Endometriosis/EndoMRI_All/labels/D1-041_T2_seg.nii.gz,0.5,False,0,0,0,0,0,,,0.0,post
r6,training,D1-041_T1FS,D1-041,T1FS,/Users/sg2162/Library/CloudStorage/OneDrive-UniversityofCambridge/backup/project/PanCIA/analysis/a05_outcome_prediction/reasoning_model_comparison/r6/reasoned_probability_maps/D1-041_T1FS_endometrioma.nii.gz,/Users/sg2162/Datasets/CancerDatasets/Endometriosis/EndoMRI_All/labels/D1-041_T1FS_seg.nii.gz,0.5,True,1,3,0,3,1,0.0,0.0,1949.4999759587492,post
r6,training,D1-048_T1FS,D1-048,T1FS,/Users/sg2162/Library/CloudStorage/OneDrive-UniversityofCambridge/backup/project/PanCIA/analysis/a05_outcome_prediction/reasoning_model_comparison/r6/reasoned_probability_maps/D1-048_T1FS_endometrioma.nii.gz,/Users/sg2162/Datasets/CancerDatasets/Endometriosis/EndoMRI_All/labels/D1-048_T1FS_seg.nii.gz,0.5,True,0,1,0,1,0,0.0,,0.0,post
r6,training,D1-030_T2,D1-030,T2,/Users/sg2162/Library/CloudStorage/OneDrive-UniversityofCambridge/backup/project/PanCIA/analysis/a05_outcome_prediction/reasoning_model_comparison/r6/reasoned_probability_maps/D1-030_T2_endometrioma.nii.gz,/Users/sg2162/Datasets/CancerDatasets/Endometriosis/EndoMRI_All/labels/D1-030_T2_seg.nii.gz,0.5,False,0,0,0,0,0,,,0.0,post
r6,training,D1-008_T2,D1-008,T2,/Users/sg2162/Library/CloudStorage/OneDrive-UniversityofCambridge/backup/project/PanCIA/analysis/a05_outcome_prediction/reasoning_model_comparison/r6/reasoned_probability_maps/D1-008_T2_endometrioma.nii.gz,/Users/sg2162/Datasets/CancerDatasets/Endometriosis/EndoMRI_All/labels/D1-008_T2_seg.nii.gz,0.5,True,1,1,1,0,0,1.0,1.0,15719.39958357811,post
r6,training,D1-008_T1FS,D1-008,T1FS,/Users/sg2162/Library/CloudStorage/OneDrive-UniversityofCambridge/backup/project/PanCIA/analysis/a05_outcome_prediction/reasoning_model_comparison/r6/reasoned_probability_maps/D1-008_T1FS_endometrioma.nii.gz,/Users/sg2162/Datasets/CancerDatasets/Endometriosis/EndoMRI_All/labels/D1-008_T1FS_seg.nii.gz,0.5,True,0,2,0,2,0,0.0,,0.0,post
r6,internal_test,D1-037_T1FS,D1-037,T1FS,/Users/sg2162/Library/CloudStorage/OneDrive-UniversityofCambridge/backup/project/PanCIA/analysis/a05_outcome_prediction/reasoning_model_comparison/r6/reasoned_probability_maps/D1-037_T1FS_endometrioma.nii.gz,/Users/sg2162/Datasets/CancerDatasets/Endometriosis/EndoMRI_All/labels/D1-037_T1FS_seg.nii.gz,0.5,True,1,2,1,1,0,0.5,1.0,429.375,post
r6,internal_test,D1-037_T2,D1-037,T2,/Users/sg2162/Library/CloudStorage/OneDrive-UniversityofCambridge/backup/project/PanCIA/analysis/a05_outcome_prediction/reasoning_model_comparison/r6/reasoned_probability_maps/D1-037_T2_endometrioma.nii.gz,/Users/sg2162/Datasets/CancerDatasets/Endometriosis/EndoMRI_All/labels/D1-037_T2_seg.nii.gz,0.5,True,0,1,0,1,0,0.0,,0.0,post
r6,training,D1-001_T2,D1-001,T2,/Users/sg2162/Library/CloudStorage/OneDrive-UniversityofCambridge/backup/project/PanCIA/analysis/a05_outcome_prediction/reasoning_model_comparison/r6/reasoned_probability_maps/D1-001_T2_endometrioma.nii.gz,/Users/sg2162/Datasets/CancerDatasets/Endometriosis/EndoMRI_All/labels/D1-001_T2_seg.nii.gz,0.5,True,1,1,1,0,0,1.0,1.0,1235.00008946266,post
r6,internal_test,D1-001_T1FS,D1-001,T1FS,/Users/sg2162/Library/CloudStorage/OneDrive-UniversityofCambridge/backup/project/PanCIA/analysis/a05_outcome_prediction/reasoning_model_comparison/r6/reasoned_probability_maps/D1-001_T1FS_endometrioma.nii.gz,/Users/sg2162/Datasets/CancerDatasets/Endometriosis/EndoMRI_All/labels/D1-001_T1FS_seg.nii.gz,0.5,True,1,1,1,0,0,1.0,1.0,491.50179305811355,post
r6,training,D1-039_T1FS,D1-039,T1FS,/Users/sg2162/Library/CloudStorage/OneDrive-UniversityofCambridge/backup/project/PanCIA/analysis/a05_outcome_prediction/reasoning_model_comparison/r6/reasoned_probability_maps/D1-039_T1FS_endometrioma.nii.gz,/Users/sg2162/Datasets/CancerDatasets/Endometriosis/EndoMRI_All/labels/D1-039_T1FS_seg.nii.gz,0.5,True,0,4,0,4,0,0.0,,0.0,post
r6,training,D1-006_T1FS,D1-006,T1FS,/Users/sg2162/Library/CloudStorage/OneDrive-UniversityofCambridge/backup/project/PanCIA/analysis/a05_outcome_prediction/reasoning_model_comparison/r6/reasoned_probability_maps/D1-006_T1FS_endometrioma.nii.gz,/Users/sg2162/Datasets/CancerDatasets/Endometriosis/EndoMRI_All/labels/D1-006_T1FS_seg.nii.gz,0.5,False,1,0,0,0,1,,0.0,1493.7499441063426,post
r6,training,D1-038_T1FS,D1-038,T1FS,/Users/sg2162/Library/CloudStorage/OneDrive-UniversityofCambridge/backup/project/PanCIA/analysis/a05_outcome_prediction/reasoning_model_comparison/r6/reasoned_probability_maps/D1-038_T1FS_endometrioma.nii.gz,/Users/sg2162/Datasets/CancerDatasets/Endometriosis/EndoMRI_All/labels/D1-038_T1FS_seg.nii.gz,0.5,True,1,1,1,0,0,1.0,1.0,1716.499989955617,post
r6,internal_test,D1-038_T2,D1-038,T2,/Users/sg2162/Library/CloudStorage/OneDrive-UniversityofCambridge/backup/project/PanCIA/analysis/a05_outcome_prediction/reasoning_model_comparison/r6/reasoned_probability_maps/D1-038_T2_endometrioma.nii.gz,/Users/sg2162/Datasets/CancerDatasets/Endometriosis/EndoMRI_All/labels/D1-038_T2_seg.nii.gz,0.5,True,1,1,0,1,1,0.0,0.0,21591.2501776122,post
r6,training,D1-000_T1FS,D1-000,T1FS,/Users/sg2162/Library/CloudStorage/OneDrive-UniversityofCambridge/backup/project/PanCIA/analysis/a05_outcome_prediction/reasoning_model_comparison/r6/reasoned_probability_maps/D1-000_T1FS_endometrioma.nii.gz,/Users/sg2162/Datasets/CancerDatasets/Endometriosis/EndoMRI_All/labels/D1-000_T1FS_seg.nii.gz,0.5,True,1,1,1,0,0,1.0,1.0,23225.0057360346,post
r6,training,D1-000_T2,D1-000,T2,/Users/sg2162/Library/CloudStorage/OneDrive-UniversityofCambridge/backup/project/PanCIA/analysis/a05_outcome_prediction/reasoning_model_comparison/r6/reasoned_probability_maps/D1-000_T2_endometrioma.nii.gz,/Users/sg2162/Datasets/CancerDatasets/Endometriosis/EndoMRI_All/labels/D1-000_T2_seg.nii.gz,0.5,True,0,1,0,1,0,0.0,,0.0,post
r6,internal_test,D1-009_T1FS,D1-009,T1FS,/Users/sg2162/Library/CloudStorage/OneDrive-UniversityofCambridge/backup/project/PanCIA/analysis/a05_outcome_prediction/reasoning_model_comparison/r6/reasoned_probability_maps/D1-009_T1FS_endometrioma.nii.gz,/Users/sg2162/Datasets/CancerDatasets/Endometriosis/EndoMRI_All/labels/D1-009_T1FS_seg.nii.gz,0.5,True,0,3,0,3,0,0.0,,0.0,post
r6,training,D1-009_T2,D1-009,T2,/Users/sg2162/Library/CloudStorage/OneDrive-UniversityofCambridge/backup/project/PanCIA/analysis/a05_outcome_prediction/reasoning_model_comparison/r6/reasoned_probability_maps/D1-009_T2_endometrioma.nii.gz,/Users/sg2162/Datasets/CancerDatasets/Endometriosis/EndoMRI_All/labels/D1-009_T2_seg.nii.gz,0.5,True,0,2,0,2,0,0.0,,0.0,post
r6,training,D1-036_T2,D1-036,T2,/Users/sg2162/Library/CloudStorage/OneDrive-UniversityofCambridge/backup/project/PanCIA/analysis/a05_outcome_prediction/reasoning_model_comparison/r6/reasoned_probability_maps/D1-036_T2_endometrioma.nii.gz,/Users/sg2162/Datasets/CancerDatasets/Endometriosis/EndoMRI_All/labels/D1-036_T2_seg.nii.gz,0.5,False,0,0,0,0,0,,,0.0,post
r6,training,D1-043_T2,D1-043,T2,/Users/sg2162/Library/CloudStorage/OneDrive-UniversityofCambridge/backup/project/PanCIA/analysis/a05_outcome_prediction/reasoning_model_comparison/r6/reasoned_probability_maps/D1-043_T2_endometrioma.nii.gz,/Users/sg2162/Datasets/CancerDatasets/Endometriosis/EndoMRI_All/labels/D1-043_T2_seg.nii.gz,0.5,True,1,1,1,0,0,1.0,1.0,25903.499421322398,post
r6,training,D1-043_T1FS,D1-043,T1FS,/Users/sg2162/Library/CloudStorage/OneDrive-UniversityofCambridge/backup/project/PanCIA/analysis/a05_outcome_prediction/reasoning_model_comparison/r6/reasoned_probability_maps/D1-043_T1FS_endometrioma.nii.gz,/Users/sg2162/Datasets/CancerDatasets/Endometriosis/EndoMRI_All/labels/D1-043_T1FS_seg.nii.gz,0.5,True,0,1,0,1,0,0.0,,0.0,post
r6,training,D1-017_T2,D1-017,T2,/Users/sg2162/Library/CloudStorage/OneDrive-UniversityofCambridge/backup/project/PanCIA/analysis/a05_outcome_prediction/reasoning_model_comparison/r6/reasoned_probability_maps/D1-017_T2_endometrioma.nii.gz,/Users/sg2162/Datasets/CancerDatasets/Endometriosis/EndoMRI_All/labels/D1-017_T2_seg.nii.gz,0.5,True,1,6,0,6,1,0.0,0.0,103646.00813758731,post
r6,training,D1-017_T1FS,D1-017,T1FS,/Users/sg2162/Library/CloudStorage/OneDrive-UniversityofCambridge/backup/project/PanCIA/analysis/a05_outcome_prediction/reasoning_model_comparison/r6/reasoned_probability_maps/D1-017_T1FS_endometrioma.nii.gz,/Users/sg2162/Datasets/CancerDatasets/Endometriosis/EndoMRI_All/labels/D1-017_T1FS_seg.nii.gz,0.5,False,1,0,0,0,1,,0.0,83.50011605693109,post
r6,internal_test,D1-028_T1FS,D1-028,T1FS,/Users/sg2162/Library/CloudStorage/OneDrive-UniversityofCambridge/backup/project/PanCIA/analysis/a05_outcome_prediction/reasoning_model_comparison/r6/reasoned_probability_maps/D1-028_T1FS_endometrioma.nii.gz,/Users/sg2162/Datasets/CancerDatasets/Endometriosis/EndoMRI_All/labels/D1-028_T1FS_seg.nii.gz,0.5,True,1,1,1,0,0,1.0,1.0,212.9999961648422,post
r6,training,D1-028_T2,D1-028,T2,/Users/sg2162/Library/CloudStorage/OneDrive-UniversityofCambridge/backup/project/PanCIA/analysis/a05_outcome_prediction/reasoning_model_comparison/r6/reasoned_probability_maps/D1-028_T2_endometrioma.nii.gz,/Users/sg2162/Datasets/CancerDatasets/Endometriosis/EndoMRI_All/labels/D1-028_T2_seg.nii.gz,0.5,False,0,0,0,0,0,,,0.0,post
r6,training,D1-026_T1FS,D1-026,T1FS,/Users/sg2162/Library/CloudStorage/OneDrive-UniversityofCambridge/backup/project/PanCIA/analysis/a05_outcome_prediction/reasoning_model_comparison/r6/reasoned_probability_maps/D1-026_T1FS_endometrioma.nii.gz,/Users/sg2162/Datasets/CancerDatasets/Endometriosis/EndoMRI_All/labels/D1-026_T1FS_seg.nii.gz,0.5,True,1,2,0,2,1,0.0,0.0,2268.375143069758,post
r6,training,D1-026_T2,D1-026,T2,/Users/sg2162/Library/CloudStorage/OneDrive-UniversityofCambridge/backup/project/PanCIA/analysis/a05_outcome_prediction/reasoning_model_comparison/r6/reasoned_probability_maps/D1-026_T2_endometrioma.nii.gz,/Users/sg2162/Datasets/CancerDatasets/Endometriosis/EndoMRI_All/labels/D1-026_T2_seg.nii.gz,0.5,False,1,0,0,0,1,,0.0,1351.2501491412258,post
r6,internal_test,D1-019_T1FS,D1-019,T1FS,/Users/sg2162/Library/CloudStorage/OneDrive-UniversityofCambridge/backup/project/PanCIA/analysis/a05_outcome_prediction/reasoning_model_comparison/r6/reasoned_probability_maps/D1-019_T1FS_endometrioma.nii.gz,/Users/sg2162/Datasets/CancerDatasets/Endometriosis/EndoMRI_All/labels/D1-019_T1FS_seg.nii.gz,0.5,True,0,3,0,3,0,0.0,,0.0,post
r6,training,D1-021_T1FS,D1-021,T1FS,/Users/sg2162/Library/CloudStorage/OneDrive-UniversityofCambridge/backup/project/PanCIA/analysis/a05_outcome_prediction/reasoning_model_comparison/r6/reasoned_probability_maps/D1-021_T1FS_endometrioma.nii.gz,/Users/sg2162/Datasets/CancerDatasets/Endometriosis/EndoMRI_All/labels/D1-021_T1FS_seg.nii.gz,0.5,False,1,0,0,0,1,,0.0,55851.00060413414,post
r6,training,D1-021_T2,D1-021,T2,/Users/sg2162/Library/CloudStorage/OneDrive-UniversityofCambridge/backup/project/PanCIA/analysis/a05_outcome_prediction/reasoning_model_comparison/r6/reasoned_probability_maps/D1-021_T2_endometrioma.nii.gz,/Users/sg2162/Datasets/CancerDatasets/Endometriosis/EndoMRI_All/labels/D1-021_T2_seg.nii.gz,0.5,True,0,2,0,2,0,0.0,,0.0,post
r6,training,D1-042_T2,D1-042,T2,/Users/sg2162/Library/CloudStorage/OneDrive-UniversityofCambridge/backup/project/PanCIA/analysis/a05_outcome_prediction/reasoning_model_comparison/r6/reasoned_probability_maps/D1-042_T2_endometrioma.nii.gz,/Users/sg2162/Datasets/CancerDatasets/Endometriosis/EndoMRI_All/labels/D1-042_T2_seg.nii.gz,0.5,False,1,0,0,0,1,,0.0,3481.4995915497957,post
r6,training,D1-045_T2,D1-045,T2,/Users/sg2162/Library/CloudStorage/OneDrive-UniversityofCambridge/backup/project/PanCIA/analysis/a05_outcome_prediction/reasoning_model_comparison/r6/reasoned_probability_maps/D1-045_T2_endometrioma.nii.gz,/Users/sg2162/Datasets/CancerDatasets/Endometriosis/EndoMRI_All/labels/D1-045_T2_seg.nii.gz,0.5,True,0,1,0,1,0,0.0,,0.0,post
r6,training,D1-020_T2,D1-020,T2,/Users/sg2162/Library/CloudStorage/OneDrive-UniversityofCambridge/backup/project/PanCIA/analysis/a05_outcome_prediction/reasoning_model_comparison/r6/reasoned_probability_maps/D1-020_T2_endometrioma.nii.gz,/Users/sg2162/Datasets/CancerDatasets/Endometriosis/EndoMRI_All/labels/D1-020_T2_seg.nii.gz,0.5,False,0,0,0,0,0,,,0.0,post
r6,training,D1-020_T1FS,D1-020,T1FS,/Users/sg2162/Library/CloudStorage/OneDrive-UniversityofCambridge/backup/project/PanCIA/analysis/a05_outcome_prediction/reasoning_model_comparison/r6/reasoned_probability_maps/D1-020_T1FS_endometrioma.nii.gz,/Users/sg2162/Datasets/CancerDatasets/Endometriosis/EndoMRI_All/labels/D1-020_T1FS_seg.nii.gz,0.5,True,0,7,0,7,0,0.0,,0.0,post
r6,training,D1-018_T1FS,D1-018,T1FS,/Users/sg2162/Library/CloudStorage/OneDrive-UniversityofCambridge/backup/project/PanCIA/analysis/a05_outcome_prediction/reasoning_model_comparison/r6/reasoned_probability_maps/D1-018_T1FS_endometrioma.nii.gz,/Users/sg2162/Datasets/CancerDatasets/Endometriosis/EndoMRI_All/labels/D1-018_T1FS_seg.nii.gz,0.5,True,1,2,0,2,1,0.0,0.0,2453.250002562191,post
r6,internal_test,D1-029_T2,D1-029,T2,/Users/sg2162/Library/CloudStorage/OneDrive-UniversityofCambridge/backup/project/PanCIA/analysis/a05_outcome_prediction/reasoning_model_comparison/r6/reasoned_probability_maps/D1-029_T2_endometrioma.nii.gz,/Users/sg2162/Datasets/CancerDatasets/Endometriosis/EndoMRI_All/labels/D1-029_T2_seg.nii.gz,0.5,True,1,1,1,0,0,1.0,1.0,28994.92032067828,post
r6,training,D1-029_T1FS,D1-029,T1FS,/Users/sg2162/Library/CloudStorage/OneDrive-UniversityofCambridge/backup/project/PanCIA/analysis/a05_outcome_prediction/reasoning_model_comparison/r6/reasoned_probability_maps/D1-029_T1FS_endometrioma.nii.gz,/Users/sg2162/Datasets/CancerDatasets/Endometriosis/EndoMRI_All/labels/D1-029_T1FS_seg.nii.gz,0.5,True,0,1,0,1,0,0.0,,0.0,post
r6,training,D1-005_T2,D1-005,T2,/Users/sg2162/Library/CloudStorage/OneDrive-UniversityofCambridge/backup/project/PanCIA/analysis/a05_outcome_prediction/reasoning_model_comparison/r6/reasoned_probability_maps/D1-005_T2_endometrioma.nii.gz,/Users/sg2162/Datasets/CancerDatasets/Endometriosis/EndoMRI_All/labels/D1-005_T2_seg.nii.gz,0.5,True,0,1,0,1,0,0.0,,0.0,post
r6,internal_test,D1-002_T2,D1-002,T2,/Users/sg2162/Library/CloudStorage/OneDrive-UniversityofCambridge/backup/project/PanCIA/analysis/a05_outcome_prediction/reasoning_model_comparison/r6/reasoned_probability_maps/D1-002_T2_endometrioma.nii.gz,/Users/sg2162/Datasets/CancerDatasets/Endometriosis/EndoMRI_All/labels/D1-002_T2_seg.nii.gz,0.5,False,0,0,0,0,0,,,0.0,post
r6,training,D1-003_T2,D1-003,T2,/Users/sg2162/Library/CloudStorage/OneDrive-UniversityofCambridge/backup/project/PanCIA/analysis/a05_outcome_prediction/reasoning_model_comparison/r6/reasoned_probability_maps/D1-003_T2_endometrioma.nii.gz,/Users/sg2162/Datasets/CancerDatasets/Endometriosis/EndoMRI_All/labels/D1-003_T2_seg.nii.gz,0.5,True,1,1,1,0,0,1.0,1.0,1670.0000793170643,post
r6,training,D1-004_T2,D1-004,T2,/Users/sg2162/Library/CloudStorage/OneDrive-UniversityofCambridge/backup/project/PanCIA/analysis/a05_outcome_prediction/reasoning_model_comparison/r6/reasoned_probability_maps/D1-004_T2_endometrioma.nii.gz,/Users/sg2162/Datasets/CancerDatasets/Endometriosis/EndoMRI_All/labels/D1-004_T2_seg.nii.gz,0.5,False,1,0,0,0,1,,0.0,446596.5194504646,post
r6,training,D1-032_T2,D1-032,T2,/Users/sg2162/Library/CloudStorage/OneDrive-UniversityofCambridge/backup/project/PanCIA/analysis/a05_outcome_prediction/reasoning_model_comparison/r6/reasoned_probability_maps/D1-032_T2_endometrioma.nii.gz,/Users/sg2162/Datasets/CancerDatasets/Endometriosis/EndoMRI_All/labels/D1-032_T2_seg.nii.gz,0.5,False,0,0,0,0,0,,,0.0,post
r6,internal_test,D1-035_T2,D1-035,T2,/Users/sg2162/Library/CloudStorage/OneDrive-UniversityofCambridge/backup/project/PanCIA/analysis/a05_outcome_prediction/reasoning_model_comparison/r6/reasoned_probability_maps/D1-035_T2_endometrioma.nii.gz,/Users/sg2162/Datasets/CancerDatasets/Endometriosis/EndoMRI_All/labels/D1-035_T2_seg.nii.gz,0.5,False,0,0,0,0,0,,,0.0,post
r6,training,D1-035_T1FS,D1-035,T1FS,/Users/sg2162/Library/CloudStorage/OneDrive-UniversityofCambridge/backup/project/PanCIA/analysis/a05_outcome_prediction/reasoning_model_comparison/r6/reasoned_probability_maps/D1-035_T1FS_endometrioma.nii.gz,/Users/sg2162/Datasets/CancerDatasets/Endometriosis/EndoMRI_All/labels/D1-035_T1FS_seg.nii.gz,0.5,True,0,5,0,5,0,0.0,,0.0,post
r6,training,D1-050_T1FS,D1-050,T1FS,/Users/sg2162/Library/CloudStorage/OneDrive-UniversityofCambridge/backup/project/PanCIA/analysis/a05_outcome_prediction/reasoning_model_comparison/r6/reasoned_probability_maps/D1-050_T1FS_endometrioma.nii.gz,/Users/sg2162/Datasets/CancerDatasets/Endometriosis/EndoMRI_All/labels/D1-050_T1FS_seg.nii.gz,0.5,True,0,1,0,1,0,0.0,,0.0,post
r6,external_test,D2-024_T2FS,D2-024,T2FS,/Users/sg2162/Library/CloudStorage/OneDrive-UniversityofCambridge/backup/project/PanCIA/analysis/a05_outcome_prediction/reasoning_model_comparison/r6/reasoned_probability_maps/D2-024_T2FS_endometrioma.nii.gz,/Users/sg2162/Datasets/CancerDatasets/Endometriosis/EndoMRI_All/labels/D2-024_T2FS_seg.nii.gz,0.5,False,0,0,0,0,0,,,0.0,post
r6,external_test,D2-023_T2FS,D2-023,T2FS,/Users/sg2162/Library/CloudStorage/OneDrive-UniversityofCambridge/backup/project/PanCIA/analysis/a05_outcome_prediction/reasoning_model_comparison/r6/reasoned_probability_maps/D2-023_T2FS_endometrioma.nii.gz,/Users/sg2162/Datasets/CancerDatasets/Endometriosis/EndoMRI_All/labels/D2-023_T2FS_seg.nii.gz,0.5,False,0,0,0,0,0,,,0.0,post
r6,external_test,D2-015_T2FS,D2-015,T2FS,/Users/sg2162/Library/CloudStorage/OneDrive-UniversityofCambridge/backup/project/PanCIA/analysis/a05_outcome_prediction/reasoning_model_comparison/r6/reasoned_probability_maps/D2-015_T2FS_endometrioma.nii.gz,/Users/sg2162/Datasets/CancerDatasets/Endometriosis/EndoMRI_All/labels/D2-015_T2FS_seg.nii.gz,0.5,False,0,0,0,0,0,,,0.0,post
r6,external_test,D2-012_T2FS,D2-012,T2FS,/Users/sg2162/Library/CloudStorage/OneDrive-UniversityofCambridge/backup/project/PanCIA/analysis/a05_outcome_prediction/reasoning_model_comparison/r6/reasoned_probability_maps/D2-012_T2FS_endometrioma.nii.gz,/Users/sg2162/Datasets/CancerDatasets/Endometriosis/EndoMRI_All/labels/D2-012_T2FS_seg.nii.gz,0.5,False,0,0,0,0,0,,,0.0,post
r6,external_test,D2-079_T2FS,D2-079,T2FS,/Users/sg2162/Library/CloudStorage/OneDrive-UniversityofCambridge/backup/project/PanCIA/analysis/a05_outcome_prediction/reasoning_model_comparison/r6/reasoned_probability_maps/D2-079_T2FS_endometrioma.nii.gz,/Users/sg2162/Datasets/CancerDatasets/Endometriosis/EndoMRI_All/labels/D2-079_T2FS_seg.nii.gz,0.5,True,1,1,1,0,0,1.0,1.0,1009.7107006547932,post
r6,external_test,D2-046_T2FS,D2-046,T2FS,/Users/sg2162/Library/CloudStorage/OneDrive-UniversityofCambridge/backup/project/PanCIA/analysis/a05_outcome_prediction/reasoning_model_comparison/r6/reasoned_probability_maps/D2-046_T2FS_endometrioma.nii.gz,/Users/sg2162/Datasets/CancerDatasets/Endometriosis/EndoMRI_All/labels/D2-046_T2FS_seg.nii.gz,0.5,False,1,0,0,0,1,,0.0,7250.976758896574,post
r6,external_test,D2-041_T2FS,D2-041,T2FS,/Users/sg2162/Library/CloudStorage/OneDrive-UniversityofCambridge/backup/project/PanCIA/analysis/a05_outcome_prediction/reasoning_model_comparison/r6/reasoned_probability_maps/D2-041_T2FS_endometrioma.nii.gz,/Users/sg2162/Datasets/CancerDatasets/Endometriosis/EndoMRI_All/labels/D2-041_T2FS_seg.nii.gz,0.5,True,1,1,0,1,1,0.0,0.0,2143.903709509531,post
r6,external_test,D2-048_T2FS,D2-048,T2FS,/Users/sg2162/Library/CloudStorage/OneDrive-UniversityofCambridge/backup/project/PanCIA/analysis/a05_outcome_prediction/reasoning_model_comparison/r6/reasoned_probability_maps/D2-048_T2FS_endometrioma.nii.gz,/Users/sg2162/Datasets/CancerDatasets/Endometriosis/EndoMRI_All/labels/D2-048_T2FS_seg.nii.gz,0.5,False,0,0,0,0,0,,,0.0,post
r6,external_test,D2-048_T2,D2-048,T2,/Users/sg2162/Library/CloudStorage/OneDrive-UniversityofCambridge/backup/project/PanCIA/analysis/a05_outcome_prediction/reasoning_model_comparison/r6/reasoned_probability_maps/D2-048_T2_endometrioma.nii.gz,/Users/sg2162/Datasets/CancerDatasets/Endometriosis/EndoMRI_All/labels/D2-048_T2_seg.nii.gz,0.5,False,0,0,0,0,0,,,0.0,post
r6,external_test,D2-077_T2FS,D2-077,T2FS,/Users/sg2162/Library/CloudStorage/OneDrive-UniversityofCambridge/backup/project/PanCIA/analysis/a05_outcome_prediction/reasoning_model_comparison/r6/reasoned_probability_maps/D2-077_T2FS_endometrioma.nii.gz,/Users/sg2162/Datasets/CancerDatasets/Endometriosis/EndoMRI_All/labels/D2-077_T2FS_seg.nii.gz,0.5,True,1,1,1,0,0,1.0,1.0,121219.48319259955,post
r6,external_test,D2-070_T2FS,D2-070,T2FS,/Users/sg2162/Library/CloudStorage/OneDrive-UniversityofCambridge/backup/project/PanCIA/analysis/a05_outcome_prediction/reasoning_model_comparison/r6/reasoned_probability_maps/D2-070_T2FS_endometrioma.nii.gz,/Users/sg2162/Datasets/CancerDatasets/Endometriosis/EndoMRI_All/labels/D2-070_T2FS_seg.nii.gz,0.5,True,0,1,0,1,0,0.0,,0.0,post
r6,external_test,D2-013_T2FS,D2-013,T2FS,/Users/sg2162/Library/CloudStorage/OneDrive-UniversityofCambridge/backup/project/PanCIA/analysis/a05_outcome_prediction/reasoning_model_comparison/r6/reasoned_probability_maps/D2-013_T2FS_endometrioma.nii.gz,/Users/sg2162/Datasets/CancerDatasets/Endometriosis/EndoMRI_All/labels/D2-013_T2FS_seg.nii.gz,0.5,False,1,0,0,0,1,,0.0,1457.519478133243,post
r6,external_test,D2-014_T2FS,D2-014,T2FS,/Users/sg2162/Library/CloudStorage/OneDrive-UniversityofCambridge/backup/project/PanCIA/analysis/a05_outcome_prediction/reasoning_model_comparison/r6/reasoned_probability_maps/D2-014_T2FS_endometrioma.nii.gz,/Users/sg2162/Datasets/CancerDatasets/Endometriosis/EndoMRI_All/labels/D2-014_T2FS_seg.nii.gz,0.5,False,1,0,0,0,1,,0.0,5377.686307353293,post
r6,external_test,D2-022_T2FS,D2-022,T2FS,/Users/sg2162/Library/CloudStorage/OneDrive-UniversityofCambridge/backup/project/PanCIA/analysis/a05_outcome_prediction/reasoning_model_comparison/r6/reasoned_probability_maps/D2-022_T2FS_endometrioma.nii.gz,/Users/sg2162/Datasets/CancerDatasets/Endometriosis/EndoMRI_All/labels/D2-022_T2FS_seg.nii.gz,0.5,False,0,0,0,0,0,,,0.0,post
r6,external_test,D2-025_T2FS,D2-025,T2FS,/Users/sg2162/Library/CloudStorage/OneDrive-UniversityofCambridge/backup/project/PanCIA/analysis/a05_outcome_prediction/reasoning_model_comparison/r6/reasoned_probability_maps/D2-025_T2FS_endometrioma.nii.gz,/Users/sg2162/Datasets/CancerDatasets/Endometriosis/EndoMRI_All/labels/D2-025_T2FS_seg.nii.gz,0.5,False,0,0,0,0,0,,,0.0,post
r6,external_test,D2-071_T2FS,D2-071,T2FS,/Users/sg2162/Library/CloudStorage/OneDrive-UniversityofCambridge/backup/project/PanCIA/analysis/a05_outcome_prediction/reasoning_model_comparison/r6/reasoned_probability_maps/D2-071_T2FS_endometrioma.nii.gz,/Users/sg2162/Datasets/CancerDatasets/Endometriosis/EndoMRI_All/labels/D2-071_T2FS_seg.nii.gz,0.5,True,1,1,1,0,0,1.0,1.0,41539.311492121175,post
r6,external_test,D2-049_T2FS,D2-049,T2FS,/Users/sg2162/Library/CloudStorage/OneDrive-UniversityofCambridge/backup/project/PanCIA/analysis/a05_outcome_prediction/reasoning_model_comparison/r6/reasoned_probability_maps/D2-049_T2FS_endometrioma.nii.gz,/Users/sg2162/Datasets/CancerDatasets/Endometriosis/EndoMRI_All/labels/D2-049_T2FS_seg.nii.gz,0.5,False,0,0,0,0,0,,,0.0,post
r6,external_test,D2-076_T2FS,D2-076,T2FS,/Users/sg2162/Library/CloudStorage/OneDrive-UniversityofCambridge/backup/project/PanCIA/analysis/a05_outcome_prediction/reasoning_model_comparison/r6/reasoned_probability_maps/D2-076_T2FS_endometrioma.nii.gz,/Users/sg2162/Datasets/CancerDatasets/Endometriosis/EndoMRI_All/labels/D2-076_T2FS_seg.nii.gz,0.5,False,0,0,0,0,0,,,0.0,post
r6,external_test,D2-040_T2FS,D2-040,T2FS,/Users/sg2162/Library/CloudStorage/OneDrive-UniversityofCambridge/backup/project/PanCIA/analysis/a05_outcome_prediction/reasoning_model_comparison/r6/reasoned_probability_maps/D2-040_T2FS_endometrioma.nii.gz,/Users/sg2162/Datasets/CancerDatasets/Endometriosis/EndoMRI_All/labels/D2-040_T2FS_seg.nii.gz,0.5,True,1,1,1,0,0,1.0,1.0,728.7597546768073,post
r6,external_test,D2-078_T2FS,D2-078,T2FS,/Users/sg2162/Library/CloudStorage/OneDrive-UniversityofCambridge/backup/project/PanCIA/analysis/a05_outcome_prediction/reasoning_model_comparison/r6/reasoned_probability_maps/D2-078_T2FS_endometrioma.nii.gz,/Users/sg2162/Datasets/CancerDatasets/Endometriosis/EndoMRI_All/labels/D2-078_T2FS_seg.nii.gz,0.5,True,0,2,0,2,0,0.0,,0.0,post
r6,external_test,D2-047_T2,D2-047,T2,/Users/sg2162/Library/CloudStorage/OneDrive-UniversityofCambridge/backup/project/PanCIA/analysis/a05_outcome_prediction/reasoning_model_comparison/r6/reasoned_probability_maps/D2-047_T2_endometrioma.nii.gz,/Users/sg2162/Datasets/CancerDatasets/Endometriosis/EndoMRI_All/labels/D2-047_T2_seg.nii.gz,0.5,False,0,0,0,0,0,,,0.0,post
r6,external_test,D2-047_T2FS,D2-047,T2FS,/Users/sg2162/Library/CloudStorage/OneDrive-UniversityofCambridge/backup/project/PanCIA/analysis/a05_outcome_prediction/reasoning_model_comparison/r6/reasoned_probability_maps/D2-047_T2FS_endometrioma.nii.gz,/Users/sg2162/Datasets/CancerDatasets/Endometriosis/EndoMRI_All/labels/D2-047_T2FS_seg.nii.gz,0.5,False,0,0,0,0,0,,,0.0,post
r6,external_test,D2-065_T2FS,D2-065,T2FS,/Users/sg2162/Library/CloudStorage/OneDrive-UniversityofCambridge/backup/project/PanCIA/analysis/a05_outcome_prediction/reasoning_model_comparison/r6/reasoned_probability_maps/D2-065_T2FS_endometrioma.nii.gz,/Users/sg2162/Datasets/CancerDatasets/Endometriosis/EndoMRI_All/labels/D2-065_T2FS_seg.nii.gz,0.5,False,1,0,0,0,1,,0.0,2647.0038667517088,post
r6,external_test,D2-062_T2FS,D2-062,T2FS,/Users/sg2162/Library/CloudStorage/OneDrive-UniversityofCambridge/backup/project/PanCIA/analysis/a05_outcome_prediction/reasoning_model_comparison/r6/reasoned_probability_maps/D2-062_T2FS_endometrioma.nii.gz,/Users/sg2162/Datasets/CancerDatasets/Endometriosis/EndoMRI_All/labels/D2-062_T2FS_seg.nii.gz,0.5,False,0,0,0,0,0,,,0.0,post
r6,external_test,D2-054_T2FS,D2-054,T2FS,/Users/sg2162/Library/CloudStorage/OneDrive-UniversityofCambridge/backup/project/PanCIA/analysis/a05_outcome_prediction/reasoning_model_comparison/r6/reasoned_probability_maps/D2-054_T2FS_endometrioma.nii.gz,/Users/sg2162/Datasets/CancerDatasets/Endometriosis/EndoMRI_All/labels/D2-054_T2FS_seg.nii.gz,0.5,True,0,1,0,1,0,0.0,,0.0,post
r6,external_test,D2-053_T2,D2-053,T2,/Users/sg2162/Library/CloudStorage/OneDrive-UniversityofCambridge/backup/project/PanCIA/analysis/a05_outcome_prediction/reasoning_model_comparison/r6/reasoned_probability_maps/D2-053_T2_endometrioma.nii.gz,/Users/sg2162/Datasets/CancerDatasets/Endometriosis/EndoMRI_All/labels/D2-053_T2_seg.nii.gz,0.5,False,1,0,0,0,1,,0.0,34284.29751110376,post
r6,external_test,D2-053_T2FS,D2-053,T2FS,/Users/sg2162/Library/CloudStorage/OneDrive-UniversityofCambridge/backup/project/PanCIA/analysis/a05_outcome_prediction/reasoning_model_comparison/r6/reasoned_probability_maps/D2-053_T2FS_endometrioma.nii.gz,/Users/sg2162/Datasets/CancerDatasets/Endometriosis/EndoMRI_All/labels/D2-053_T2FS_seg.nii.gz,0.5,False,1,0,0,0,1,,0.0,21363.8776326583,post
r6,external_test,D2-038_T2FS,D2-038,T2FS,/Users/sg2162/Library/CloudStorage/OneDrive-UniversityofCambridge/backup/project/PanCIA/analysis/a05_outcome_prediction/reasoning_model_comparison/r6/reasoned_probability_maps/D2-038_T2FS_endometrioma.nii.gz,/Users/sg2162/Datasets/CancerDatasets/Endometriosis/EndoMRI_All/labels/D2-038_T2FS_seg.nii.gz,0.5,False,1,0,0,0,1,,0.0,5939.941567136487,post
r6,external_test,D2-007_T2,D2-007,T2,/Users/sg2162/Library/CloudStorage/OneDrive-UniversityofCambridge/backup/project/PanCIA/analysis/a05_outcome_prediction/reasoning_model_comparison/r6/reasoned_probability_maps/D2-007_T2_endometrioma.nii.gz,/Users/sg2162/Datasets/CancerDatasets/Endometriosis/EndoMRI_All/labels/D2-007_T2_seg.nii.gz,0.5,False,0,0,0,0,0,,,0.0,post
r6,external_test,D2-007_T2FS,D2-007,T2FS,/Users/sg2162/Library/CloudStorage/OneDrive-UniversityofCambridge/backup/project/PanCIA/analysis/a05_outcome_prediction/reasoning_model_comparison/r6/reasoned_probability_maps/D2-007_T2FS_endometrioma.nii.gz,/Users/sg2162/Datasets/CancerDatasets/Endometriosis/EndoMRI_All/labels/D2-007_T2FS_seg.nii.gz,0.5,False,1,0,0,0,1,,0.0,4630.600710225852,post
r6,external_test,D2-000_T2FS,D2-000,T2FS,/Users/sg2162/Library/CloudStorage/OneDrive-UniversityofCambridge/backup/project/PanCIA/analysis/a05_outcome_prediction/reasoning_model_comparison/r6/reasoned_probability_maps/D2-000_T2FS_endometrioma.nii.gz,/Users/sg2162/Datasets/CancerDatasets/Endometriosis/EndoMRI_All/labels/D2-000_T2FS_seg.nii.gz,0.5,False,1,0,0,0,1,,0.0,92625.62037138629,post
r6,external_test,D2-000_T2,D2-000,T2,/Users/sg2162/Library/CloudStorage/OneDrive-UniversityofCambridge/backup/project/PanCIA/analysis/a05_outcome_prediction/reasoning_model_comparison/r6/reasoned_probability_maps/D2-000_T2_endometrioma.nii.gz,/Users/sg2162/Datasets/CancerDatasets/Endometriosis/EndoMRI_All/labels/D2-000_T2_seg.nii.gz,0.5,False,0,0,0,0,0,,,0.0,post
r6,external_test,D2-009_T2FS,D2-009,T2FS,/Users/sg2162/Library/CloudStorage/OneDrive-UniversityofCambridge/backup/project/PanCIA/analysis/a05_outcome_prediction/reasoning_model_comparison/r6/reasoned_probability_maps/D2-009_T2FS_endometrioma.nii.gz,/Users/sg2162/Datasets/CancerDatasets/Endometriosis/EndoMRI_All/labels/D2-009_T2FS_seg.nii.gz,0.5,True,1,1,1,0,0,1.0,1.0,3365.5084900465017,post
r6,external_test,D2-009_T2,D2-009,T2,/Users/sg2162/Library/CloudStorage/OneDrive-UniversityofCambridge/backup/project/PanCIA/analysis/a05_outcome_prediction/reasoning_model_comparison/r6/reasoned_probability_maps/D2-009_T2_endometrioma.nii.gz,/Users/sg2162/Datasets/CancerDatasets/Endometriosis/EndoMRI_All/labels/D2-009_T2_seg.nii.gz,0.5,True,0,1,0,1,0,0.0,,0.0,post
r6,external_test,D2-052_T2FS,D2-052,T2FS,/Users/sg2162/Library/CloudStorage/OneDrive-UniversityofCambridge/backup/project/PanCIA/analysis/a05_outcome_prediction/reasoning_model_comparison/r6/reasoned_probability_maps/D2-052_T2FS_endometrioma.nii.gz,/Users/sg2162/Datasets/CancerDatasets/Endometriosis/EndoMRI_All/labels/D2-052_T2FS_seg.nii.gz,0.5,False,0,0,0,0,0,,,0.0,post
r6,external_test,D2-052_T2,D2-052,T2,/Users/sg2162/Library/CloudStorage/OneDrive-UniversityofCambridge/backup/project/PanCIA/analysis/a05_outcome_prediction/reasoning_model_comparison/r6/reasoned_probability_maps/D2-052_T2_endometrioma.nii.gz,/Users/sg2162/Datasets/CancerDatasets/Endometriosis/EndoMRI_All/labels/D2-052_T2_seg.nii.gz,0.5,False,0,0,0,0,0,,,0.0,post
r6,external_test,D2-055_T2FS,D2-055,T2FS,/Users/sg2162/Library/CloudStorage/OneDrive-UniversityofCambridge/backup/project/PanCIA/analysis/a05_outcome_prediction/reasoning_model_comparison/r6/reasoned_probability_maps/D2-055_T2FS_endometrioma.nii.gz,/Users/sg2162/Datasets/CancerDatasets/Endometriosis/EndoMRI_All/labels/D2-055_T2FS_seg.nii.gz,0.5,False,0,0,0,0,0,,,0.0,post
r6,external_test,D2-064_T2FS,D2-064,T2FS,/Users/sg2162/Library/CloudStorage/OneDrive-UniversityofCambridge/backup/project/PanCIA/analysis/a05_outcome_prediction/reasoning_model_comparison/r6/reasoned_probability_maps/D2-064_T2FS_endometrioma.nii.gz,/Users/sg2162/Datasets/CancerDatasets/Endometriosis/EndoMRI_All/labels/D2-064_T2FS_seg.nii.gz,0.5,False,0,0,0,0,0,,,0.0,post
r6,external_test,D2-008_T2FS,D2-008,T2FS,/Users/sg2162/Library/CloudStorage/OneDrive-UniversityofCambridge/backup/project/PanCIA/analysis/a05_outcome_prediction/reasoning_model_comparison/r6/reasoned_probability_maps/D2-008_T2FS_endometrioma.nii.gz,/Users/sg2162/Datasets/CancerDatasets/Endometriosis/EndoMRI_All/labels/D2-008_T2FS_seg.nii.gz,0.5,False,0,0,0,0,0,,,0.0,post
r6,external_test,D2-001_T2FS,D2-001,T2FS,/Users/sg2162/Library/CloudStorage/OneDrive-UniversityofCambridge/backup/project/PanCIA/analysis/a05_outcome_prediction/reasoning_model_comparison/r6/reasoned_probability_maps/D2-001_T2FS_endometrioma.nii.gz,/Users/sg2162/Datasets/CancerDatasets/Endometriosis/EndoMRI_All/labels/D2-001_T2FS_seg.nii.gz,0.5,False,1,0,0,0,1,,0.0,45552.97914300191,post
r6,external_test,D2-039_T2FS,D2-039,T2FS,/Users/sg2162/Library/CloudStorage/OneDrive-UniversityofCambridge/backup/project/PanCIA/analysis/a05_outcome_prediction/reasoning_model_comparison/r6/reasoned_probability_maps/D2-039_T2FS_endometrioma.nii.gz,/Users/sg2162/Datasets/CancerDatasets/Endometriosis/EndoMRI_All/labels/D2-039_T2FS_seg.nii.gz,0.5,False,1,0,0,0,1,,0.0,4064.941883529917,post
r6,external_test,D2-006_T2FS,D2-006,T2FS,/Users/sg2162/Library/CloudStorage/OneDrive-UniversityofCambridge/backup/project/PanCIA/analysis/a05_outcome_prediction/reasoning_model_comparison/r6/reasoned_probability_maps/D2-006_T2FS_endometrioma.nii.gz,/Users/sg2162/Datasets/CancerDatasets/Endometriosis/EndoMRI_All/labels/D2-006_T2FS_seg.nii.gz,0.5,False,1,0,0,0,1,,0.0,3972.3749434362753,post
r6,external_test,D2-042_T2FS,D2-042,T2FS,/Users/sg2162/Library/CloudStorage/OneDrive-UniversityofCambridge/backup/project/PanCIA/analysis/a05_outcome_prediction/reasoning_model_comparison/r6/reasoned_probability_maps/D2-042_T2FS_endometrioma.nii.gz,/Users/sg2162/Datasets/CancerDatasets/Endometriosis/EndoMRI_All/labels/D2-042_T2FS_seg.nii.gz,0.5,False,0,0,0,0,0,,,0.0,post
r6,external_test,D2-042_T2,D2-042,T2,/Users/sg2162/Library/CloudStorage/OneDrive-UniversityofCambridge/backup/project/PanCIA/analysis/a05_outcome_prediction/reasoning_model_comparison/r6/reasoned_probability_maps/D2-042_T2_endometrioma.nii.gz,/Users/sg2162/Datasets/CancerDatasets/Endometriosis/EndoMRI_All/labels/D2-042_T2_seg.nii.gz,0.5,False,0,0,0,0,0,,,0.0,post
r6,external_test,D2-045_T2FS,D2-045,T2FS,/Users/sg2162/Library/CloudStorage/OneDrive-UniversityofCambridge/backup/project/PanCIA/analysis/a05_outcome_prediction/reasoning_model_comparison/r6/reasoned_probability_maps/D2-045_T2FS_endometrioma.nii.gz,/Users/sg2162/Datasets/CancerDatasets/Endometriosis/EndoMRI_All/labels/D2-045_T2FS_seg.nii.gz,0.5,False,1,0,0,0,1,,0.0,10078.1251379306,post
r6,external_test,D2-073_T2FS,D2-073,T2FS,/Users/sg2162/Library/CloudStorage/OneDrive-UniversityofCambridge/backup/project/PanCIA/analysis/a05_outcome_prediction/reasoning_model_comparison/r6/reasoned_probability_maps/D2-073_T2FS_endometrioma.nii.gz,/Users/sg2162/Datasets/CancerDatasets/Endometriosis/EndoMRI_All/labels/D2-073_T2FS_seg.nii.gz,0.5,False,0,0,0,0,0,,,0.0,post
r6,external_test,D2-080_T2FS,D2-080,T2FS,/Users/sg2162/Library/CloudStorage/OneDrive-UniversityofCambridge/backup/project/PanCIA/analysis/a05_outcome_prediction/reasoning_model_comparison/r6/reasoned_probability_maps/D2-080_T2FS_endometrioma.nii.gz,/Users/sg2162/Datasets/CancerDatasets/Endometriosis/EndoMRI_All/labels/D2-080_T2FS_seg.nii.gz,0.5,False,0,0,0,0,0,,,0.0,post
r6,external_test,D2-074_T2FS,D2-074,T2FS,/Users/sg2162/Library/CloudStorage/OneDrive-UniversityofCambridge/backup/project/PanCIA/analysis/a05_outcome_prediction/reasoning_model_comparison/r6/reasoned_probability_maps/D2-074_T2FS_endometrioma.nii.gz,/Users/sg2162/Datasets/CancerDatasets/Endometriosis/EndoMRI_All/labels/D2-074_T2FS_seg.nii.gz,0.5,False,1,0,0,0,1,,0.0,3204.855425853611,post
r6,external_test,D2-020_T2FS,D2-020,T2FS,/Users/sg2162/Library/CloudStorage/OneDrive-UniversityofCambridge/backup/project/PanCIA/analysis/a05_outcome_prediction/reasoning_model_comparison/r6/reasoned_probability_maps/D2-020_T2FS_endometrioma.nii.gz,/Users/sg2162/Datasets/CancerDatasets/Endometriosis/EndoMRI_All/labels/D2-020_T2FS_seg.nii.gz,0.5,False,0,0,0,0,0,,,0.0,post
r6,external_test,D2-027_T2FS,D2-027,T2FS,/Users/sg2162/Library/CloudStorage/OneDrive-UniversityofCambridge/backup/project/PanCIA/analysis/a05_outcome_prediction/reasoning_model_comparison/r6/reasoned_probability_maps/D2-027_T2FS_endometrioma.nii.gz,/Users/sg2162/Datasets/CancerDatasets/Endometriosis/EndoMRI_All/labels/D2-027_T2FS_seg.nii.gz,0.5,False,0,0,0,0,0,,,0.0,post
r6,external_test,D2-018_T2FS,D2-018,T2FS,/Users/sg2162/Library/CloudStorage/OneDrive-UniversityofCambridge/backup/project/PanCIA/analysis/a05_outcome_prediction/reasoning_model_comparison/r6/reasoned_probability_maps/D2-018_T2FS_endometrioma.nii.gz,/Users/sg2162/Datasets/CancerDatasets/Endometriosis/EndoMRI_All/labels/D2-018_T2FS_seg.nii.gz,0.5,False,0,0,0,0,0,,,0.0,post
r6,external_test,D2-011_T2FS,D2-011,T2FS,/Users/sg2162/Library/CloudStorage/OneDrive-UniversityofCambridge/backup/project/PanCIA/analysis/a05_outcome_prediction/reasoning_model_comparison/r6/reasoned_probability_maps/D2-011_T2FS_endometrioma.nii.gz,/Users/sg2162/Datasets/CancerDatasets/Endometriosis/EndoMRI_All/labels/D2-011_T2FS_seg.nii.gz,0.5,False,0,0,0,0,0,,,0.0,post
r6,external_test,D2-016_T2FS,D2-016,T2FS,/Users/sg2162/Library/CloudStorage/OneDrive-UniversityofCambridge/backup/project/PanCIA/analysis/a05_outcome_prediction/reasoning_model_comparison/r6/reasoned_probability_maps/D2-016_T2FS_endometrioma.nii.gz,/Users/sg2162/Datasets/CancerDatasets/Endometriosis/EndoMRI_All/labels/D2-016_T2FS_seg.nii.gz,0.5,False,1,0,0,0,1,,0.0,92733.08118562521,post
r6,external_test,D2-029_T2FS,D2-029,T2FS,/Users/sg2162/Library/CloudStorage/OneDrive-UniversityofCambridge/backup/project/PanCIA/analysis/a05_outcome_prediction/reasoning_model_comparison/r6/reasoned_probability_maps/D2-029_T2FS_endometrioma.nii.gz,/Users/sg2162/Datasets/CancerDatasets/Endometriosis/EndoMRI_All/labels/D2-029_T2FS_seg.nii.gz,0.5,False,0,0,0,0,0,,,0.0,post
r6,external_test,D2-075_T2FS,D2-075,T2FS,/Users/sg2162/Library/CloudStorage/OneDrive-UniversityofCambridge/backup/project/PanCIA/analysis/a05_outcome_prediction/reasoning_model_comparison/r6/reasoned_probability_maps/D2-075_T2FS_endometrioma.nii.gz,/Users/sg2162/Datasets/CancerDatasets/Endometriosis/EndoMRI_All/labels/D2-075_T2FS_seg.nii.gz,0.5,False,0,0,0,0,0,,,0.0,post
r6,external_test,D2-072_T2FS,D2-072,T2FS,/Users/sg2162/Library/CloudStorage/OneDrive-UniversityofCambridge/backup/project/PanCIA/analysis/a05_outcome_prediction/reasoning_model_comparison/r6/reasoned_probability_maps/D2-072_T2FS_endometrioma.nii.gz,/Users/sg2162/Datasets/CancerDatasets/Endometriosis/EndoMRI_All/labels/D2-072_T2FS_seg.nii.gz,0.5,True,0,1,0,1,0,0.0,,0.0,post
r6,external_test,D2-044_T2FS,D2-044,T2FS,/Users/sg2162/Library/CloudStorage/OneDrive-UniversityofCambridge/backup/project/PanCIA/analysis/a05_outcome_prediction/reasoning_model_comparison/r6/reasoned_probability_maps/D2-044_T2FS_endometrioma.nii.gz,/Users/sg2162/Datasets/CancerDatasets/Endometriosis/EndoMRI_All/labels/D2-044_T2FS_seg.nii.gz,0.5,False,0,0,0,0,0,,,0.0,post
r6,external_test,D2-043_T2FS,D2-043,T2FS,/Users/sg2162/Library/CloudStorage/OneDrive-UniversityofCambridge/backup/project/PanCIA/analysis/a05_outcome_prediction/reasoning_model_comparison/r6/reasoned_probability_maps/D2-043_T2FS_endometrioma.nii.gz,/Users/sg2162/Datasets/CancerDatasets/Endometriosis/EndoMRI_All/labels/D2-043_T2FS_seg.nii.gz,0.5,False,0,0,0,0,0,,,0.0,post
r6,external_test,D2-043_T2,D2-043,T2,/Users/sg2162/Library/CloudStorage/OneDrive-UniversityofCambridge/backup/project/PanCIA/analysis/a05_outcome_prediction/reasoning_model_comparison/r6/reasoned_probability_maps/D2-043_T2_endometrioma.nii.gz,/Users/sg2162/Datasets/CancerDatasets/Endometriosis/EndoMRI_All/labels/D2-043_T2_seg.nii.gz,0.5,False,1,0,0,0,1,,0.0,6069.421944018034,post
r6,external_test,D2-017_T2FS,D2-017,T2FS,/Users/sg2162/Library/CloudStorage/OneDrive-UniversityofCambridge/backup/project/PanCIA/analysis/a05_outcome_prediction/reasoning_model_comparison/r6/reasoned_probability_maps/D2-017_T2FS_endometrioma.nii.gz,/Users/sg2162/Datasets/CancerDatasets/Endometriosis/EndoMRI_All/labels/D2-017_T2FS_seg.nii.gz,0.5,False,0,0,0,0,0,,,0.0,post
r6,external_test,D2-028_T2FS,D2-028,T2FS,/Users/sg2162/Library/CloudStorage/OneDrive-UniversityofCambridge/backup/project/PanCIA/analysis/a05_outcome_prediction/reasoning_model_comparison/r6/reasoned_probability_maps/D2-028_T2FS_endometrioma.nii.gz,/Users/sg2162/Datasets/CancerDatasets/Endometriosis/EndoMRI_All/labels/D2-028_T2FS_seg.nii.gz,0.5,False,0,0,0,0,0,,,0.0,post
r6,external_test,D2-010_T2FS,D2-010,T2FS,/Users/sg2162/Library/CloudStorage/OneDrive-UniversityofCambridge/backup/project/PanCIA/analysis/a05_outcome_prediction/reasoning_model_comparison/r6/reasoned_probability_maps/D2-010_T2FS_endometrioma.nii.gz,/Users/sg2162/Datasets/CancerDatasets/Endometriosis/EndoMRI_All/labels/D2-010_T2FS_seg.nii.gz,0.5,False,0,0,0,0,0,,,0.0,post
r6,external_test,D2-026_T2FS,D2-026,T2FS,/Users/sg2162/Library/CloudStorage/OneDrive-UniversityofCambridge/backup/project/PanCIA/analysis/a05_outcome_prediction/reasoning_model_comparison/r6/reasoned_probability_maps/D2-026_T2FS_endometrioma.nii.gz,/Users/sg2162/Datasets/CancerDatasets/Endometriosis/EndoMRI_All/labels/D2-026_T2FS_seg.nii.gz,0.5,False,0,0,0,0,0,,,0.0,post
r6,external_test,D2-019_T2FS,D2-019,T2FS,/Users/sg2162/Library/CloudStorage/OneDrive-UniversityofCambridge/backup/project/PanCIA/analysis/a05_outcome_prediction/reasoning_model_comparison/r6/reasoned_probability_maps/D2-019_T2FS_endometrioma.nii.gz,/Users/sg2162/Datasets/CancerDatasets/Endometriosis/EndoMRI_All/labels/D2-019_T2FS_seg.nii.gz,0.5,False,0,0,0,0,0,,,0.0,post
r6,external_test,D2-021_T2FS,D2-021,T2FS,/Users/sg2162/Library/CloudStorage/OneDrive-UniversityofCambridge/backup/project/PanCIA/analysis/a05_outcome_prediction/reasoning_model_comparison/r6/reasoned_probability_maps/D2-021_T2FS_endometrioma.nii.gz,/Users/sg2162/Datasets/CancerDatasets/Endometriosis/EndoMRI_All/labels/D2-021_T2FS_seg.nii.gz,0.5,False,1,0,0,0,1,,0.0,53191.11036770821,post
r6,external_test,D2-003_T2,D2-003,T2,/Users/sg2162/Library/CloudStorage/OneDrive-UniversityofCambridge/backup/project/PanCIA/analysis/a05_outcome_prediction/reasoning_model_comparison/r6/reasoned_probability_maps/D2-003_T2_endometrioma.nii.gz,/Users/sg2162/Datasets/CancerDatasets/Endometriosis/EndoMRI_All/labels/D2-003_T2_seg.nii.gz,0.5,False,0,0,0,0,0,,,0.0,post
r6,external_test,D2-003_T2FS,D2-003,T2FS,/Users/sg2162/Library/CloudStorage/OneDrive-UniversityofCambridge/backup/project/PanCIA/analysis/a05_outcome_prediction/reasoning_model_comparison/r6/reasoned_probability_maps/D2-003_T2FS_endometrioma.nii.gz,/Users/sg2162/Datasets/CancerDatasets/Endometriosis/EndoMRI_All/labels/D2-003_T2FS_seg.nii.gz,0.5,False,0,0,0,0,0,,,0.0,post
r6,external_test,D2-004_T2FS,D2-004,T2FS,/Users/sg2162/Library/CloudStorage/OneDrive-UniversityofCambridge/backup/project/PanCIA/analysis/a05_outcome_prediction/reasoning_model_comparison/r6/reasoned_probability_maps/D2-004_T2FS_endometrioma.nii.gz,/Users/sg2162/Datasets/CancerDatasets/Endometriosis/EndoMRI_All/labels/D2-004_T2FS_seg.nii.gz,0.5,False,0,0,0,0,0,,,0.0,post
r6,external_test,D2-061_T2FS,D2-061,T2FS,/Users/sg2162/Library/CloudStorage/OneDrive-UniversityofCambridge/backup/project/PanCIA/analysis/a05_outcome_prediction/reasoning_model_comparison/r6/reasoned_probability_maps/D2-061_T2FS_endometrioma.nii.gz,/Users/sg2162/Datasets/CancerDatasets/Endometriosis/EndoMRI_All/labels/D2-061_T2FS_seg.nii.gz,0.5,False,0,0,0,0,0,,,0.0,post
r6,external_test,D2-066_T2FS,D2-066,T2FS,/Users/sg2162/Library/CloudStorage/OneDrive-UniversityofCambridge/backup/project/PanCIA/analysis/a05_outcome_prediction/reasoning_model_comparison/r6/reasoned_probability_maps/D2-066_T2FS_endometrioma.nii.gz,/Users/sg2162/Datasets/CancerDatasets/Endometriosis/EndoMRI_All/labels/D2-066_T2FS_seg.nii.gz,0.5,False,0,0,0,0,0,,,0.0,post
r6,external_test,D2-059_T2FS,D2-059,T2FS,/Users/sg2162/Library/CloudStorage/OneDrive-UniversityofCambridge/backup/project/PanCIA/analysis/a05_outcome_prediction/reasoning_model_comparison/r6/reasoned_probability_maps/D2-059_T2FS_endometrioma.nii.gz,/Users/sg2162/Datasets/CancerDatasets/Endometriosis/EndoMRI_All/labels/D2-059_T2FS_seg.nii.gz,0.5,False,0,0,0,0,0,,,0.0,post
r6,external_test,D2-050_T2FS,D2-050,T2FS,/Users/sg2162/Library/CloudStorage/OneDrive-UniversityofCambridge/backup/project/PanCIA/analysis/a05_outcome_prediction/reasoning_model_comparison/r6/reasoned_probability_maps/D2-050_T2FS_endometrioma.nii.gz,/Users/sg2162/Datasets/CancerDatasets/Endometriosis/EndoMRI_All/labels/D2-050_T2FS_seg.nii.gz,0.5,False,0,0,0,0,0,,,0.0,post
r6,external_test,D2-057_T2FS,D2-057,T2FS,/Users/sg2162/Library/CloudStorage/OneDrive-UniversityofCambridge/backup/project/PanCIA/analysis/a05_outcome_prediction/reasoning_model_comparison/r6/reasoned_probability_maps/D2-057_T2FS_endometrioma.nii.gz,/Users/sg2162/Datasets/CancerDatasets/Endometriosis/EndoMRI_All/labels/D2-057_T2FS_seg.nii.gz,0.5,False,0,0,0,0,0,,,0.0,post
r6,external_test,D2-005_T2FS,D2-005,T2FS,/Users/sg2162/Library/CloudStorage/OneDrive-UniversityofCambridge/backup/project/PanCIA/analysis/a05_outcome_prediction/reasoning_model_comparison/r6/reasoned_probability_maps/D2-005_T2FS_endometrioma.nii.gz,/Users/sg2162/Datasets/CancerDatasets/Endometriosis/EndoMRI_All/labels/D2-005_T2FS_seg.nii.gz,0.5,False,0,0,0,0,0,,,0.0,post
r6,external_test,D2-002_T2,D2-002,T2,/Users/sg2162/Library/CloudStorage/OneDrive-UniversityofCambridge/backup/project/PanCIA/analysis/a05_outcome_prediction/reasoning_model_comparison/r6/reasoned_probability_maps/D2-002_T2_endometrioma.nii.gz,/Users/sg2162/Datasets/CancerDatasets/Endometriosis/EndoMRI_All/labels/D2-002_T2_seg.nii.gz,0.5,False,0,0,0,0,0,,,0.0,post
r6,external_test,D2-002_T2FS,D2-002,T2FS,/Users/sg2162/Library/CloudStorage/OneDrive-UniversityofCambridge/backup/project/PanCIA/analysis/a05_outcome_prediction/reasoning_model_comparison/r6/reasoned_probability_maps/D2-002_T2FS_endometrioma.nii.gz,/Users/sg2162/Datasets/CancerDatasets/Endometriosis/EndoMRI_All/labels/D2-002_T2FS_seg.nii.gz,0.5,False,1,0,0,0,1,,0.0,58513.501753076656,post
r6,external_test,D2-056_T2FS,D2-056,T2FS,/Users/sg2162/Library/CloudStorage/OneDrive-UniversityofCambridge/backup/project/PanCIA/analysis/a05_outcome_prediction/reasoning_model_comparison/r6/reasoned_probability_maps/D2-056_T2FS_endometrioma.nii.gz,/Users/sg2162/Datasets/CancerDatasets/Endometriosis/EndoMRI_All/labels/D2-056_T2FS_seg.nii.gz,0.5,False,1,0,0,0,1,,0.0,17689.46125449448,post
r6,external_test,D2-056_T2,D2-056,T2,/Users/sg2162/Library/CloudStorage/OneDrive-UniversityofCambridge/backup/project/PanCIA/analysis/a05_outcome_prediction/reasoning_model_comparison/r6/reasoned_probability_maps/D2-056_T2_endometrioma.nii.gz,/Users/sg2162/Datasets/CancerDatasets/Endometriosis/EndoMRI_All/labels/D2-056_T2_seg.nii.gz,0.5,False,0,0,0,0,0,,,0.0,post
r6,external_test,D2-051_T2FS,D2-051,T2FS,/Users/sg2162/Library/CloudStorage/OneDrive-UniversityofCambridge/backup/project/PanCIA/analysis/a05_outcome_prediction/reasoning_model_comparison/r6/reasoned_probability_maps/D2-051_T2FS_endometrioma.nii.gz,/Users/sg2162/Datasets/CancerDatasets/Endometriosis/EndoMRI_All/labels/D2-051_T2FS_seg.nii.gz,0.5,False,0,0,0,0,0,,,0.0,post
r6,external_test,D2-051_T2,D2-051,T2,/Users/sg2162/Library/CloudStorage/OneDrive-UniversityofCambridge/backup/project/PanCIA/analysis/a05_outcome_prediction/reasoning_model_comparison/r6/reasoned_probability_maps/D2-051_T2_endometrioma.nii.gz,/Users/sg2162/Datasets/CancerDatasets/Endometriosis/EndoMRI_All/labels/D2-051_T2_seg.nii.gz,0.5,False,0,0,0,0,0,,,0.0,post
r6,external_test,D2-067_T2FS,D2-067,T2FS,/Users/sg2162/Library/CloudStorage/OneDrive-UniversityofCambridge/backup/project/PanCIA/analysis/a05_outcome_prediction/reasoning_model_comparison/r6/reasoned_probability_maps/D2-067_T2FS_endometrioma.nii.gz,/Users/sg2162/Datasets/CancerDatasets/Endometriosis/EndoMRI_All/labels/D2-067_T2FS_seg.nii.gz,0.5,False,0,0,0,0,0,,,0.0,post
r6,external_test,D2-058_T2,D2-058,T2,/Users/sg2162/Library/CloudStorage/OneDrive-UniversityofCambridge/backup/project/PanCIA/analysis/a05_outcome_prediction/reasoning_model_comparison/r6/reasoned_probability_maps/D2-058_T2_endometrioma.nii.gz,/Users/sg2162/Datasets/CancerDatasets/Endometriosis/EndoMRI_All/labels/D2-058_T2_seg.nii.gz,0.5,False,0,0,0,0,0,,,0.0,post
r6,external_test,D2-058_T2FS,D2-058,T2FS,/Users/sg2162/Library/CloudStorage/OneDrive-UniversityofCambridge/backup/project/PanCIA/analysis/a05_outcome_prediction/reasoning_model_comparison/r6/reasoned_probability_maps/D2-058_T2FS_endometrioma.nii.gz,/Users/sg2162/Datasets/CancerDatasets/Endometriosis/EndoMRI_All/labels/D2-058_T2FS_seg.nii.gz,0.5,False,1,0,0,0,1,,0.0,16944.730828910055,post
r6,external_test,D2-060_T2FS,D2-060,T2FS,/Users/sg2162/Library/CloudStorage/OneDrive-UniversityofCambridge/backup/project/PanCIA/analysis/a05_outcome_prediction/reasoning_model_comparison/r6/reasoned_probability_maps/D2-060_T2FS_endometrioma.nii.gz,/Users/sg2162/Datasets/CancerDatasets/Endometriosis/EndoMRI_All/labels/D2-060_T2FS_seg.nii.gz,0.5,False,0,0,0,0,0,,,0.0,post
r6,external_test,D2-060_T2,D2-060,T2,/Users/sg2162/Library/CloudStorage/OneDrive-UniversityofCambridge/backup/project/PanCIA/analysis/a05_outcome_prediction/reasoning_model_comparison/r6/reasoned_probability_maps/D2-060_T2_endometrioma.nii.gz,/Users/sg2162/Datasets/CancerDatasets/Endometriosis/EndoMRI_All/labels/D2-060_T2_seg.nii.gz,0.5,False,0,0,0,0,0,,,0.0,post
r7,internal_test,D1-014_T1FS,D1-014,T1FS,/Users/sg2162/Datasets/CancerDatasets/Endometriosis/EndoMRI_All/segmentations_r7/BiomedParse/D1-014_T1FS_endometrioma.nii.gz,/Users/sg2162/Datasets/CancerDatasets/Endometriosis/EndoMRI_All/labels/D1-014_T1FS_seg.nii.gz,0.5,True,10,3,2,1,8,0.6666666666666666,0.2,251664.56950615457,pre
r7,training,D1-025_T2,D1-025,T2,/Users/sg2162/Datasets/CancerDatasets/Endometriosis/EndoMRI_All/segmentations_r7/BiomedParse/D1-025_T2_endometrioma.nii.gz,/Users/sg2162/Datasets/CancerDatasets/Endometriosis/EndoMRI_All/labels/D1-025_T2_seg.nii.gz,0.5,False,11,0,0,0,11,,0.0,332446.12500000006,pre
r7,training,D1-049_T1FS,D1-049,T1FS,/Users/sg2162/Datasets/CancerDatasets/Endometriosis/EndoMRI_All/segmentations_r7/BiomedParse/D1-049_T1FS_endometrioma.nii.gz,/Users/sg2162/Datasets/CancerDatasets/Endometriosis/EndoMRI_All/labels/D1-049_T1FS_seg.nii.gz,0.5,True,28,1,1,0,27,1.0,0.03571428571428571,98266.87499287543,pre
r7,training,D1-049_T2,D1-049,T2,/Users/sg2162/Datasets/CancerDatasets/Endometriosis/EndoMRI_All/segmentations_r7/BiomedParse/D1-049_T2_endometrioma.nii.gz,/Users/sg2162/Datasets/CancerDatasets/Endometriosis/EndoMRI_All/labels/D1-049_T2_seg.nii.gz,0.5,False,4,0,0,0,4,,0.0,93236.6249808487,pre
r7,training,D1-024_T2,D1-024,T2,/Users/sg2162/Datasets/CancerDatasets/Endometriosis/EndoMRI_All/segmentations_r7/BiomedParse/D1-024_T2_endometrioma.nii.gz,/Users/sg2162/Datasets/CancerDatasets/Endometriosis/EndoMRI_All/labels/D1-024_T2_seg.nii.gz,0.5,False,19,0,0,0,19,,0.0,144703.0070781142,pre
r7,training,D1-024_T1FS,D1-024,T1FS,/Users/sg2162/Datasets/CancerDatasets/Endometriosis/EndoMRI_All/segmentations_r7/BiomedParse/D1-024_T1FS_endometrioma.nii.gz,/Users/sg2162/Datasets/CancerDatasets/Endometriosis/EndoMRI_All/labels/D1-024_T1FS_seg.nii.gz,0.5,True,16,2,1,1,15,0.5,0.0625,60939.50298074669,pre
r7,training,D1-023_T2,D1-023,T2,/Users/sg2162/Datasets/CancerDatasets/Endometriosis/EndoMRI_All/segmentations_r7/BiomedParse/D1-023_T2_endometrioma.nii.gz,/Users/sg2162/Datasets/CancerDatasets/Endometriosis/EndoMRI_All/labels/D1-023_T2_seg.nii.gz,0.5,False,10,0,0,0,10,,0.0,178294.99735511895,pre
r7,training,D1-023_T1FS,D1-023,T1FS,/Users/sg2162/Datasets/CancerDatasets/Endometriosis/EndoMRI_All/segmentations_r7/BiomedParse/D1-023_T1FS_endometrioma.nii.gz,/Users/sg2162/Datasets/CancerDatasets/Endometriosis/EndoMRI_All/labels/D1-023_T1FS_seg.nii.gz,0.5,True,21,5,4,1,18,0.8,0.14285714285714285,114261.0019351449,pre
r7,training,D1-015_T2,D1-015,T2,/Users/sg2162/Datasets/CancerDatasets/Endometriosis/EndoMRI_All/segmentations_r7/BiomedParse/D1-015_T2_endometrioma.nii.gz,/Users/sg2162/Datasets/CancerDatasets/Endometriosis/EndoMRI_All/labels/D1-015_T2_seg.nii.gz,0.5,False,8,0,0,0,8,,0.0,104524.87758901516,pre
r7,internal_test,D1-012_T2,D1-012,T2,/Users/sg2162/Datasets/CancerDatasets/Endometriosis/EndoMRI_All/segmentations_r7/BiomedParse/D1-012_T2_endometrioma.nii.gz,/Users/sg2162/Datasets/CancerDatasets/Endometriosis/EndoMRI_All/labels/D1-012_T2_seg.nii.gz,0.5,False,25,0,0,0,25,,0.0,70343.75353818038,pre
r7,training,D1-046_T1FS,D1-046,T1FS,/Users/sg2162/Datasets/CancerDatasets/Endometriosis/EndoMRI_All/segmentations_r7/BiomedParse/D1-046_T1FS_endometrioma.nii.gz,/Users/sg2162/Datasets/CancerDatasets/Endometriosis/EndoMRI_All/labels/D1-046_T1FS_seg.nii.gz,0.5,False,51,0,0,0,51,,0.0,125269.49884607596,pre
r7,training,D1-041_T2,D1-041,T2,/Users/sg2162/Datasets/CancerDatasets/Endometriosis/EndoMRI_All/segmentations_r7/BiomedParse/D1-041_T2_endometrioma.nii.gz,/Users/sg2162/Datasets/CancerDatasets/Endometriosis/EndoMRI_All/labels/D1-041_T2_seg.nii.gz,0.5,False,15,0,0,0,15,,0.0,895347.3411854351,pre
r7,training,D1-041_T1FS,D1-041,T1FS,/Users/sg2162/Datasets/CancerDatasets/Endometriosis/EndoMRI_All/segmentations_r7/BiomedParse/D1-041_T1FS_endometrioma.nii.gz,/Users/sg2162/Datasets/CancerDatasets/Endometriosis/EndoMRI_All/labels/D1-041_T1FS_seg.nii.gz,0.5,True,44,3,3,0,41,1.0,0.06818181818181818,99993.49876687929,pre
r7,training,D1-048_T1FS,D1-048,T1FS,/Users/sg2162/Datasets/CancerDatasets/Endometriosis/EndoMRI_All/segmentations_r7/BiomedParse/D1-048_T1FS_endometrioma.nii.gz,/Users/sg2162/Datasets/CancerDatasets/Endometriosis/EndoMRI_All/labels/D1-048_T1FS_seg.nii.gz,0.5,True,38,1,1,0,37,1.0,0.02631578947368421,165065.0009640798,pre
r7,training,D1-030_T2,D1-030,T2,/Users/sg2162/Datasets/CancerDatasets/Endometriosis/EndoMRI_All/segmentations_r7/BiomedParse/D1-030_T2_endometrioma.nii.gz,/Users/sg2162/Datasets/CancerDatasets/Endometriosis/EndoMRI_All/labels/D1-030_T2_seg.nii.gz,0.5,False,8,0,0,0,8,,0.0,116510.87614179552,pre
r7,training,D1-008_T2,D1-008,T2,/Users/sg2162/Datasets/CancerDatasets/Endometriosis/EndoMRI_All/segmentations_r7/BiomedParse/D1-008_T2_endometrioma.nii.gz,/Users/sg2162/Datasets/CancerDatasets/Endometriosis/EndoMRI_All/labels/D1-008_T2_seg.nii.gz,0.5,True,13,1,1,0,11,1.0,0.15384615384615385,58692.59844517708,pre
r7,training,D1-008_T1FS,D1-008,T1FS,/Users/sg2162/Datasets/CancerDatasets/Endometriosis/EndoMRI_All/segmentations_r7/BiomedParse/D1-008_T1FS_endometrioma.nii.gz,/Users/sg2162/Datasets/CancerDatasets/Endometriosis/EndoMRI_All/labels/D1-008_T1FS_seg.nii.gz,0.5,True,5,2,1,1,4,0.5,0.2,104225.25000000001,pre
r7,internal_test,D1-037_T1FS,D1-037,T1FS,/Users/sg2162/Datasets/CancerDatasets/Endometriosis/EndoMRI_All/segmentations_r7/BiomedParse/D1-037_T1FS_endometrioma.nii.gz,/Users/sg2162/Datasets/CancerDatasets/Endometriosis/EndoMRI_All/labels/D1-037_T1FS_seg.nii.gz,0.5,True,18,2,1,1,17,0.5,0.05555555555555555,170879.625,pre
r7,internal_test,D1-037_T2,D1-037,T2,/Users/sg2162/Datasets/CancerDatasets/Endometriosis/EndoMRI_All/segmentations_r7/BiomedParse/D1-037_T2_endometrioma.nii.gz,/Users/sg2162/Datasets/CancerDatasets/Endometriosis/EndoMRI_All/labels/D1-037_T2_seg.nii.gz,0.5,True,9,1,0,1,9,0.0,0.0,110775.0,pre
r7,training,D1-001_T2,D1-001,T2,/Users/sg2162/Datasets/CancerDatasets/Endometriosis/EndoMRI_All/segmentations_r7/BiomedParse/D1-001_T2_endometrioma.nii.gz,/Users/sg2162/Datasets/CancerDatasets/Endometriosis/EndoMRI_All/labels/D1-001_T2_seg.nii.gz,0.5,True,7,1,1,0,6,1.0,0.14285714285714285,94470.0068433502,pre
r7,internal_test,D1-001_T1FS,D1-001,T1FS,/Users/sg2162/Datasets/CancerDatasets/Endometriosis/EndoMRI_All/segmentations_r7/BiomedParse/D1-001_T1FS_endometrioma.nii.gz,/Users/sg2162/Datasets/CancerDatasets/Endometriosis/EndoMRI_All/labels/D1-001_T1FS_seg.nii.gz,0.5,True,26,1,1,0,24,1.0,0.07692307692307693,105009.38308695715,pre
r7,training,D1-039_T1FS,D1-039,T1FS,/Users/sg2162/Datasets/CancerDatasets/Endometriosis/EndoMRI_All/segmentations_r7/BiomedParse/D1-039_T1FS_endometrioma.nii.gz,/Users/sg2162/Datasets/CancerDatasets/Endometriosis/EndoMRI_All/labels/D1-039_T1FS_seg.nii.gz,0.5,True,15,4,4,0,10,1.0,0.3333333333333333,142452.49277669433,pre
r7,training,D1-006_T1FS,D1-006,T1FS,/Users/sg2162/Datasets/CancerDatasets/Endometriosis/EndoMRI_All/segmentations_r7/BiomedParse/D1-006_T1FS_endometrioma.nii.gz,/Users/sg2162/Datasets/CancerDatasets/Endometriosis/EndoMRI_All/labels/D1-006_T1FS_seg.nii.gz,0.5,False,13,0,0,0,13,,0.0,179028.7433010399,pre
r7,training,D1-038_T1FS,D1-038,T1FS,/Users/sg2162/Datasets/CancerDatasets/Endometriosis/EndoMRI_All/segmentations_r7/BiomedParse/D1-038_T1FS_endometrioma.nii.gz,/Users/sg2162/Datasets/CancerDatasets/Endometriosis/EndoMRI_All/labels/D1-038_T1FS_seg.nii.gz,0.5,True,30,1,1,0,29,1.0,0.03333333333333333,67157.99960701387,pre
r7,internal_test,D1-038_T2,D1-038,T2,/Users/sg2162/Datasets/CancerDatasets/Endometriosis/EndoMRI_All/segmentations_r7/BiomedParse/D1-038_T2_endometrioma.nii.gz,/Users/sg2162/Datasets/CancerDatasets/Endometriosis/EndoMRI_All/labels/D1-038_T2_seg.nii.gz,0.5,True,11,1,1,0,9,1.0,0.18181818181818182,117538.75096688779,pre
r7,training,D1-000_T1FS,D1-000,T1FS,/Users/sg2162/Datasets/CancerDatasets/Endometriosis/EndoMRI_All/segmentations_r7/BiomedParse/D1-000_T1FS_endometrioma.nii.gz,/Users/sg2162/Datasets/CancerDatasets/Endometriosis/EndoMRI_All/labels/D1-000_T1FS_seg.nii.gz,0.5,True,7,1,1,0,6,1.0,0.14285714285714285,104490.02580659873,pre
r7,training,D1-000_T2,D1-000,T2,/Users/sg2162/Datasets/CancerDatasets/Endometriosis/EndoMRI_All/segmentations_r7/BiomedParse/D1-000_T2_endometrioma.nii.gz,/Users/sg2162/Datasets/CancerDatasets/Endometriosis/EndoMRI_All/labels/D1-000_T2_seg.nii.gz,0.5,True,6,1,1,0,5,1.0,0.16666666666666666,99939.9959360617,pre
r7,internal_test,D1-009_T1FS,D1-009,T1FS,/Users/sg2162/Datasets/CancerDatasets/Endometriosis/EndoMRI_All/segmentations_r7/BiomedParse/D1-009_T1FS_endometrioma.nii.gz,/Users/sg2162/Datasets/CancerDatasets/Endometriosis/EndoMRI_All/labels/D1-009_T1FS_seg.nii.gz,0.5,True,14,3,2,1,12,0.6666666666666666,0.14285714285714285,338514.2048112594,pre
r7,training,D1-009_T2,D1-009,T2,/Users/sg2162/Datasets/CancerDatasets/Endometriosis/EndoMRI_All/segmentations_r7/BiomedParse/D1-009_T2_endometrioma.nii.gz,/Users/sg2162/Datasets/CancerDatasets/Endometriosis/EndoMRI_All/labels/D1-009_T2_seg.nii.gz,0.5,True,14,2,2,0,12,1.0,0.14285714285714285,165075.91508518555,pre
r7,training,D1-036_T2,D1-036,T2,/Users/sg2162/Datasets/CancerDatasets/Endometriosis/EndoMRI_All/segmentations_r7/BiomedParse/D1-036_T2_endometrioma.nii.gz,/Users/sg2162/Datasets/CancerDatasets/Endometriosis/EndoMRI_All/labels/D1-036_T2_seg.nii.gz,0.5,False,6,0,0,0,6,,0.0,106348.74842239101,pre
r7,training,D1-043_T2,D1-043,T2,/Users/sg2162/Datasets/CancerDatasets/Endometriosis/EndoMRI_All/segmentations_r7/BiomedParse/D1-043_T2_endometrioma.nii.gz,/Users/sg2162/Datasets/CancerDatasets/Endometriosis/EndoMRI_All/labels/D1-043_T2_seg.nii.gz,0.5,True,10,1,1,0,9,1.0,0.1,201952.49548843253,pre
r7,training,D1-043_T1FS,D1-043,T1FS,/Users/sg2162/Datasets/CancerDatasets/Endometriosis/EndoMRI_All/segmentations_r7/BiomedParse/D1-043_T1FS_endometrioma.nii.gz,/Users/sg2162/Datasets/CancerDatasets/Endometriosis/EndoMRI_All/labels/D1-043_T1FS_seg.nii.gz,0.5,True,7,1,1,0,6,1.0,0.14285714285714285,206945.995376879,pre
r7,training,D1-017_T2,D1-017,T2,/Users/sg2162/Datasets/CancerDatasets/Endometriosis/EndoMRI_All/segmentations_r7/BiomedParse/D1-017_T2_endometrioma.nii.gz,/Users/sg2162/Datasets/CancerDatasets/Endometriosis/EndoMRI_All/labels/D1-017_T2_seg.nii.gz,0.5,True,17,6,2,4,15,0.3333333333333333,0.11764705882352941,325595.0255635311,pre
r7,training,D1-017_T1FS,D1-017,T1FS,/Users/sg2162/Datasets/CancerDatasets/Endometriosis/EndoMRI_All/segmentations_r7/BiomedParse/D1-017_T1FS_endometrioma.nii.gz,/Users/sg2162/Datasets/CancerDatasets/Endometriosis/EndoMRI_All/labels/D1-017_T1FS_seg.nii.gz,0.5,False,8,0,0,0,8,,0.0,709018.48546581,pre
r7,internal_test,D1-028_T1FS,D1-028,T1FS,/Users/sg2162/Datasets/CancerDatasets/Endometriosis/EndoMRI_All/segmentations_r7/BiomedParse/D1-028_T1FS_endometrioma.nii.gz,/Users/sg2162/Datasets/CancerDatasets/Endometriosis/EndoMRI_All/labels/D1-028_T1FS_seg.nii.gz,0.5,True,14,1,1,0,13,1.0,0.07142857142857142,140498.2474702678,pre
r7,training,D1-028_T2,D1-028,T2,/Users/sg2162/Datasets/CancerDatasets/Endometriosis/EndoMRI_All/segmentations_r7/BiomedParse/D1-028_T2_endometrioma.nii.gz,/Users/sg2162/Datasets/CancerDatasets/Endometriosis/EndoMRI_All/labels/D1-028_T2_seg.nii.gz,0.5,False,9,0,0,0,9,,0.0,167676.518269408,pre
r7,training,D1-026_T1FS,D1-026,T1FS,/Users/sg2162/Datasets/CancerDatasets/Endometriosis/EndoMRI_All/segmentations_r7/BiomedParse/D1-026_T1FS_endometrioma.nii.gz,/Users/sg2162/Datasets/CancerDatasets/Endometriosis/EndoMRI_All/labels/D1-026_T1FS_seg.nii.gz,0.5,True,13,2,1,1,12,0.5,0.07692307692307693,30256.126908298444,pre
r7,training,D1-026_T2,D1-026,T2,/Users/sg2162/Datasets/CancerDatasets/Endometriosis/EndoMRI_All/segmentations_r7/BiomedParse/D1-026_T2_endometrioma.nii.gz,/Users/sg2162/Datasets/CancerDatasets/Endometriosis/EndoMRI_All/labels/D1-026_T2_seg.nii.gz,0.5,False,6,0,0,0,6,,0.0,142626.26574205642,pre
r7,internal_test,D1-019_T1FS,D1-019,T1FS,/Users/sg2162/Datasets/CancerDatasets/Endometriosis/EndoMRI_All/segmentations_r7/BiomedParse/D1-019_T1FS_endometrioma.nii.gz,/Users/sg2162/Datasets/CancerDatasets/Endometriosis/EndoMRI_All/labels/D1-019_T1FS_seg.nii.gz,0.5,True,63,3,2,1,61,0.6666666666666666,0.031746031746031744,54439.503851398775,pre
r7,training,D1-021_T1FS,D1-021,T1FS,/Users/sg2162/Datasets/CancerDatasets/Endometriosis/EndoMRI_All/segmentations_r7/BiomedParse/D1-021_T1FS_endometrioma.nii.gz,/Users/sg2162/Datasets/CancerDatasets/Endometriosis/EndoMRI_All/labels/D1-021_T1FS_seg.nii.gz,0.5,False,11,0,0,0,11,,0.0,83852.00090701788,pre
r7,training,D1-021_T2,D1-021,T2,/Users/sg2162/Datasets/CancerDatasets/Endometriosis/EndoMRI_All/segmentations_r7/BiomedParse/D1-021_T2_endometrioma.nii.gz,/Users/sg2162/Datasets/CancerDatasets/Endometriosis/EndoMRI_All/labels/D1-021_T2_seg.nii.gz,0.5,True,9,2,2,0,7,1.0,0.2222222222222222,75300.85042456434,pre
r7,training,D1-042_T2,D1-042,T2,/Users/sg2162/Datasets/CancerDatasets/Endometriosis/EndoMRI_All/segmentations_r7/BiomedParse/D1-042_T2_endometrioma.nii.gz,/Users/sg2162/Datasets/CancerDatasets/Endometriosis/EndoMRI_All/labels/D1-042_T2_seg.nii.gz,0.5,False,10,0,0,0,10,,0.0,249182.97076580577,pre
r7,training,D1-045_T2,D1-045,T2,/Users/sg2162/Datasets/CancerDatasets/Endometriosis/EndoMRI_All/segmentations_r7/BiomedParse/D1-045_T2_endometrioma.nii.gz,/Users/sg2162/Datasets/CancerDatasets/Endometriosis/EndoMRI_All/labels/D1-045_T2_seg.nii.gz,0.5,True,8,1,1,0,7,1.0,0.125,546836.8957409504,pre
r7,training,D1-020_T2,D1-020,T2,/Users/sg2162/Datasets/CancerDatasets/Endometriosis/EndoMRI_All/segmentations_r7/BiomedParse/D1-020_T2_endometrioma.nii.gz,/Users/sg2162/Datasets/CancerDatasets/Endometriosis/EndoMRI_All/labels/D1-020_T2_seg.nii.gz,0.5,False,7,0,0,0,7,,0.0,88737.00122515402,pre
r7,training,D1-020_T1FS,D1-020,T1FS,/Users/sg2162/Datasets/CancerDatasets/Endometriosis/EndoMRI_All/segmentations_r7/BiomedParse/D1-020_T1FS_endometrioma.nii.gz,/Users/sg2162/Datasets/CancerDatasets/Endometriosis/EndoMRI_All/labels/D1-020_T1FS_seg.nii.gz,0.5,True,8,7,1,6,7,0.14285714285714285,0.125,16985.1012612325,pre
r7,training,D1-018_T1FS,D1-018,T1FS,/Users/sg2162/Datasets/CancerDatasets/Endometriosis/EndoMRI_All/segmentations_r7/BiomedParse/D1-018_T1FS_endometrioma.nii.gz,/Users/sg2162/Datasets/CancerDatasets/Endometriosis/EndoMRI_All/labels/D1-018_T1FS_seg.nii.gz,0.5,True,27,2,1,1,26,0.5,0.037037037037037035,60391.500063073305,pre
r7,internal_test,D1-029_T2,D1-029,T2,/Users/sg2162/Datasets/CancerDatasets/Endometriosis/EndoMRI_All/segmentations_r7/BiomedParse/D1-029_T2_endometrioma.nii.gz,/Users/sg2162/Datasets/CancerDatasets/Endometriosis/EndoMRI_All/labels/D1-029_T2_seg.nii.gz,0.5,True,10,1,1,0,8,1.0,0.2,127323.2014081703,pre
r7,training,D1-029_T1FS,D1-029,T1FS,/Users/sg2162/Datasets/CancerDatasets/Endometriosis/EndoMRI_All/segmentations_r7/BiomedParse/D1-029_T1FS_endometrioma.nii.gz,/Users/sg2162/Datasets/CancerDatasets/Endometriosis/EndoMRI_All/labels/D1-029_T1FS_seg.nii.gz,0.5,True,4,1,1,0,3,1.0,0.25,35300.24782021991,pre
r7,training,D1-005_T2,D1-005,T2,/Users/sg2162/Datasets/CancerDatasets/Endometriosis/EndoMRI_All/segmentations_r7/BiomedParse/D1-005_T2_endometrioma.nii.gz,/Users/sg2162/Datasets/CancerDatasets/Endometriosis/EndoMRI_All/labels/D1-005_T2_seg.nii.gz,0.5,True,18,1,1,0,17,1.0,0.05555555555555555,31966.652334844963,pre
r7,internal_test,D1-002_T2,D1-002,T2,/Users/sg2162/Datasets/CancerDatasets/Endometriosis/EndoMRI_All/segmentations_r7/BiomedParse/D1-002_T2_endometrioma.nii.gz,/Users/sg2162/Datasets/CancerDatasets/Endometriosis/EndoMRI_All/labels/D1-002_T2_seg.nii.gz,0.5,False,17,0,0,0,17,,0.0,318987.5,pre
r7,training,D1-003_T2,D1-003,T2,/Users/sg2162/Datasets/CancerDatasets/Endometriosis/EndoMRI_All/segmentations_r7/BiomedParse/D1-003_T2_endometrioma.nii.gz,/Users/sg2162/Datasets/CancerDatasets/Endometriosis/EndoMRI_All/labels/D1-003_T2_seg.nii.gz,0.5,True,8,1,1,0,7,1.0,0.125,186398.75885305487,pre
r7,training,D1-004_T2,D1-004,T2,/Users/sg2162/Datasets/CancerDatasets/Endometriosis/EndoMRI_All/segmentations_r7/BiomedParse/D1-004_T2_endometrioma.nii.gz,/Users/sg2162/Datasets/CancerDatasets/Endometriosis/EndoMRI_All/labels/D1-004_T2_seg.nii.gz,0.5,False,12,0,0,0,12,,0.0,677170.5294925751,pre
r7,training,D1-032_T2,D1-032,T2,/Users/sg2162/Datasets/CancerDatasets/Endometriosis/EndoMRI_All/segmentations_r7/BiomedParse/D1-032_T2_endometrioma.nii.gz,/Users/sg2162/Datasets/CancerDatasets/Endometriosis/EndoMRI_All/labels/D1-032_T2_seg.nii.gz,0.5,False,6,0,0,0,6,,0.0,82197.50153650368,pre
r7,internal_test,D1-035_T2,D1-035,T2,/Users/sg2162/Datasets/CancerDatasets/Endometriosis/EndoMRI_All/segmentations_r7/BiomedParse/D1-035_T2_endometrioma.nii.gz,/Users/sg2162/Datasets/CancerDatasets/Endometriosis/EndoMRI_All/labels/D1-035_T2_seg.nii.gz,0.5,False,12,0,0,0,12,,0.0,319765.875,pre
r7,training,D1-035_T1FS,D1-035,T1FS,/Users/sg2162/Datasets/CancerDatasets/Endometriosis/EndoMRI_All/segmentations_r7/BiomedParse/D1-035_T1FS_endometrioma.nii.gz,/Users/sg2162/Datasets/CancerDatasets/Endometriosis/EndoMRI_All/labels/D1-035_T1FS_seg.nii.gz,0.5,True,3,5,5,0,2,1.0,0.3333333333333333,78528.37612396169,pre
r7,training,D1-050_T1FS,D1-050,T1FS,/Users/sg2162/Datasets/CancerDatasets/Endometriosis/EndoMRI_All/segmentations_r7/BiomedParse/D1-050_T1FS_endometrioma.nii.gz,/Users/sg2162/Datasets/CancerDatasets/Endometriosis/EndoMRI_All/labels/D1-050_T1FS_seg.nii.gz,0.5,True,23,1,1,0,22,1.0,0.043478260869565216,123175.95845872124,pre
r7,external_test,D2-024_T2FS,D2-024,T2FS,/Users/sg2162/Datasets/CancerDatasets/Endometriosis/EndoMRI_All/segmentations_r7/BiomedParse/D2-024_T2FS_endometrioma.nii.gz,/Users/sg2162/Datasets/CancerDatasets/Endometriosis/EndoMRI_All/labels/D2-024_T2FS_seg.nii.gz,0.5,False,18,0,0,0,18,,0.0,138815.9217286533,pre
r7,external_test,D2-023_T2FS,D2-023,T2FS,/Users/sg2162/Datasets/CancerDatasets/Endometriosis/EndoMRI_All/segmentations_r7/BiomedParse/D2-023_T2FS_endometrioma.nii.gz,/Users/sg2162/Datasets/CancerDatasets/Endometriosis/EndoMRI_All/labels/D2-023_T2FS_seg.nii.gz,0.5,False,19,0,0,0,19,,0.0,111803.71035718525,pre
r7,external_test,D2-015_T2FS,D2-015,T2FS,/Users/sg2162/Datasets/CancerDatasets/Endometriosis/EndoMRI_All/segmentations_r7/BiomedParse/D2-015_T2FS_endometrioma.nii.gz,/Users/sg2162/Datasets/CancerDatasets/Endometriosis/EndoMRI_All/labels/D2-015_T2FS_seg.nii.gz,0.5,False,12,0,0,0,12,,0.0,76759.3412276366,pre
r7,external_test,D2-012_T2FS,D2-012,T2FS,/Users/sg2162/Datasets/CancerDatasets/Endometriosis/EndoMRI_All/segmentations_r7/BiomedParse/D2-012_T2FS_endometrioma.nii.gz,/Users/sg2162/Datasets/CancerDatasets/Endometriosis/EndoMRI_All/labels/D2-012_T2FS_seg.nii.gz,0.5,False,16,0,0,0,16,,0.0,137666.53721974988,pre
r7,external_test,D2-079_T2FS,D2-079,T2FS,/Users/sg2162/Datasets/CancerDatasets/Endometriosis/EndoMRI_All/segmentations_r7/BiomedParse/D2-079_T2FS_endometrioma.nii.gz,/Users/sg2162/Datasets/CancerDatasets/Endometriosis/EndoMRI_All/labels/D2-079_T2FS_seg.nii.gz,0.5,True,13,1,1,0,12,1.0,0.07692307692307693,85130.88479194735,pre
r7,external_test,D2-046_T2FS,D2-046,T2FS,/Users/sg2162/Datasets/CancerDatasets/Endometriosis/EndoMRI_All/segmentations_r7/BiomedParse/D2-046_T2FS_endometrioma.nii.gz,/Users/sg2162/Datasets/CancerDatasets/Endometriosis/EndoMRI_All/labels/D2-046_T2FS_seg.nii.gz,0.5,False,22,0,0,0,22,,0.0,53302.0033968382,pre
r7,external_test,D2-041_T2FS,D2-041,T2FS,/Users/sg2162/Datasets/CancerDatasets/Endometriosis/EndoMRI_All/segmentations_r7/BiomedParse/D2-041_T2FS_endometrioma.nii.gz,/Users/sg2162/Datasets/CancerDatasets/Endometriosis/EndoMRI_All/labels/D2-041_T2FS_seg.nii.gz,0.5,True,20,1,1,0,19,1.0,0.05,796389.601679476,pre
r7,external_test,D2-048_T2FS,D2-048,T2FS,/Users/sg2162/Datasets/CancerDatasets/Endometriosis/EndoMRI_All/segmentations_r7/BiomedParse/D2-048_T2FS_endometrioma.nii.gz,/Users/sg2162/Datasets/CancerDatasets/Endometriosis/EndoMRI_All/labels/D2-048_T2FS_seg.nii.gz,0.5,False,9,0,0,0,9,,0.0,215958.1705203675,pre
r7,external_test,D2-048_T2,D2-048,T2,/Users/sg2162/Datasets/CancerDatasets/Endometriosis/EndoMRI_All/segmentations_r7/BiomedParse/D2-048_T2_endometrioma.nii.gz,/Users/sg2162/Datasets/CancerDatasets/Endometriosis/EndoMRI_All/labels/D2-048_T2_seg.nii.gz,0.5,False,8,0,0,0,8,,0.0,170576.97020565806,pre
r7,external_test,D2-077_T2FS,D2-077,T2FS,/Users/sg2162/Datasets/CancerDatasets/Endometriosis/EndoMRI_All/segmentations_r7/BiomedParse/D2-077_T2FS_endometrioma.nii.gz,/Users/sg2162/Datasets/CancerDatasets/Endometriosis/EndoMRI_All/labels/D2-077_T2FS_seg.nii.gz,0.5,True,17,1,1,0,14,1.0,0.17647058823529413,153160.40136443282,pre
r7,external_test,D2-070_T2FS,D2-070,T2FS,/Users/sg2162/Datasets/CancerDatasets/Endometriosis/EndoMRI_All/segmentations_r7/BiomedParse/D2-070_T2FS_endometrioma.nii.gz,/Users/sg2162/Datasets/CancerDatasets/Endometriosis/EndoMRI_All/labels/D2-070_T2FS_seg.nii.gz,0.5,True,26,1,0,1,26,0.0,0.0,189655.46333547845,pre
r7,external_test,D2-013_T2FS,D2-013,T2FS,/Users/sg2162/Datasets/CancerDatasets/Endometriosis/EndoMRI_All/segmentations_r7/BiomedParse/D2-013_T2FS_endometrioma.nii.gz,/Users/sg2162/Datasets/CancerDatasets/Endometriosis/EndoMRI_All/labels/D2-013_T2FS_seg.nii.gz,0.5,False,17,0,0,0,17,,0.0,111756.58772410094,pre
r7,external_test,D2-014_T2FS,D2-014,T2FS,/Users/sg2162/Datasets/CancerDatasets/Endometriosis/EndoMRI_All/segmentations_r7/BiomedParse/D2-014_T2FS_endometrioma.nii.gz,/Users/sg2162/Datasets/CancerDatasets/Endometriosis/EndoMRI_All/labels/D2-014_T2FS_seg.nii.gz,0.5,False,19,0,0,0,19,,0.0,100834.40751925773,pre
r7,external_test,D2-022_T2FS,D2-022,T2FS,/Users/sg2162/Datasets/CancerDatasets/Endometriosis/EndoMRI_All/segmentations_r7/BiomedParse/D2-022_T2FS_endometrioma.nii.gz,/Users/sg2162/Datasets/CancerDatasets/Endometriosis/EndoMRI_All/labels/D2-022_T2FS_seg.nii.gz,0.5,False,20,0,0,0,20,,0.0,87440.39732005344,pre
r7,external_test,D2-025_T2FS,D2-025,T2FS,/Users/sg2162/Datasets/CancerDatasets/Endometriosis/EndoMRI_All/segmentations_r7/BiomedParse/D2-025_T2FS_endometrioma.nii.gz,/Users/sg2162/Datasets/CancerDatasets/Endometriosis/EndoMRI_All/labels/D2-025_T2FS_seg.nii.gz,0.5,False,10,0,0,0,10,,0.0,133213.00017032083,pre
r7,external_test,D2-071_T2FS,D2-071,T2FS,/Users/sg2162/Datasets/CancerDatasets/Endometriosis/EndoMRI_All/segmentations_r7/BiomedParse/D2-071_T2FS_endometrioma.nii.gz,/Users/sg2162/Datasets/CancerDatasets/Endometriosis/EndoMRI_All/labels/D2-071_T2FS_seg.nii.gz,0.5,True,21,1,1,0,19,1.0,0.09523809523809523,412683.1536672076,pre
r7,external_test,D2-049_T2FS,D2-049,T2FS,/Users/sg2162/Datasets/CancerDatasets/Endometriosis/EndoMRI_All/segmentations_r7/BiomedParse/D2-049_T2FS_endometrioma.nii.gz,/Users/sg2162/Datasets/CancerDatasets/Endometriosis/EndoMRI_All/labels/D2-049_T2FS_seg.nii.gz,0.5,False,13,0,0,0,13,,0.0,96246.07170284346,pre
r7,external_test,D2-076_T2FS,D2-076,T2FS,/Users/sg2162/Datasets/CancerDatasets/Endometriosis/EndoMRI_All/segmentations_r7/BiomedParse/D2-076_T2FS_endometrioma.nii.gz,/Users/sg2162/Datasets/CancerDatasets/Endometriosis/EndoMRI_All/labels/D2-076_T2FS_seg.nii.gz,0.5,False,13,0,0,0,13,,0.0,155456.53941242417,pre
r7,external_test,D2-040_T2FS,D2-040,T2FS,/Users/sg2162/Datasets/CancerDatasets/Endometriosis/EndoMRI_All/segmentations_r7/BiomedParse/D2-040_T2FS_endometrioma.nii.gz,/Users/sg2162/Datasets/CancerDatasets/Endometriosis/EndoMRI_All/labels/D2-040_T2FS_seg.nii.gz,0.5,True,20,1,1,0,19,1.0,0.05,103366.69766586716,pre
r7,external_test,D2-078_T2FS,D2-078,T2FS,/Users/sg2162/Datasets/CancerDatasets/Endometriosis/EndoMRI_All/segmentations_r7/BiomedParse/D2-078_T2FS_endometrioma.nii.gz,/Users/sg2162/Datasets/CancerDatasets/Endometriosis/EndoMRI_All/labels/D2-078_T2FS_seg.nii.gz,0.5,True,18,2,1,1,15,0.5,0.16666666666666666,66727.2898876749,pre
r7,external_test,D2-047_T2,D2-047,T2,/Users/sg2162/Datasets/CancerDatasets/Endometriosis/EndoMRI_All/segmentations_r7/BiomedParse/D2-047_T2_endometrioma.nii.gz,/Users/sg2162/Datasets/CancerDatasets/Endometriosis/EndoMRI_All/labels/D2-047_T2_seg.nii.gz,0.5,False,10,0,0,0,10,,0.0,56712.351057437096,pre
r7,external_test,D2-047_T2FS,D2-047,T2FS,/Users/sg2162/Datasets/CancerDatasets/Endometriosis/EndoMRI_All/segmentations_r7/BiomedParse/D2-047_T2FS_endometrioma.nii.gz,/Users/sg2162/Datasets/CancerDatasets/Endometriosis/EndoMRI_All/labels/D2-047_T2FS_seg.nii.gz,0.5,False,14,0,0,0,14,,0.0,94188.25399339816,pre
r7,external_test,D2-065_T2FS,D2-065,T2FS,/Users/sg2162/Datasets/CancerDatasets/Endometriosis/EndoMRI_All/segmentations_r7/BiomedParse/D2-065_T2FS_endometrioma.nii.gz,/Users/sg2162/Datasets/CancerDatasets/Endometriosis/EndoMRI_All/labels/D2-065_T2FS_seg.nii.gz,0.5,False,17,0,0,0,17,,0.0,140659.3867190958,pre
r7,external_test,D2-062_T2FS,D2-062,T2FS,/Users/sg2162/Datasets/CancerDatasets/Endometriosis/EndoMRI_All/segmentations_r7/BiomedParse/D2-062_T2FS_endometrioma.nii.gz,/Users/sg2162/Datasets/CancerDatasets/Endometriosis/EndoMRI_All/labels/D2-062_T2FS_seg.nii.gz,0.5,False,14,0,0,0,14,,0.0,237923.57747384137,pre
r7,external_test,D2-054_T2FS,D2-054,T2FS,/Users/sg2162/Datasets/CancerDatasets/Endometriosis/EndoMRI_All/segmentations_r7/BiomedParse/D2-054_T2FS_endometrioma.nii.gz,/Users/sg2162/Datasets/CancerDatasets/Endometriosis/EndoMRI_All/labels/D2-054_T2FS_seg.nii.gz,0.5,True,17,1,1,0,16,1.0,0.058823529411764705,123138.42178614813,pre
r7,external_test,D2-053_T2,D2-053,T2,/Users/sg2162/Datasets/CancerDatasets/Endometriosis/EndoMRI_All/segmentations_r7/BiomedParse/D2-053_T2_endometrioma.nii.gz,/Users/sg2162/Datasets/CancerDatasets/Endometriosis/EndoMRI_All/labels/D2-053_T2_seg.nii.gz,0.5,False,20,0,0,0,20,,0.0,118313.43276593127,pre
r7,external_test,D2-053_T2FS,D2-053,T2FS,/Users/sg2162/Datasets/CancerDatasets/Endometriosis/EndoMRI_All/segmentations_r7/BiomedParse/D2-053_T2FS_endometrioma.nii.gz,/Users/sg2162/Datasets/CancerDatasets/Endometriosis/EndoMRI_All/labels/D2-053_T2FS_seg.nii.gz,0.5,False,18,0,0,0,18,,0.0,137335.02634123055,pre
r7,external_test,D2-038_T2FS,D2-038,T2FS,/Users/sg2162/Datasets/CancerDatasets/Endometriosis/EndoMRI_All/segmentations_r7/BiomedParse/D2-038_T2FS_endometrioma.nii.gz,/Users/sg2162/Datasets/CancerDatasets/Endometriosis/EndoMRI_All/labels/D2-038_T2FS_seg.nii.gz,0.5,False,16,0,0,0,16,,0.0,58410.64611333351,pre
r7,external_test,D2-007_T2,D2-007,T2,/Users/sg2162/Datasets/CancerDatasets/Endometriosis/EndoMRI_All/segmentations_r7/BiomedParse/D2-007_T2_endometrioma.nii.gz,/Users/sg2162/Datasets/CancerDatasets/Endometriosis/EndoMRI_All/labels/D2-007_T2_seg.nii.gz,0.5,False,13,0,0,0,13,,0.0,79300.19775898084,pre
r7,external_test,D2-007_T2FS,D2-007,T2FS,/Users/sg2162/Datasets/CancerDatasets/Endometriosis/EndoMRI_All/segmentations_r7/BiomedParse/D2-007_T2FS_endometrioma.nii.gz,/Users/sg2162/Datasets/CancerDatasets/Endometriosis/EndoMRI_All/labels/D2-007_T2FS_seg.nii.gz,0.5,False,15,0,0,0,15,,0.0,73768.79850395092,pre
r7,external_test,D2-000_T2FS,D2-000,T2FS,/Users/sg2162/Datasets/CancerDatasets/Endometriosis/EndoMRI_All/segmentations_r7/BiomedParse/D2-000_T2FS_endometrioma.nii.gz,/Users/sg2162/Datasets/CancerDatasets/Endometriosis/EndoMRI_All/labels/D2-000_T2FS_seg.nii.gz,0.5,False,22,0,0,0,22,,0.0,148935.12482987661,pre
r7,external_test,D2-000_T2,D2-000,T2,/Users/sg2162/Datasets/CancerDatasets/Endometriosis/EndoMRI_All/segmentations_r7/BiomedParse/D2-000_T2_endometrioma.nii.gz,/Users/sg2162/Datasets/CancerDatasets/Endometriosis/EndoMRI_All/labels/D2-000_T2_seg.nii.gz,0.5,False,11,0,0,0,11,,0.0,127563.84371431524,pre
r7,external_test,D2-009_T2FS,D2-009,T2FS,/Users/sg2162/Datasets/CancerDatasets/Endometriosis/EndoMRI_All/segmentations_r7/BiomedParse/D2-009_T2FS_endometrioma.nii.gz,/Users/sg2162/Datasets/CancerDatasets/Endometriosis/EndoMRI_All/labels/D2-009_T2FS_seg.nii.gz,0.5,True,15,1,1,0,14,1.0,0.06666666666666667,73756.69235830328,pre
r7,external_test,D2-009_T2,D2-009,T2,/Users/sg2162/Datasets/CancerDatasets/Endometriosis/EndoMRI_All/segmentations_r7/BiomedParse/D2-009_T2_endometrioma.nii.gz,/Users/sg2162/Datasets/CancerDatasets/Endometriosis/EndoMRI_All/labels/D2-009_T2_seg.nii.gz,0.5,True,13,1,1,0,12,1.0,0.07692307692307693,79227.53061786309,pre
r7,external_test,D2-052_T2FS,D2-052,T2FS,/Users/sg2162/Datasets/CancerDatasets/Endometriosis/EndoMRI_All/segmentations_r7/BiomedParse/D2-052_T2FS_endometrioma.nii.gz,/Users/sg2162/Datasets/CancerDatasets/Endometriosis/EndoMRI_All/labels/D2-052_T2FS_seg.nii.gz,0.5,False,18,0,0,0,18,,0.0,159746.82372877604,pre
r7,external_test,D2-052_T2,D2-052,T2,/Users/sg2162/Datasets/CancerDatasets/Endometriosis/EndoMRI_All/segmentations_r7/BiomedParse/D2-052_T2_endometrioma.nii.gz,/Users/sg2162/Datasets/CancerDatasets/Endometriosis/EndoMRI_All/labels/D2-052_T2_seg.nii.gz,0.5,False,6,0,0,0,6,,0.0,134666.4579624274,pre
r7,external_test,D2-055_T2FS,D2-055,T2FS,/Users/sg2162/Datasets/CancerDatasets/Endometriosis/EndoMRI_All/segmentations_r7/BiomedParse/D2-055_T2FS_endometrioma.nii.gz,/Users/sg2162/Datasets/CancerDatasets/Endometriosis/EndoMRI_All/labels/D2-055_T2FS_seg.nii.gz,0.5,False,16,0,0,0,16,,0.0,140994.88988509087,pre
r7,external_test,D2-064_T2FS,D2-064,T2FS,/Users/sg2162/Datasets/CancerDatasets/Endometriosis/EndoMRI_All/segmentations_r7/BiomedParse/D2-064_T2FS_endometrioma.nii.gz,/Users/sg2162/Datasets/CancerDatasets/Endometriosis/EndoMRI_All/labels/D2-064_T2FS_seg.nii.gz,0.5,False,15,0,0,0,15,,0.0,142379.14957453188,pre
r7,external_test,D2-008_T2FS,D2-008,T2FS,/Users/sg2162/Datasets/CancerDatasets/Endometriosis/EndoMRI_All/segmentations_r7/BiomedParse/D2-008_T2FS_endometrioma.nii.gz,/Users/sg2162/Datasets/CancerDatasets/Endometriosis/EndoMRI_All/labels/D2-008_T2FS_seg.nii.gz,0.5,False,10,0,0,0,10,,0.0,115557.85566015501,pre
r7,external_test,D2-001_T2FS,D2-001,T2FS,/Users/sg2162/Datasets/CancerDatasets/Endometriosis/EndoMRI_All/segmentations_r7/BiomedParse/D2-001_T2FS_endometrioma.nii.gz,/Users/sg2162/Datasets/CancerDatasets/Endometriosis/EndoMRI_All/labels/D2-001_T2FS_seg.nii.gz,0.5,False,8,0,0,0,8,,0.0,135831.30069885714,pre
r7,external_test,D2-039_T2FS,D2-039,T2FS,/Users/sg2162/Datasets/CancerDatasets/Endometriosis/EndoMRI_All/segmentations_r7/BiomedParse/D2-039_T2FS_endometrioma.nii.gz,/Users/sg2162/Datasets/CancerDatasets/Endometriosis/EndoMRI_All/labels/D2-039_T2FS_seg.nii.gz,0.5,False,22,0,0,0,22,,0.0,75710.45810819595,pre
r7,external_test,D2-006_T2FS,D2-006,T2FS,/Users/sg2162/Datasets/CancerDatasets/Endometriosis/EndoMRI_All/segmentations_r7/BiomedParse/D2-006_T2FS_endometrioma.nii.gz,/Users/sg2162/Datasets/CancerDatasets/Endometriosis/EndoMRI_All/labels/D2-006_T2FS_seg.nii.gz,0.5,False,17,0,0,0,17,,0.0,126883.12319327678,pre
r7,external_test,D2-042_T2FS,D2-042,T2FS,/Users/sg2162/Datasets/CancerDatasets/Endometriosis/EndoMRI_All/segmentations_r7/BiomedParse/D2-042_T2FS_endometrioma.nii.gz,/Users/sg2162/Datasets/CancerDatasets/Endometriosis/EndoMRI_All/labels/D2-042_T2FS_seg.nii.gz,0.5,False,14,0,0,0,14,,0.0,78166.11167739541,pre
r7,external_test,D2-042_T2,D2-042,T2,/Users/sg2162/Datasets/CancerDatasets/Endometriosis/EndoMRI_All/segmentations_r7/BiomedParse/D2-042_T2_endometrioma.nii.gz,/Users/sg2162/Datasets/CancerDatasets/Endometriosis/EndoMRI_All/labels/D2-042_T2_seg.nii.gz,0.5,False,14,0,0,0,14,,0.0,78166.11167739541,pre
r7,external_test,D2-045_T2FS,D2-045,T2FS,/Users/sg2162/Datasets/CancerDatasets/Endometriosis/EndoMRI_All/segmentations_r7/BiomedParse/D2-045_T2FS_endometrioma.nii.gz,/Users/sg2162/Datasets/CancerDatasets/Endometriosis/EndoMRI_All/labels/D2-045_T2FS_seg.nii.gz,0.5,False,27,0,0,0,27,,0.0,163275.148718981,pre
r7,external_test,D2-073_T2FS,D2-073,T2FS,/Users/sg2162/Datasets/CancerDatasets/Endometriosis/EndoMRI_All/segmentations_r7/BiomedParse/D2-073_T2FS_endometrioma.nii.gz,/Users/sg2162/Datasets/CancerDatasets/Endometriosis/EndoMRI_All/labels/D2-073_T2FS_seg.nii.gz,0.5,False,18,0,0,0,18,,0.0,140090.46524142474,pre
r7,external_test,D2-080_T2FS,D2-080,T2FS,/Users/sg2162/Datasets/CancerDatasets/Endometriosis/EndoMRI_All/segmentations_r7/BiomedParse/D2-080_T2FS_endometrioma.nii.gz,/Users/sg2162/Datasets/CancerDatasets/Endometriosis/EndoMRI_All/labels/D2-080_T2FS_seg.nii.gz,0.5,False,17,0,0,0,17,,0.0,61688.236665624856,pre
r7,external_test,D2-074_T2FS,D2-074,T2FS,/Users/sg2162/Datasets/CancerDatasets/Endometriosis/EndoMRI_All/segmentations_r7/BiomedParse/D2-074_T2FS_endometrioma.nii.gz,/Users/sg2162/Datasets/CancerDatasets/Endometriosis/EndoMRI_All/labels/D2-074_T2FS_seg.nii.gz,0.5,False,20,0,0,0,20,,0.0,104708.67944868977,pre
r7,external_test,D2-020_T2FS,D2-020,T2FS,/Users/sg2162/Datasets/CancerDatasets/Endometriosis/EndoMRI_All/segmentations_r7/BiomedParse/D2-020_T2FS_endometrioma.nii.gz,/Users/sg2162/Datasets/CancerDatasets/Endometriosis/EndoMRI_All/labels/D2-020_T2FS_seg.nii.gz,0.5,False,13,0,0,0,13,,0.0,139475.08865060343,pre
r7,external_test,D2-027_T2FS,D2-027,T2FS,/Users/sg2162/Datasets/CancerDatasets/Endometriosis/EndoMRI_All/segmentations_r7/BiomedParse/D2-027_T2FS_endometrioma.nii.gz,/Users/sg2162/Datasets/CancerDatasets/Endometriosis/EndoMRI_All/labels/D2-027_T2FS_seg.nii.gz,0.5,False,17,0,0,0,17,,0.0,98937.68188159491,pre
r7,external_test,D2-018_T2FS,D2-018,T2FS,/Users/sg2162/Datasets/CancerDatasets/Endometriosis/EndoMRI_All/segmentations_r7/BiomedParse/D2-018_T2FS_endometrioma.nii.gz,/Users/sg2162/Datasets/CancerDatasets/Endometriosis/EndoMRI_All/labels/D2-018_T2FS_seg.nii.gz,0.5,False,13,0,0,0,13,,0.0,80835.44025758508,pre
r7,external_test,D2-011_T2FS,D2-011,T2FS,/Users/sg2162/Datasets/CancerDatasets/Endometriosis/EndoMRI_All/segmentations_r7/BiomedParse/D2-011_T2FS_endometrioma.nii.gz,/Users/sg2162/Datasets/CancerDatasets/Endometriosis/EndoMRI_All/labels/D2-011_T2FS_seg.nii.gz,0.5,False,12,0,0,0,12,,0.0,97760.63717242281,pre
r7,external_test,D2-016_T2FS,D2-016,T2FS,/Users/sg2162/Datasets/CancerDatasets/Endometriosis/EndoMRI_All/segmentations_r7/BiomedParse/D2-016_T2FS_endometrioma.nii.gz,/Users/sg2162/Datasets/CancerDatasets/Endometriosis/EndoMRI_All/labels/D2-016_T2FS_seg.nii.gz,0.5,False,13,0,0,0,13,,0.0,110190.14424955101,pre
r7,external_test,D2-029_T2FS,D2-029,T2FS,/Users/sg2162/Datasets/CancerDatasets/Endometriosis/EndoMRI_All/segmentations_r7/BiomedParse/D2-029_T2FS_endometrioma.nii.gz,/Users/sg2162/Datasets/CancerDatasets/Endometriosis/EndoMRI_All/labels/D2-029_T2FS_seg.nii.gz,0.5,False,14,0,0,0,14,,0.0,64752.75167889503,pre
r7,external_test,D2-075_T2FS,D2-075,T2FS,/Users/sg2162/Datasets/CancerDatasets/Endometriosis/EndoMRI_All/segmentations_r7/BiomedParse/D2-075_T2FS_endometrioma.nii.gz,/Users/sg2162/Datasets/CancerDatasets/Endometriosis/EndoMRI_All/labels/D2-075_T2FS_seg.nii.gz,0.5,False,12,0,0,0,12,,0.0,176398.13449816185,pre
r7,external_test,D2-072_T2FS,D2-072,T2FS,/Users/sg2162/Datasets/CancerDatasets/Endometriosis/EndoMRI_All/segmentations_r7/BiomedParse/D2-072_T2FS_endometrioma.nii.gz,/Users/sg2162/Datasets/CancerDatasets/Endometriosis/EndoMRI_All/labels/D2-072_T2FS_seg.nii.gz,0.5,True,18,1,1,0,17,1.0,0.05555555555555555,113023.67565398934,pre
r7,external_test,D2-044_T2FS,D2-044,T2FS,/Users/sg2162/Datasets/CancerDatasets/Endometriosis/EndoMRI_All/segmentations_r7/BiomedParse/D2-044_T2FS_endometrioma.nii.gz,/Users/sg2162/Datasets/CancerDatasets/Endometriosis/EndoMRI_All/labels/D2-044_T2FS_seg.nii.gz,0.5,False,9,0,0,0,9,,0.0,104245.58791184911,pre
r7,external_test,D2-043_T2FS,D2-043,T2FS,/Users/sg2162/Datasets/CancerDatasets/Endometriosis/EndoMRI_All/segmentations_r7/BiomedParse/D2-043_T2FS_endometrioma.nii.gz,/Users/sg2162/Datasets/CancerDatasets/Endometriosis/EndoMRI_All/labels/D2-043_T2FS_seg.nii.gz,0.5,False,14,0,0,0,14,,0.0,104982.03268793694,pre
r7,external_test,D2-043_T2,D2-043,T2,/Users/sg2162/Datasets/CancerDatasets/Endometriosis/EndoMRI_All/segmentations_r7/BiomedParse/D2-043_T2_endometrioma.nii.gz,/Users/sg2162/Datasets/CancerDatasets/Endometriosis/EndoMRI_All/labels/D2-043_T2_seg.nii.gz,0.5,False,6,0,0,0,6,,0.0,56549.38441774891,pre
r7,external_test,D2-017_T2FS,D2-017,T2FS,/Users/sg2162/Datasets/CancerDatasets/Endometriosis/EndoMRI_All/segmentations_r7/BiomedParse/D2-017_T2FS_endometrioma.nii.gz,/Users/sg2162/Datasets/CancerDatasets/Endometriosis/EndoMRI_All/labels/D2-017_T2FS_seg.nii.gz,0.5,False,21,0,0,0,21,,0.0,155817.6832452065,pre
r7,external_test,D2-028_T2FS,D2-028,T2FS,/Users/sg2162/Datasets/CancerDatasets/Endometriosis/EndoMRI_All/segmentations_r7/BiomedParse/D2-028_T2FS_endometrioma.nii.gz,/Users/sg2162/Datasets/CancerDatasets/Endometriosis/EndoMRI_All/labels/D2-028_T2FS_seg.nii.gz,0.5,False,22,0,0,0,22,,0.0,105824.39173357404,pre
r7,external_test,D2-010_T2FS,D2-010,T2FS,/Users/sg2162/Datasets/CancerDatasets/Endometriosis/EndoMRI_All/segmentations_r7/BiomedParse/D2-010_T2FS_endometrioma.nii.gz,/Users/sg2162/Datasets/CancerDatasets/Endometriosis/EndoMRI_All/labels/D2-010_T2FS_seg.nii.gz,0.5,False,16,0,0,0,16,,0.0,191906.4163960065,pre
r7,external_test,D2-026_T2FS,D2-026,T2FS,/Users/sg2162/Datasets/CancerDatasets/Endometriosis/EndoMRI_All/segmentations_r7/BiomedParse/D2-026_T2FS_endometrioma.nii.gz,/Users/sg2162/Datasets/CancerDatasets/Endometriosis/EndoMRI_All/labels/D2-026_T2FS_seg.nii.gz,0.5,False,18,0,0,0,18,,0.0,156948.64484337595,pre
r7,external_test,D2-019_T2FS,D2-019,T2FS,/Users/sg2162/Datasets/CancerDatasets/Endometriosis/EndoMRI_All/segmentations_r7/BiomedParse/D2-019_T2FS_endometrioma.nii.gz,/Users/sg2162/Datasets/CancerDatasets/Endometriosis/EndoMRI_All/labels/D2-019_T2FS_seg.nii.gz,0.5,False,12,0,0,0,12,,0.0,111701.04149441181,pre
r7,external_test,D2-021_T2FS,D2-021,T2FS,/Users/sg2162/Datasets/CancerDatasets/Endometriosis/EndoMRI_All/segmentations_r7/BiomedParse/D2-021_T2FS_endometrioma.nii.gz,/Users/sg2162/Datasets/CancerDatasets/Endometriosis/EndoMRI_All/labels/D2-021_T2FS_seg.nii.gz,0.5,False,18,0,0,0,18,,0.0,135457.4244309062,pre
r7,external_test,D2-003_T2,D2-003,T2,/Users/sg2162/Datasets/CancerDatasets/Endometriosis/EndoMRI_All/segmentations_r7/BiomedParse/D2-003_T2_endometrioma.nii.gz,/Users/sg2162/Datasets/CancerDatasets/Endometriosis/EndoMRI_All/labels/D2-003_T2_seg.nii.gz,0.5,False,25,0,0,0,25,,0.0,59394.41946844621,pre
r7,external_test,D2-003_T2FS,D2-003,T2FS,/Users/sg2162/Datasets/CancerDatasets/Endometriosis/EndoMRI_All/segmentations_r7/BiomedParse/D2-003_T2FS_endometrioma.nii.gz,/Users/sg2162/Datasets/CancerDatasets/Endometriosis/EndoMRI_All/labels/D2-003_T2FS_seg.nii.gz,0.5,False,14,0,0,0,14,,0.0,160853.61023414222,pre
r7,external_test,D2-004_T2FS,D2-004,T2FS,/Users/sg2162/Datasets/CancerDatasets/Endometriosis/EndoMRI_All/segmentations_r7/BiomedParse/D2-004_T2FS_endometrioma.nii.gz,/Users/sg2162/Datasets/CancerDatasets/Endometriosis/EndoMRI_All/labels/D2-004_T2FS_seg.nii.gz,0.5,False,14,0,0,0,14,,0.0,68265.37863061219,pre
r7,external_test,D2-061_T2FS,D2-061,T2FS,/Users/sg2162/Datasets/CancerDatasets/Endometriosis/EndoMRI_All/segmentations_r7/BiomedParse/D2-061_T2FS_endometrioma.nii.gz,/Users/sg2162/Datasets/CancerDatasets/Endometriosis/EndoMRI_All/labels/D2-061_T2FS_seg.nii.gz,0.5,False,23,0,0,0,23,,0.0,153350.84174721997,pre
r7,external_test,D2-066_T2FS,D2-066,T2FS,/Users/sg2162/Datasets/CancerDatasets/Endometriosis/EndoMRI_All/segmentations_r7/BiomedParse/D2-066_T2FS_endometrioma.nii.gz,/Users/sg2162/Datasets/CancerDatasets/Endometriosis/EndoMRI_All/labels/D2-066_T2FS_seg.nii.gz,0.5,False,18,0,0,0,18,,0.0,206708.27568164276,pre
r7,external_test,D2-059_T2FS,D2-059,T2FS,/Users/sg2162/Datasets/CancerDatasets/Endometriosis/EndoMRI_All/segmentations_r7/BiomedParse/D2-059_T2FS_endometrioma.nii.gz,/Users/sg2162/Datasets/CancerDatasets/Endometriosis/EndoMRI_All/labels/D2-059_T2FS_seg.nii.gz,0.5,False,20,0,0,0,20,,0.0,70723.79261870499,pre
r7,external_test,D2-050_T2FS,D2-050,T2FS,/Users/sg2162/Datasets/CancerDatasets/Endometriosis/EndoMRI_All/segmentations_r7/BiomedParse/D2-050_T2FS_endometrioma.nii.gz,/Users/sg2162/Datasets/CancerDatasets/Endometriosis/EndoMRI_All/labels/D2-050_T2FS_seg.nii.gz,0.5,False,18,0,0,0,18,,0.0,140760.5018594483,pre
r7,external_test,D2-057_T2FS,D2-057,T2FS,/Users/sg2162/Datasets/CancerDatasets/Endometriosis/EndoMRI_All/segmentations_r7/BiomedParse/D2-057_T2FS_endometrioma.nii.gz,/Users/sg2162/Datasets/CancerDatasets/Endometriosis/EndoMRI_All/labels/D2-057_T2FS_seg.nii.gz,0.5,False,20,0,0,0,20,,0.0,558555.4064964746,pre
r7,external_test,D2-005_T2FS,D2-005,T2FS,/Users/sg2162/Datasets/CancerDatasets/Endometriosis/EndoMRI_All/segmentations_r7/BiomedParse/D2-005_T2FS_endometrioma.nii.gz,/Users/sg2162/Datasets/CancerDatasets/Endometriosis/EndoMRI_All/labels/D2-005_T2FS_seg.nii.gz,0.5,False,21,0,0,0,21,,0.0,97159.425737404,pre
r7,external_test,D2-002_T2,D2-002,T2,/Users/sg2162/Datasets/CancerDatasets/Endometriosis/EndoMRI_All/segmentations_r7/BiomedParse/D2-002_T2_endometrioma.nii.gz,/Users/sg2162/Datasets/CancerDatasets/Endometriosis/EndoMRI_All/labels/D2-002_T2_seg.nii.gz,0.5,False,10,0,0,0,10,,0.0,78428.9947530951,pre
r7,external_test,D2-002_T2FS,D2-002,T2FS,/Users/sg2162/Datasets/CancerDatasets/Endometriosis/EndoMRI_All/segmentations_r7/BiomedParse/D2-002_T2FS_endometrioma.nii.gz,/Users/sg2162/Datasets/CancerDatasets/Endometriosis/EndoMRI_All/labels/D2-002_T2FS_seg.nii.gz,0.5,False,22,0,0,0,22,,0.0,142554.3950916692,pre
r7,external_test,D2-056_T2FS,D2-056,T2FS,/Users/sg2162/Datasets/CancerDatasets/Endometriosis/EndoMRI_All/segmentations_r7/BiomedParse/D2-056_T2FS_endometrioma.nii.gz,/Users/sg2162/Datasets/CancerDatasets/Endometriosis/EndoMRI_All/labels/D2-056_T2FS_seg.nii.gz,0.5,False,26,0,0,0,26,,0.0,77530.15847207955,pre
r7,external_test,D2-056_T2,D2-056,T2,/Users/sg2162/Datasets/CancerDatasets/Endometriosis/EndoMRI_All/segmentations_r7/BiomedParse/D2-056_T2_endometrioma.nii.gz,/Users/sg2162/Datasets/CancerDatasets/Endometriosis/EndoMRI_All/labels/D2-056_T2_seg.nii.gz,0.5,False,23,0,0,0,23,,0.0,118721.89038730731,pre
r7,external_test,D2-051_T2FS,D2-051,T2FS,/Users/sg2162/Datasets/CancerDatasets/Endometriosis/EndoMRI_All/segmentations_r7/BiomedParse/D2-051_T2FS_endometrioma.nii.gz,/Users/sg2162/Datasets/CancerDatasets/Endometriosis/EndoMRI_All/labels/D2-051_T2FS_seg.nii.gz,0.5,False,17,0,0,0,17,,0.0,139058.44131811778,pre
r7,external_test,D2-051_T2,D2-051,T2,/Users/sg2162/Datasets/CancerDatasets/Endometriosis/EndoMRI_All/segmentations_r7/BiomedParse/D2-051_T2_endometrioma.nii.gz,/Users/sg2162/Datasets/CancerDatasets/Endometriosis/EndoMRI_All/labels/D2-051_T2_seg.nii.gz,0.5,False,8,0,0,0,8,,0.0,105194.0996101431,pre
r7,external_test,D2-067_T2FS,D2-067,T2FS,/Users/sg2162/Datasets/CancerDatasets/Endometriosis/EndoMRI_All/segmentations_r7/BiomedParse/D2-067_T2FS_endometrioma.nii.gz,/Users/sg2162/Datasets/CancerDatasets/Endometriosis/EndoMRI_All/labels/D2-067_T2FS_seg.nii.gz,0.5,False,14,0,0,0,14,,0.0,147498.7795224483,pre
r7,external_test,D2-058_T2,D2-058,T2,/Users/sg2162/Datasets/CancerDatasets/Endometriosis/EndoMRI_All/segmentations_r7/BiomedParse/D2-058_T2_endometrioma.nii.gz,/Users/sg2162/Datasets/CancerDatasets/Endometriosis/EndoMRI_All/labels/D2-058_T2_seg.nii.gz,0.5,False,14,0,0,0,14,,0.0,34650.928574082245,pre
r7,external_test,D2-058_T2FS,D2-058,T2FS,/Users/sg2162/Datasets/CancerDatasets/Endometriosis/EndoMRI_All/segmentations_r7/BiomedParse/D2-058_T2FS_endometrioma.nii.gz,/Users/sg2162/Datasets/CancerDatasets/Endometriosis/EndoMRI_All/labels/D2-058_T2FS_seg.nii.gz,0.5,False,22,0,0,0,22,,0.0,118373.2397774673,pre
r7,external_test,D2-060_T2FS,D2-060,T2FS,/Users/sg2162/Datasets/CancerDatasets/Endometriosis/EndoMRI_All/segmentations_r7/BiomedParse/D2-060_T2FS_endometrioma.nii.gz,/Users/sg2162/Datasets/CancerDatasets/Endometriosis/EndoMRI_All/labels/D2-060_T2FS_seg.nii.gz,0.5,False,25,0,0,0,25,,0.0,147983.9951794628,pre
r7,external_test,D2-060_T2,D2-060,T2,/Users/sg2162/Datasets/CancerDatasets/Endometriosis/EndoMRI_All/segmentations_r7/BiomedParse/D2-060_T2_endometrioma.nii.gz,/Users/sg2162/Datasets/CancerDatasets/Endometriosis/EndoMRI_All/labels/D2-060_T2_seg.nii.gz,0.5,False,15,0,0,0,15,,0.0,62599.28006432351,pre
r7,internal_test,D1-014_T1FS,D1-014,T1FS,/Users/sg2162/Library/CloudStorage/OneDrive-UniversityofCambridge/backup/project/PanCIA/analysis/a05_outcome_prediction/reasoning_model_comparison/r7/reasoned_probability_maps/D1-014_T1FS_endometrioma.nii.gz,/Users/sg2162/Datasets/CancerDatasets/Endometriosis/EndoMRI_All/labels/D1-014_T1FS_seg.nii.gz,0.5,True,0,3,0,3,0,0.0,,0.0,post
r7,training,D1-025_T2,D1-025,T2,/Users/sg2162/Library/CloudStorage/OneDrive-UniversityofCambridge/backup/project/PanCIA/analysis/a05_outcome_prediction/reasoning_model_comparison/r7/reasoned_probability_maps/D1-025_T2_endometrioma.nii.gz,/Users/sg2162/Datasets/CancerDatasets/Endometriosis/EndoMRI_All/labels/D1-025_T2_seg.nii.gz,0.5,False,1,0,0,0,1,,0.0,42054.37500000001,post
r7,training,D1-049_T1FS,D1-049,T1FS,/Users/sg2162/Library/CloudStorage/OneDrive-UniversityofCambridge/backup/project/PanCIA/analysis/a05_outcome_prediction/reasoning_model_comparison/r7/reasoned_probability_maps/D1-049_T1FS_endometrioma.nii.gz,/Users/sg2162/Datasets/CancerDatasets/Endometriosis/EndoMRI_All/labels/D1-049_T1FS_seg.nii.gz,0.5,True,1,1,1,0,0,1.0,1.0,1063.124999922921,post
r7,training,D1-049_T2,D1-049,T2,/Users/sg2162/Library/CloudStorage/OneDrive-UniversityofCambridge/backup/project/PanCIA/analysis/a05_outcome_prediction/reasoning_model_comparison/r7/reasoned_probability_maps/D1-049_T2_endometrioma.nii.gz,/Users/sg2162/Datasets/CancerDatasets/Endometriosis/EndoMRI_All/labels/D1-049_T2_seg.nii.gz,0.5,False,0,0,0,0,0,,,0.0,post
r7,training,D1-024_T2,D1-024,T2,/Users/sg2162/Library/CloudStorage/OneDrive-UniversityofCambridge/backup/project/PanCIA/analysis/a05_outcome_prediction/reasoning_model_comparison/r7/reasoned_probability_maps/D1-024_T2_endometrioma.nii.gz,/Users/sg2162/Datasets/CancerDatasets/Endometriosis/EndoMRI_All/labels/D1-024_T2_seg.nii.gz,0.5,False,0,0,0,0,0,,,0.0,post
r7,training,D1-024_T1FS,D1-024,T1FS,/Users/sg2162/Library/CloudStorage/OneDrive-UniversityofCambridge/backup/project/PanCIA/analysis/a05_outcome_prediction/reasoning_model_comparison/r7/reasoned_probability_maps/D1-024_T1FS_endometrioma.nii.gz,/Users/sg2162/Datasets/CancerDatasets/Endometriosis/EndoMRI_All/labels/D1-024_T1FS_seg.nii.gz,0.5,True,1,2,1,1,0,0.5,1.0,1870.5000914921634,post
r7,training,D1-023_T2,D1-023,T2,/Users/sg2162/Library/CloudStorage/OneDrive-UniversityofCambridge/backup/project/PanCIA/analysis/a05_outcome_prediction/reasoning_model_comparison/r7/reasoned_probability_maps/D1-023_T2_endometrioma.nii.gz,/Users/sg2162/Datasets/CancerDatasets/Endometriosis/EndoMRI_All/labels/D1-023_T2_seg.nii.gz,0.5,False,0,0,0,0,0,,,0.0,post
r7,training,D1-023_T1FS,D1-023,T1FS,/Users/sg2162/Library/CloudStorage/OneDrive-UniversityofCambridge/backup/project/PanCIA/analysis/a05_outcome_prediction/reasoning_model_comparison/r7/reasoned_probability_maps/D1-023_T1FS_endometrioma.nii.gz,/Users/sg2162/Datasets/CancerDatasets/Endometriosis/EndoMRI_All/labels/D1-023_T1FS_seg.nii.gz,0.5,True,0,5,0,5,0,0.0,,0.0,post
r7,training,D1-015_T2,D1-015,T2,/Users/sg2162/Library/CloudStorage/OneDrive-UniversityofCambridge/backup/project/PanCIA/analysis/a05_outcome_prediction/reasoning_model_comparison/r7/reasoned_probability_maps/D1-015_T2_endometrioma.nii.gz,/Users/sg2162/Datasets/CancerDatasets/Endometriosis/EndoMRI_All/labels/D1-015_T2_seg.nii.gz,0.5,False,0,0,0,0,0,,,0.0,post
r7,internal_test,D1-012_T2,D1-012,T2,/Users/sg2162/Library/CloudStorage/OneDrive-UniversityofCambridge/backup/project/PanCIA/analysis/a05_outcome_prediction/reasoning_model_comparison/r7/reasoned_probability_maps/D1-012_T2_endometrioma.nii.gz,/Users/sg2162/Datasets/CancerDatasets/Endometriosis/EndoMRI_All/labels/D1-012_T2_seg.nii.gz,0.5,False,0,0,0,0,0,,,0.0,post
r7,training,D1-046_T1FS,D1-046,T1FS,/Users/sg2162/Library/CloudStorage/OneDrive-UniversityofCambridge/backup/project/PanCIA/analysis/a05_outcome_prediction/reasoning_model_comparison/r7/reasoned_probability_maps/D1-046_T1FS_endometrioma.nii.gz,/Users/sg2162/Datasets/CancerDatasets/Endometriosis/EndoMRI_All/labels/D1-046_T1FS_seg.nii.gz,0.5,False,1,0,0,0,1,,0.0,8194.4999245161,post
r7,training,D1-041_T2,D1-041,T2,/Users/sg2162/Library/CloudStorage/OneDrive-UniversityofCambridge/backup/project/PanCIA/analysis/a05_outcome_prediction/reasoning_model_comparison/r7/reasoned_probability_maps/D1-041_T2_endometrioma.nii.gz,/Users/sg2162/Datasets/CancerDatasets/Endometriosis/EndoMRI_All/labels/D1-041_T2_seg.nii.gz,0.5,False,0,0,0,0,0,,,0.0,post
r7,training,D1-041_T1FS,D1-041,T1FS,/Users/sg2162/Library/CloudStorage/OneDrive-UniversityofCambridge/backup/project/PanCIA/analysis/a05_outcome_prediction/reasoning_model_comparison/r7/reasoned_probability_maps/D1-041_T1FS_endometrioma.nii.gz,/Users/sg2162/Datasets/CancerDatasets/Endometriosis/EndoMRI_All/labels/D1-041_T1FS_seg.nii.gz,0.5,True,1,3,0,3,1,0.0,0.0,105.99999869280708,post
r7,training,D1-048_T1FS,D1-048,T1FS,/Users/sg2162/Library/CloudStorage/OneDrive-UniversityofCambridge/backup/project/PanCIA/analysis/a05_outcome_prediction/reasoning_model_comparison/r7/reasoned_probability_maps/D1-048_T1FS_endometrioma.nii.gz,/Users/sg2162/Datasets/CancerDatasets/Endometriosis/EndoMRI_All/labels/D1-048_T1FS_seg.nii.gz,0.5,True,1,1,1,0,0,1.0,1.0,5293.000030914333,post
r7,training,D1-030_T2,D1-030,T2,/Users/sg2162/Library/CloudStorage/OneDrive-UniversityofCambridge/backup/project/PanCIA/analysis/a05_outcome_prediction/reasoning_model_comparison/r7/reasoned_probability_maps/D1-030_T2_endometrioma.nii.gz,/Users/sg2162/Datasets/CancerDatasets/Endometriosis/EndoMRI_All/labels/D1-030_T2_seg.nii.gz,0.5,False,0,0,0,0,0,,,0.0,post
r7,training,D1-008_T2,D1-008,T2,/Users/sg2162/Library/CloudStorage/OneDrive-UniversityofCambridge/backup/project/PanCIA/analysis/a05_outcome_prediction/reasoning_model_comparison/r7/reasoned_probability_maps/D1-008_T2_endometrioma.nii.gz,/Users/sg2162/Datasets/CancerDatasets/Endometriosis/EndoMRI_All/labels/D1-008_T2_seg.nii.gz,0.5,True,1,1,1,0,0,1.0,1.0,12045.599680900574,post
r7,training,D1-008_T1FS,D1-008,T1FS,/Users/sg2162/Library/CloudStorage/OneDrive-UniversityofCambridge/backup/project/PanCIA/analysis/a05_outcome_prediction/reasoning_model_comparison/r7/reasoned_probability_maps/D1-008_T1FS_endometrioma.nii.gz,/Users/sg2162/Datasets/CancerDatasets/Endometriosis/EndoMRI_All/labels/D1-008_T1FS_seg.nii.gz,0.5,True,0,2,0,2,0,0.0,,0.0,post
r7,internal_test,D1-037_T1FS,D1-037,T1FS,/Users/sg2162/Library/CloudStorage/OneDrive-UniversityofCambridge/backup/project/PanCIA/analysis/a05_outcome_prediction/reasoning_model_comparison/r7/reasoned_probability_maps/D1-037_T1FS_endometrioma.nii.gz,/Users/sg2162/Datasets/CancerDatasets/Endometriosis/EndoMRI_All/labels/D1-037_T1FS_seg.nii.gz,0.5,True,1,2,1,1,0,0.5,1.0,344.25,post
r7,internal_test,D1-037_T2,D1-037,T2,/Users/sg2162/Library/CloudStorage/OneDrive-UniversityofCambridge/backup/project/PanCIA/analysis/a05_outcome_prediction/reasoning_model_comparison/r7/reasoned_probability_maps/D1-037_T2_endometrioma.nii.gz,/Users/sg2162/Datasets/CancerDatasets/Endometriosis/EndoMRI_All/labels/D1-037_T2_seg.nii.gz,0.5,True,0,1,0,1,0,0.0,,0.0,post
r7,training,D1-001_T2,D1-001,T2,/Users/sg2162/Library/CloudStorage/OneDrive-UniversityofCambridge/backup/project/PanCIA/analysis/a05_outcome_prediction/reasoning_model_comparison/r7/reasoned_probability_maps/D1-001_T2_endometrioma.nii.gz,/Users/sg2162/Datasets/CancerDatasets/Endometriosis/EndoMRI_All/labels/D1-001_T2_seg.nii.gz,0.5,True,1,1,1,0,0,1.0,1.0,1622.0001174967083,post
r7,internal_test,D1-001_T1FS,D1-001,T1FS,/Users/sg2162/Library/CloudStorage/OneDrive-UniversityofCambridge/backup/project/PanCIA/analysis/a05_outcome_prediction/reasoning_model_comparison/r7/reasoned_probability_maps/D1-001_T1FS_endometrioma.nii.gz,/Users/sg2162/Datasets/CancerDatasets/Endometriosis/EndoMRI_All/labels/D1-001_T1FS_seg.nii.gz,0.5,True,1,1,1,0,0,1.0,1.0,3900.0142277246036,post
r7,training,D1-039_T1FS,D1-039,T1FS,/Users/sg2162/Library/CloudStorage/OneDrive-UniversityofCambridge/backup/project/PanCIA/analysis/a05_outcome_prediction/reasoning_model_comparison/r7/reasoned_probability_maps/D1-039_T1FS_endometrioma.nii.gz,/Users/sg2162/Datasets/CancerDatasets/Endometriosis/EndoMRI_All/labels/D1-039_T1FS_seg.nii.gz,0.5,True,1,4,1,3,0,0.25,1.0,3.499999822526317,post
r7,training,D1-006_T1FS,D1-006,T1FS,/Users/sg2162/Library/CloudStorage/OneDrive-UniversityofCambridge/backup/project/PanCIA/analysis/a05_outcome_prediction/reasoning_model_comparison/r7/reasoned_probability_maps/D1-006_T1FS_endometrioma.nii.gz,/Users/sg2162/Datasets/CancerDatasets/Endometriosis/EndoMRI_All/labels/D1-006_T1FS_seg.nii.gz,0.5,False,0,0,0,0,0,,,0.0,post
r7,training,D1-038_T1FS,D1-038,T1FS,/Users/sg2162/Library/CloudStorage/OneDrive-UniversityofCambridge/backup/project/PanCIA/analysis/a05_outcome_prediction/reasoning_model_comparison/r7/reasoned_probability_maps/D1-038_T1FS_endometrioma.nii.gz,/Users/sg2162/Datasets/CancerDatasets/Endometriosis/EndoMRI_All/labels/D1-038_T1FS_seg.nii.gz,0.5,True,1,1,0,1,1,0.0,0.0,32457.49981006958,post
r7,internal_test,D1-038_T2,D1-038,T2,/Users/sg2162/Library/CloudStorage/OneDrive-UniversityofCambridge/backup/project/PanCIA/analysis/a05_outcome_prediction/reasoning_model_comparison/r7/reasoned_probability_maps/D1-038_T2_endometrioma.nii.gz,/Users/sg2162/Datasets/CancerDatasets/Endometriosis/EndoMRI_All/labels/D1-038_T2_seg.nii.gz,0.5,True,1,1,1,0,0,1.0,1.0,71.250000586111,post
r7,training,D1-000_T1FS,D1-000,T1FS,/Users/sg2162/Library/CloudStorage/OneDrive-UniversityofCambridge/backup/project/PanCIA/analysis/a05_outcome_prediction/reasoning_model_comparison/r7/reasoned_probability_maps/D1-000_T1FS_endometrioma.nii.gz,/Users/sg2162/Datasets/CancerDatasets/Endometriosis/EndoMRI_All/labels/D1-000_T1FS_seg.nii.gz,0.5,True,1,1,1,0,0,1.0,1.0,19163.754733000347,post
r7,training,D1-000_T2,D1-000,T2,/Users/sg2162/Library/CloudStorage/OneDrive-UniversityofCambridge/backup/project/PanCIA/analysis/a05_outcome_prediction/reasoning_model_comparison/r7/reasoned_probability_maps/D1-000_T2_endometrioma.nii.gz,/Users/sg2162/Datasets/CancerDatasets/Endometriosis/EndoMRI_All/labels/D1-000_T2_seg.nii.gz,0.5,True,0,1,0,1,0,0.0,,0.0,post
r7,internal_test,D1-009_T1FS,D1-009,T1FS,/Users/sg2162/Library/CloudStorage/OneDrive-UniversityofCambridge/backup/project/PanCIA/analysis/a05_outcome_prediction/reasoning_model_comparison/r7/reasoned_probability_maps/D1-009_T1FS_endometrioma.nii.gz,/Users/sg2162/Datasets/CancerDatasets/Endometriosis/EndoMRI_All/labels/D1-009_T1FS_seg.nii.gz,0.5,True,1,3,1,2,0,0.3333333333333333,1.0,4.050278839063622,post
r7,training,D1-009_T2,D1-009,T2,/Users/sg2162/Library/CloudStorage/OneDrive-UniversityofCambridge/backup/project/PanCIA/analysis/a05_outcome_prediction/reasoning_model_comparison/r7/reasoned_probability_maps/D1-009_T2_endometrioma.nii.gz,/Users/sg2162/Datasets/CancerDatasets/Endometriosis/EndoMRI_All/labels/D1-009_T2_seg.nii.gz,0.5,True,1,2,1,1,0,0.5,1.0,12546.75762894687,post
r7,training,D1-036_T2,D1-036,T2,/Users/sg2162/Library/CloudStorage/OneDrive-UniversityofCambridge/backup/project/PanCIA/analysis/a05_outcome_prediction/reasoning_model_comparison/r7/reasoned_probability_maps/D1-036_T2_endometrioma.nii.gz,/Users/sg2162/Datasets/CancerDatasets/Endometriosis/EndoMRI_All/labels/D1-036_T2_seg.nii.gz,0.5,False,0,0,0,0,0,,,0.0,post
r7,training,D1-043_T2,D1-043,T2,/Users/sg2162/Library/CloudStorage/OneDrive-UniversityofCambridge/backup/project/PanCIA/analysis/a05_outcome_prediction/reasoning_model_comparison/r7/reasoned_probability_maps/D1-043_T2_endometrioma.nii.gz,/Users/sg2162/Datasets/CancerDatasets/Endometriosis/EndoMRI_All/labels/D1-043_T2_seg.nii.gz,0.5,True,1,1,1,0,0,1.0,1.0,27194.999392470618,post
r7,training,D1-043_T1FS,D1-043,T1FS,/Users/sg2162/Library/CloudStorage/OneDrive-UniversityofCambridge/backup/project/PanCIA/analysis/a05_outcome_prediction/reasoning_model_comparison/r7/reasoned_probability_maps/D1-043_T1FS_endometrioma.nii.gz,/Users/sg2162/Datasets/CancerDatasets/Endometriosis/EndoMRI_All/labels/D1-043_T1FS_seg.nii.gz,0.5,True,0,1,0,1,0,0.0,,0.0,post
r7,training,D1-017_T2,D1-017,T2,/Users/sg2162/Library/CloudStorage/OneDrive-UniversityofCambridge/backup/project/PanCIA/analysis/a05_outcome_prediction/reasoning_model_comparison/r7/reasoned_probability_maps/D1-017_T2_endometrioma.nii.gz,/Users/sg2162/Datasets/CancerDatasets/Endometriosis/EndoMRI_All/labels/D1-017_T2_seg.nii.gz,0.5,True,1,6,2,4,0,0.3333333333333333,1.0,74128.00582003234,post
r7,training,D1-017_T1FS,D1-017,T1FS,/Users/sg2162/Library/CloudStorage/OneDrive-UniversityofCambridge/backup/project/PanCIA/analysis/a05_outcome_prediction/reasoning_model_comparison/r7/reasoned_probability_maps/D1-017_T1FS_endometrioma.nii.gz,/Users/sg2162/Datasets/CancerDatasets/Endometriosis/EndoMRI_All/labels/D1-017_T1FS_seg.nii.gz,0.5,False,0,0,0,0,0,,,0.0,post
r7,internal_test,D1-028_T1FS,D1-028,T1FS,/Users/sg2162/Library/CloudStorage/OneDrive-UniversityofCambridge/backup/project/PanCIA/analysis/a05_outcome_prediction/reasoning_model_comparison/r7/reasoned_probability_maps/D1-028_T1FS_endometrioma.nii.gz,/Users/sg2162/Datasets/CancerDatasets/Endometriosis/EndoMRI_All/labels/D1-028_T1FS_seg.nii.gz,0.5,True,0,1,0,1,0,0.0,,0.0,post
r7,training,D1-028_T2,D1-028,T2,/Users/sg2162/Library/CloudStorage/OneDrive-UniversityofCambridge/backup/project/PanCIA/analysis/a05_outcome_prediction/reasoning_model_comparison/r7/reasoned_probability_maps/D1-028_T2_endometrioma.nii.gz,/Users/sg2162/Datasets/CancerDatasets/Endometriosis/EndoMRI_All/labels/D1-028_T2_seg.nii.gz,0.5,False,0,0,0,0,0,,,0.0,post
r7,training,D1-026_T1FS,D1-026,T1FS,/Users/sg2162/Library/CloudStorage/OneDrive-UniversityofCambridge/backup/project/PanCIA/analysis/a05_outcome_prediction/reasoning_model_comparison/r7/reasoned_probability_maps/D1-026_T1FS_endometrioma.nii.gz,/Users/sg2162/Datasets/CancerDatasets/Endometriosis/EndoMRI_All/labels/D1-026_T1FS_seg.nii.gz,0.5,True,1,2,1,1,0,0.5,1.0,2656.5001675493745,post
r7,training,D1-026_T2,D1-026,T2,/Users/sg2162/Library/CloudStorage/OneDrive-UniversityofCambridge/backup/project/PanCIA/analysis/a05_outcome_prediction/reasoning_model_comparison/r7/reasoned_probability_maps/D1-026_T2_endometrioma.nii.gz,/Users/sg2162/Datasets/CancerDatasets/Endometriosis/EndoMRI_All/labels/D1-026_T2_seg.nii.gz,0.5,False,1,0,0,0,1,,0.0,8495.00093761681,post
r7,internal_test,D1-019_T1FS,D1-019,T1FS,/Users/sg2162/Library/CloudStorage/OneDrive-UniversityofCambridge/backup/project/PanCIA/analysis/a05_outcome_prediction/reasoning_model_comparison/r7/reasoned_probability_maps/D1-019_T1FS_endometrioma.nii.gz,/Users/sg2162/Datasets/CancerDatasets/Endometriosis/EndoMRI_All/labels/D1-019_T1FS_seg.nii.gz,0.5,True,0,3,0,3,0,0.0,,0.0,post
r7,training,D1-021_T1FS,D1-021,T1FS,/Users/sg2162/Library/CloudStorage/OneDrive-UniversityofCambridge/backup/project/PanCIA/analysis/a05_outcome_prediction/reasoning_model_comparison/r7/reasoned_probability_maps/D1-021_T1FS_endometrioma.nii.gz,/Users/sg2162/Datasets/CancerDatasets/Endometriosis/EndoMRI_All/labels/D1-021_T1FS_seg.nii.gz,0.5,False,1,0,0,0,1,,0.0,56491.000611056945,post
r7,training,D1-021_T2,D1-021,T2,/Users/sg2162/Library/CloudStorage/OneDrive-UniversityofCambridge/backup/project/PanCIA/analysis/a05_outcome_prediction/reasoning_model_comparison/r7/reasoned_probability_maps/D1-021_T2_endometrioma.nii.gz,/Users/sg2162/Datasets/CancerDatasets/Endometriosis/EndoMRI_All/labels/D1-021_T2_seg.nii.gz,0.5,True,0,2,0,2,0,0.0,,0.0,post
r7,training,D1-042_T2,D1-042,T2,/Users/sg2162/Library/CloudStorage/OneDrive-UniversityofCambridge/backup/project/PanCIA/analysis/a05_outcome_prediction/reasoning_model_comparison/r7/reasoned_probability_maps/D1-042_T2_endometrioma.nii.gz,/Users/sg2162/Datasets/CancerDatasets/Endometriosis/EndoMRI_All/labels/D1-042_T2_seg.nii.gz,0.5,False,1,0,0,0,1,,0.0,42341.7450324583,post
r7,training,D1-045_T2,D1-045,T2,/Users/sg2162/Library/CloudStorage/OneDrive-UniversityofCambridge/backup/project/PanCIA/analysis/a05_outcome_prediction/reasoning_model_comparison/r7/reasoned_probability_maps/D1-045_T2_endometrioma.nii.gz,/Users/sg2162/Datasets/CancerDatasets/Endometriosis/EndoMRI_All/labels/D1-045_T2_seg.nii.gz,0.5,True,0,1,0,1,0,0.0,,0.0,post
r7,training,D1-020_T2,D1-020,T2,/Users/sg2162/Library/CloudStorage/OneDrive-UniversityofCambridge/backup/project/PanCIA/analysis/a05_outcome_prediction/reasoning_model_comparison/r7/reasoned_probability_maps/D1-020_T2_endometrioma.nii.gz,/Users/sg2162/Datasets/CancerDatasets/Endometriosis/EndoMRI_All/labels/D1-020_T2_seg.nii.gz,0.5,False,0,0,0,0,0,,,0.0,post
r7,training,D1-020_T1FS,D1-020,T1FS,/Users/sg2162/Library/CloudStorage/OneDrive-UniversityofCambridge/backup/project/PanCIA/analysis/a05_outcome_prediction/reasoning_model_comparison/r7/reasoned_probability_maps/D1-020_T1FS_endometrioma.nii.gz,/Users/sg2162/Datasets/CancerDatasets/Endometriosis/EndoMRI_All/labels/D1-020_T1FS_seg.nii.gz,0.5,True,0,7,0,7,0,0.0,,0.0,post
r7,training,D1-018_T1FS,D1-018,T1FS,/Users/sg2162/Library/CloudStorage/OneDrive-UniversityofCambridge/backup/project/PanCIA/analysis/a05_outcome_prediction/reasoning_model_comparison/r7/reasoned_probability_maps/D1-018_T1FS_endometrioma.nii.gz,/Users/sg2162/Datasets/CancerDatasets/Endometriosis/EndoMRI_All/labels/D1-018_T1FS_seg.nii.gz,0.5,True,0,2,0,2,0,0.0,,0.0,post
r7,internal_test,D1-029_T2,D1-029,T2,/Users/sg2162/Library/CloudStorage/OneDrive-UniversityofCambridge/backup/project/PanCIA/analysis/a05_outcome_prediction/reasoning_model_comparison/r7/reasoned_probability_maps/D1-029_T2_endometrioma.nii.gz,/Users/sg2162/Datasets/CancerDatasets/Endometriosis/EndoMRI_All/labels/D1-029_T2_seg.nii.gz,0.5,True,0,1,0,1,0,0.0,,0.0,post
r7,training,D1-029_T1FS,D1-029,T1FS,/Users/sg2162/Library/CloudStorage/OneDrive-UniversityofCambridge/backup/project/PanCIA/analysis/a05_outcome_prediction/reasoning_model_comparison/r7/reasoned_probability_maps/D1-029_T1FS_endometrioma.nii.gz,/Users/sg2162/Datasets/CancerDatasets/Endometriosis/EndoMRI_All/labels/D1-029_T1FS_seg.nii.gz,0.5,True,0,1,0,1,0,0.0,,0.0,post
r7,training,D1-005_T2,D1-005,T2,/Users/sg2162/Library/CloudStorage/OneDrive-UniversityofCambridge/backup/project/PanCIA/analysis/a05_outcome_prediction/reasoning_model_comparison/r7/reasoned_probability_maps/D1-005_T2_endometrioma.nii.gz,/Users/sg2162/Datasets/CancerDatasets/Endometriosis/EndoMRI_All/labels/D1-005_T2_seg.nii.gz,0.5,True,0,1,0,1,0,0.0,,0.0,post
r7,internal_test,D1-002_T2,D1-002,T2,/Users/sg2162/Library/CloudStorage/OneDrive-UniversityofCambridge/backup/project/PanCIA/analysis/a05_outcome_prediction/reasoning_model_comparison/r7/reasoned_probability_maps/D1-002_T2_endometrioma.nii.gz,/Users/sg2162/Datasets/CancerDatasets/Endometriosis/EndoMRI_All/labels/D1-002_T2_seg.nii.gz,0.5,False,1,0,0,0,1,,0.0,63844.625,post
r7,training,D1-003_T2,D1-003,T2,/Users/sg2162/Library/CloudStorage/OneDrive-UniversityofCambridge/backup/project/PanCIA/analysis/a05_outcome_prediction/reasoning_model_comparison/r7/reasoned_probability_maps/D1-003_T2_endometrioma.nii.gz,/Users/sg2162/Datasets/CancerDatasets/Endometriosis/EndoMRI_All/labels/D1-003_T2_seg.nii.gz,0.5,True,0,1,0,1,0,0.0,,0.0,post
r7,training,D1-004_T2,D1-004,T2,/Users/sg2162/Library/CloudStorage/OneDrive-UniversityofCambridge/backup/project/PanCIA/analysis/a05_outcome_prediction/reasoning_model_comparison/r7/reasoned_probability_maps/D1-004_T2_endometrioma.nii.gz,/Users/sg2162/Datasets/CancerDatasets/Endometriosis/EndoMRI_All/labels/D1-004_T2_seg.nii.gz,0.5,False,1,0,0,0,1,,0.0,425835.0185462461,post
r7,training,D1-032_T2,D1-032,T2,/Users/sg2162/Library/CloudStorage/OneDrive-UniversityofCambridge/backup/project/PanCIA/analysis/a05_outcome_prediction/reasoning_model_comparison/r7/reasoned_probability_maps/D1-032_T2_endometrioma.nii.gz,/Users/sg2162/Datasets/CancerDatasets/Endometriosis/EndoMRI_All/labels/D1-032_T2_seg.nii.gz,0.5,False,0,0,0,0,0,,,0.0,post
r7,internal_test,D1-035_T2,D1-035,T2,/Users/sg2162/Library/CloudStorage/OneDrive-UniversityofCambridge/backup/project/PanCIA/analysis/a05_outcome_prediction/reasoning_model_comparison/r7/reasoned_probability_maps/D1-035_T2_endometrioma.nii.gz,/Users/sg2162/Datasets/CancerDatasets/Endometriosis/EndoMRI_All/labels/D1-035_T2_seg.nii.gz,0.5,False,0,0,0,0,0,,,0.0,post
r7,training,D1-035_T1FS,D1-035,T1FS,/Users/sg2162/Library/CloudStorage/OneDrive-UniversityofCambridge/backup/project/PanCIA/analysis/a05_outcome_prediction/reasoning_model_comparison/r7/reasoned_probability_maps/D1-035_T1FS_endometrioma.nii.gz,/Users/sg2162/Datasets/CancerDatasets/Endometriosis/EndoMRI_All/labels/D1-035_T1FS_seg.nii.gz,0.5,True,1,5,5,0,0,1.0,1.0,69395.62599324637,post
r7,training,D1-050_T1FS,D1-050,T1FS,/Users/sg2162/Library/CloudStorage/OneDrive-UniversityofCambridge/backup/project/PanCIA/analysis/a05_outcome_prediction/reasoning_model_comparison/r7/reasoned_probability_maps/D1-050_T1FS_endometrioma.nii.gz,/Users/sg2162/Datasets/CancerDatasets/Endometriosis/EndoMRI_All/labels/D1-050_T1FS_seg.nii.gz,0.5,True,0,1,0,1,0,0.0,,0.0,post
r7,external_test,D2-024_T2FS,D2-024,T2FS,/Users/sg2162/Library/CloudStorage/OneDrive-UniversityofCambridge/backup/project/PanCIA/analysis/a05_outcome_prediction/reasoning_model_comparison/r7/reasoned_probability_maps/D2-024_T2FS_endometrioma.nii.gz,/Users/sg2162/Datasets/CancerDatasets/Endometriosis/EndoMRI_All/labels/D2-024_T2FS_seg.nii.gz,0.5,False,0,0,0,0,0,,,0.0,post
r7,external_test,D2-023_T2FS,D2-023,T2FS,/Users/sg2162/Library/CloudStorage/OneDrive-UniversityofCambridge/backup/project/PanCIA/analysis/a05_outcome_prediction/reasoning_model_comparison/r7/reasoned_probability_maps/D2-023_T2FS_endometrioma.nii.gz,/Users/sg2162/Datasets/CancerDatasets/Endometriosis/EndoMRI_All/labels/D2-023_T2FS_seg.nii.gz,0.5,False,0,0,0,0,0,,,0.0,post
r7,external_test,D2-015_T2FS,D2-015,T2FS,/Users/sg2162/Library/CloudStorage/OneDrive-UniversityofCambridge/backup/project/PanCIA/analysis/a05_outcome_prediction/reasoning_model_comparison/r7/reasoned_probability_maps/D2-015_T2FS_endometrioma.nii.gz,/Users/sg2162/Datasets/CancerDatasets/Endometriosis/EndoMRI_All/labels/D2-015_T2FS_seg.nii.gz,0.5,False,0,0,0,0,0,,,0.0,post
r7,external_test,D2-012_T2FS,D2-012,T2FS,/Users/sg2162/Library/CloudStorage/OneDrive-UniversityofCambridge/backup/project/PanCIA/analysis/a05_outcome_prediction/reasoning_model_comparison/r7/reasoned_probability_maps/D2-012_T2FS_endometrioma.nii.gz,/Users/sg2162/Datasets/CancerDatasets/Endometriosis/EndoMRI_All/labels/D2-012_T2FS_seg.nii.gz,0.5,False,0,0,0,0,0,,,0.0,post
r7,external_test,D2-079_T2FS,D2-079,T2FS,/Users/sg2162/Library/CloudStorage/OneDrive-UniversityofCambridge/backup/project/PanCIA/analysis/a05_outcome_prediction/reasoning_model_comparison/r7/reasoned_probability_maps/D2-079_T2FS_endometrioma.nii.gz,/Users/sg2162/Datasets/CancerDatasets/Endometriosis/EndoMRI_All/labels/D2-079_T2FS_seg.nii.gz,0.5,True,1,1,1,0,0,1.0,1.0,641.528898206084,post
r7,external_test,D2-046_T2FS,D2-046,T2FS,/Users/sg2162/Library/CloudStorage/OneDrive-UniversityofCambridge/backup/project/PanCIA/analysis/a05_outcome_prediction/reasoning_model_comparison/r7/reasoned_probability_maps/D2-046_T2FS_endometrioma.nii.gz,/Users/sg2162/Datasets/CancerDatasets/Endometriosis/EndoMRI_All/labels/D2-046_T2FS_seg.nii.gz,0.5,False,1,0,0,0,1,,0.0,3878.1739331674103,post
r7,external_test,D2-041_T2FS,D2-041,T2FS,/Users/sg2162/Library/CloudStorage/OneDrive-UniversityofCambridge/backup/project/PanCIA/analysis/a05_outcome_prediction/reasoning_model_comparison/r7/reasoned_probability_maps/D2-041_T2FS_endometrioma.nii.gz,/Users/sg2162/Datasets/CancerDatasets/Endometriosis/EndoMRI_All/labels/D2-041_T2FS_seg.nii.gz,0.5,True,0,1,0,1,0,0.0,,0.0,post
r7,external_test,D2-048_T2FS,D2-048,T2FS,/Users/sg2162/Library/CloudStorage/OneDrive-UniversityofCambridge/backup/project/PanCIA/analysis/a05_outcome_prediction/reasoning_model_comparison/r7/reasoned_probability_maps/D2-048_T2FS_endometrioma.nii.gz,/Users/sg2162/Datasets/CancerDatasets/Endometriosis/EndoMRI_All/labels/D2-048_T2FS_seg.nii.gz,0.5,False,0,0,0,0,0,,,0.0,post
r7,external_test,D2-048_T2,D2-048,T2,/Users/sg2162/Library/CloudStorage/OneDrive-UniversityofCambridge/backup/project/PanCIA/analysis/a05_outcome_prediction/reasoning_model_comparison/r7/reasoned_probability_maps/D2-048_T2_endometrioma.nii.gz,/Users/sg2162/Datasets/CancerDatasets/Endometriosis/EndoMRI_All/labels/D2-048_T2_seg.nii.gz,0.5,False,0,0,0,0,0,,,0.0,post
r7,external_test,D2-077_T2FS,D2-077,T2FS,/Users/sg2162/Library/CloudStorage/OneDrive-UniversityofCambridge/backup/project/PanCIA/analysis/a05_outcome_prediction/reasoning_model_comparison/r7/reasoned_probability_maps/D2-077_T2FS_endometrioma.nii.gz,/Users/sg2162/Datasets/CancerDatasets/Endometriosis/EndoMRI_All/labels/D2-077_T2FS_seg.nii.gz,0.5,True,0,1,0,1,0,0.0,,0.0,post
r7,external_test,D2-070_T2FS,D2-070,T2FS,/Users/sg2162/Library/CloudStorage/OneDrive-UniversityofCambridge/backup/project/PanCIA/analysis/a05_outcome_prediction/reasoning_model_comparison/r7/reasoned_probability_maps/D2-070_T2FS_endometrioma.nii.gz,/Users/sg2162/Datasets/CancerDatasets/Endometriosis/EndoMRI_All/labels/D2-070_T2FS_seg.nii.gz,0.5,True,0,1,0,1,0,0.0,,0.0,post
r7,external_test,D2-013_T2FS,D2-013,T2FS,/Users/sg2162/Library/CloudStorage/OneDrive-UniversityofCambridge/backup/project/PanCIA/analysis/a05_outcome_prediction/reasoning_model_comparison/r7/reasoned_probability_maps/D2-013_T2FS_endometrioma.nii.gz,/Users/sg2162/Datasets/CancerDatasets/Endometriosis/EndoMRI_All/labels/D2-013_T2FS_seg.nii.gz,0.5,False,0,0,0,0,0,,,0.0,post
r7,external_test,D2-014_T2FS,D2-014,T2FS,/Users/sg2162/Library/CloudStorage/OneDrive-UniversityofCambridge/backup/project/PanCIA/analysis/a05_outcome_prediction/reasoning_model_comparison/r7/reasoned_probability_maps/D2-014_T2FS_endometrioma.nii.gz,/Users/sg2162/Datasets/CancerDatasets/Endometriosis/EndoMRI_All/labels/D2-014_T2FS_seg.nii.gz,0.5,False,1,0,0,0,1,,0.0,7413.843467295153,post
r7,external_test,D2-022_T2FS,D2-022,T2FS,/Users/sg2162/Library/CloudStorage/OneDrive-UniversityofCambridge/backup/project/PanCIA/analysis/a05_outcome_prediction/reasoning_model_comparison/r7/reasoned_probability_maps/D2-022_T2FS_endometrioma.nii.gz,/Users/sg2162/Datasets/CancerDatasets/Endometriosis/EndoMRI_All/labels/D2-022_T2FS_seg.nii.gz,0.5,False,0,0,0,0,0,,,0.0,post
r7,external_test,D2-025_T2FS,D2-025,T2FS,/Users/sg2162/Library/CloudStorage/OneDrive-UniversityofCambridge/backup/project/PanCIA/analysis/a05_outcome_prediction/reasoning_model_comparison/r7/reasoned_probability_maps/D2-025_T2FS_endometrioma.nii.gz,/Users/sg2162/Datasets/CancerDatasets/Endometriosis/EndoMRI_All/labels/D2-025_T2FS_seg.nii.gz,0.5,False,0,0,0,0,0,,,0.0,post
r7,external_test,D2-071_T2FS,D2-071,T2FS,/Users/sg2162/Library/CloudStorage/OneDrive-UniversityofCambridge/backup/project/PanCIA/analysis/a05_outcome_prediction/reasoning_model_comparison/r7/reasoned_probability_maps/D2-071_T2FS_endometrioma.nii.gz,/Users/sg2162/Datasets/CancerDatasets/Endometriosis/EndoMRI_All/labels/D2-071_T2FS_seg.nii.gz,0.5,True,0,1,0,1,0,0.0,,0.0,post
r7,external_test,D2-049_T2FS,D2-049,T2FS,/Users/sg2162/Library/CloudStorage/OneDrive-UniversityofCambridge/backup/project/PanCIA/analysis/a05_outcome_prediction/reasoning_model_comparison/r7/reasoned_probability_maps/D2-049_T2FS_endometrioma.nii.gz,/Users/sg2162/Datasets/CancerDatasets/Endometriosis/EndoMRI_All/labels/D2-049_T2FS_seg.nii.gz,0.5,False,0,0,0,0,0,,,0.0,post
r7,external_test,D2-076_T2FS,D2-076,T2FS,/Users/sg2162/Library/CloudStorage/OneDrive-UniversityofCambridge/backup/project/PanCIA/analysis/a05_outcome_prediction/reasoning_model_comparison/r7/reasoned_probability_maps/D2-076_T2FS_endometrioma.nii.gz,/Users/sg2162/Datasets/CancerDatasets/Endometriosis/EndoMRI_All/labels/D2-076_T2FS_seg.nii.gz,0.5,False,0,0,0,0,0,,,0.0,post
r7,external_test,D2-040_T2FS,D2-040,T2FS,/Users/sg2162/Library/CloudStorage/OneDrive-UniversityofCambridge/backup/project/PanCIA/analysis/a05_outcome_prediction/reasoning_model_comparison/r7/reasoned_probability_maps/D2-040_T2FS_endometrioma.nii.gz,/Users/sg2162/Datasets/CancerDatasets/Endometriosis/EndoMRI_All/labels/D2-040_T2FS_seg.nii.gz,0.5,True,1,1,1,0,0,1.0,1.0,384.52147859831547,post
r7,external_test,D2-078_T2FS,D2-078,T2FS,/Users/sg2162/Library/CloudStorage/OneDrive-UniversityofCambridge/backup/project/PanCIA/analysis/a05_outcome_prediction/reasoning_model_comparison/r7/reasoned_probability_maps/D2-078_T2FS_endometrioma.nii.gz,/Users/sg2162/Datasets/CancerDatasets/Endometriosis/EndoMRI_All/labels/D2-078_T2FS_seg.nii.gz,0.5,True,1,2,1,1,0,0.5,1.0,5738.524957685449,post
r7,external_test,D2-047_T2,D2-047,T2,/Users/sg2162/Library/CloudStorage/OneDrive-UniversityofCambridge/backup/project/PanCIA/analysis/a05_outcome_prediction/reasoning_model_comparison/r7/reasoned_probability_maps/D2-047_T2_endometrioma.nii.gz,/Users/sg2162/Datasets/CancerDatasets/Endometriosis/EndoMRI_All/labels/D2-047_T2_seg.nii.gz,0.5,False,0,0,0,0,0,,,0.0,post
r7,external_test,D2-047_T2FS,D2-047,T2FS,/Users/sg2162/Library/CloudStorage/OneDrive-UniversityofCambridge/backup/project/PanCIA/analysis/a05_outcome_prediction/reasoning_model_comparison/r7/reasoned_probability_maps/D2-047_T2FS_endometrioma.nii.gz,/Users/sg2162/Datasets/CancerDatasets/Endometriosis/EndoMRI_All/labels/D2-047_T2FS_seg.nii.gz,0.5,False,0,0,0,0,0,,,0.0,post
r7,external_test,D2-065_T2FS,D2-065,T2FS,/Users/sg2162/Library/CloudStorage/OneDrive-UniversityofCambridge/backup/project/PanCIA/analysis/a05_outcome_prediction/reasoning_model_comparison/r7/reasoned_probability_maps/D2-065_T2FS_endometrioma.nii.gz,/Users/sg2162/Datasets/CancerDatasets/Endometriosis/EndoMRI_All/labels/D2-065_T2FS_seg.nii.gz,0.5,False,1,0,0,0,1,,0.0,2041.7353324154383,post
r7,external_test,D2-062_T2FS,D2-062,T2FS,/Users/sg2162/Library/CloudStorage/OneDrive-UniversityofCambridge/backup/project/PanCIA/analysis/a05_outcome_prediction/reasoning_model_comparison/r7/reasoned_probability_maps/D2-062_T2FS_endometrioma.nii.gz,/Users/sg2162/Datasets/CancerDatasets/Endometriosis/EndoMRI_All/labels/D2-062_T2FS_seg.nii.gz,0.5,False,0,0,0,0,0,,,0.0,post
r7,external_test,D2-054_T2FS,D2-054,T2FS,/Users/sg2162/Library/CloudStorage/OneDrive-UniversityofCambridge/backup/project/PanCIA/analysis/a05_outcome_prediction/reasoning_model_comparison/r7/reasoned_probability_maps/D2-054_T2FS_endometrioma.nii.gz,/Users/sg2162/Datasets/CancerDatasets/Endometriosis/EndoMRI_All/labels/D2-054_T2FS_seg.nii.gz,0.5,True,0,1,0,1,0,0.0,,0.0,post
r7,external_test,D2-053_T2,D2-053,T2,/Users/sg2162/Library/CloudStorage/OneDrive-UniversityofCambridge/backup/project/PanCIA/analysis/a05_outcome_prediction/reasoning_model_comparison/r7/reasoned_probability_maps/D2-053_T2_endometrioma.nii.gz,/Users/sg2162/Datasets/CancerDatasets/Endometriosis/EndoMRI_All/labels/D2-053_T2_seg.nii.gz,0.5,False,0,0,0,0,0,,,0.0,post
r7,external_test,D2-053_T2FS,D2-053,T2FS,/Users/sg2162/Library/CloudStorage/OneDrive-UniversityofCambridge/backup/project/PanCIA/analysis/a05_outcome_prediction/reasoning_model_comparison/r7/reasoned_probability_maps/D2-053_T2FS_endometrioma.nii.gz,/Users/sg2162/Datasets/CancerDatasets/Endometriosis/EndoMRI_All/labels/D2-053_T2FS_seg.nii.gz,0.5,False,0,0,0,0,0,,,0.0,post
r7,external_test,D2-038_T2FS,D2-038,T2FS,/Users/sg2162/Library/CloudStorage/OneDrive-UniversityofCambridge/backup/project/PanCIA/analysis/a05_outcome_prediction/reasoning_model_comparison/r7/reasoned_probability_maps/D2-038_T2FS_endometrioma.nii.gz,/Users/sg2162/Datasets/CancerDatasets/Endometriosis/EndoMRI_All/labels/D2-038_T2FS_seg.nii.gz,0.5,False,0,0,0,0,0,,,0.0,post
r7,external_test,D2-007_T2,D2-007,T2,/Users/sg2162/Library/CloudStorage/OneDrive-UniversityofCambridge/backup/project/PanCIA/analysis/a05_outcome_prediction/reasoning_model_comparison/r7/reasoned_probability_maps/D2-007_T2_endometrioma.nii.gz,/Users/sg2162/Datasets/CancerDatasets/Endometriosis/EndoMRI_All/labels/D2-007_T2_seg.nii.gz,0.5,False,0,0,0,0,0,,,0.0,post
r7,external_test,D2-007_T2FS,D2-007,T2FS,/Users/sg2162/Library/CloudStorage/OneDrive-UniversityofCambridge/backup/project/PanCIA/analysis/a05_outcome_prediction/reasoning_model_comparison/r7/reasoned_probability_maps/D2-007_T2FS_endometrioma.nii.gz,/Users/sg2162/Datasets/CancerDatasets/Endometriosis/EndoMRI_All/labels/D2-007_T2FS_seg.nii.gz,0.5,False,0,0,0,0,0,,,0.0,post
r7,external_test,D2-000_T2FS,D2-000,T2FS,/Users/sg2162/Library/CloudStorage/OneDrive-UniversityofCambridge/backup/project/PanCIA/analysis/a05_outcome_prediction/reasoning_model_comparison/r7/reasoned_probability_maps/D2-000_T2FS_endometrioma.nii.gz,/Users/sg2162/Datasets/CancerDatasets/Endometriosis/EndoMRI_All/labels/D2-000_T2FS_seg.nii.gz,0.5,False,0,0,0,0,0,,,0.0,post
r7,external_test,D2-000_T2,D2-000,T2,/Users/sg2162/Library/CloudStorage/OneDrive-UniversityofCambridge/backup/project/PanCIA/analysis/a05_outcome_prediction/reasoning_model_comparison/r7/reasoned_probability_maps/D2-000_T2_endometrioma.nii.gz,/Users/sg2162/Datasets/CancerDatasets/Endometriosis/EndoMRI_All/labels/D2-000_T2_seg.nii.gz,0.5,False,0,0,0,0,0,,,0.0,post
r7,external_test,D2-009_T2FS,D2-009,T2FS,/Users/sg2162/Library/CloudStorage/OneDrive-UniversityofCambridge/backup/project/PanCIA/analysis/a05_outcome_prediction/reasoning_model_comparison/r7/reasoned_probability_maps/D2-009_T2FS_endometrioma.nii.gz,/Users/sg2162/Datasets/CancerDatasets/Endometriosis/EndoMRI_All/labels/D2-009_T2FS_seg.nii.gz,0.5,True,0,1,0,1,0,0.0,,0.0,post
r7,external_test,D2-009_T2,D2-009,T2,/Users/sg2162/Library/CloudStorage/OneDrive-UniversityofCambridge/backup/project/PanCIA/analysis/a05_outcome_prediction/reasoning_model_comparison/r7/reasoned_probability_maps/D2-009_T2_endometrioma.nii.gz,/Users/sg2162/Datasets/CancerDatasets/Endometriosis/EndoMRI_All/labels/D2-009_T2_seg.nii.gz,0.5,True,0,1,0,1,0,0.0,,0.0,post
r7,external_test,D2-052_T2FS,D2-052,T2FS,/Users/sg2162/Library/CloudStorage/OneDrive-UniversityofCambridge/backup/project/PanCIA/analysis/a05_outcome_prediction/reasoning_model_comparison/r7/reasoned_probability_maps/D2-052_T2FS_endometrioma.nii.gz,/Users/sg2162/Datasets/CancerDatasets/Endometriosis/EndoMRI_All/labels/D2-052_T2FS_seg.nii.gz,0.5,False,1,0,0,0,1,,0.0,5114.238040572613,post
r7,external_test,D2-052_T2,D2-052,T2,/Users/sg2162/Library/CloudStorage/OneDrive-UniversityofCambridge/backup/project/PanCIA/analysis/a05_outcome_prediction/reasoning_model_comparison/r7/reasoned_probability_maps/D2-052_T2_endometrioma.nii.gz,/Users/sg2162/Datasets/CancerDatasets/Endometriosis/EndoMRI_All/labels/D2-052_T2_seg.nii.gz,0.5,False,0,0,0,0,0,,,0.0,post
r7,external_test,D2-055_T2FS,D2-055,T2FS,/Users/sg2162/Library/CloudStorage/OneDrive-UniversityofCambridge/backup/project/PanCIA/analysis/a05_outcome_prediction/reasoning_model_comparison/r7/reasoned_probability_maps/D2-055_T2FS_endometrioma.nii.gz,/Users/sg2162/Datasets/CancerDatasets/Endometriosis/EndoMRI_All/labels/D2-055_T2FS_seg.nii.gz,0.5,False,1,0,0,0,1,,0.0,1234.13100676023,post
r7,external_test,D2-064_T2FS,D2-064,T2FS,/Users/sg2162/Library/CloudStorage/OneDrive-UniversityofCambridge/backup/project/PanCIA/analysis/a05_outcome_prediction/reasoning_model_comparison/r7/reasoned_probability_maps/D2-064_T2FS_endometrioma.nii.gz,/Users/sg2162/Datasets/CancerDatasets/Endometriosis/EndoMRI_All/labels/D2-064_T2FS_seg.nii.gz,0.5,False,0,0,0,0,0,,,0.0,post
r7,external_test,D2-008_T2FS,D2-008,T2FS,/Users/sg2162/Library/CloudStorage/OneDrive-UniversityofCambridge/backup/project/PanCIA/analysis/a05_outcome_prediction/reasoning_model_comparison/r7/reasoned_probability_maps/D2-008_T2FS_endometrioma.nii.gz,/Users/sg2162/Datasets/CancerDatasets/Endometriosis/EndoMRI_All/labels/D2-008_T2FS_seg.nii.gz,0.5,False,0,0,0,0,0,,,0.0,post
r7,external_test,D2-001_T2FS,D2-001,T2FS,/Users/sg2162/Library/CloudStorage/OneDrive-UniversityofCambridge/backup/project/PanCIA/analysis/a05_outcome_prediction/reasoning_model_comparison/r7/reasoned_probability_maps/D2-001_T2FS_endometrioma.nii.gz,/Users/sg2162/Datasets/CancerDatasets/Endometriosis/EndoMRI_All/labels/D2-001_T2FS_seg.nii.gz,0.5,False,0,0,0,0,0,,,0.0,post
r7,external_test,D2-039_T2FS,D2-039,T2FS,/Users/sg2162/Library/CloudStorage/OneDrive-UniversityofCambridge/backup/project/PanCIA/analysis/a05_outcome_prediction/reasoning_model_comparison/r7/reasoned_probability_maps/D2-039_T2FS_endometrioma.nii.gz,/Users/sg2162/Datasets/CancerDatasets/Endometriosis/EndoMRI_All/labels/D2-039_T2FS_seg.nii.gz,0.5,False,1,0,0,0,1,,0.0,4702.148989596769,post
r7,external_test,D2-006_T2FS,D2-006,T2FS,/Users/sg2162/Library/CloudStorage/OneDrive-UniversityofCambridge/backup/project/PanCIA/analysis/a05_outcome_prediction/reasoning_model_comparison/r7/reasoned_probability_maps/D2-006_T2FS_endometrioma.nii.gz,/Users/sg2162/Datasets/CancerDatasets/Endometriosis/EndoMRI_All/labels/D2-006_T2FS_seg.nii.gz,0.5,False,0,0,0,0,0,,,0.0,post
r7,external_test,D2-042_T2FS,D2-042,T2FS,/Users/sg2162/Library/CloudStorage/OneDrive-UniversityofCambridge/backup/project/PanCIA/analysis/a05_outcome_prediction/reasoning_model_comparison/r7/reasoned_probability_maps/D2-042_T2FS_endometrioma.nii.gz,/Users/sg2162/Datasets/CancerDatasets/Endometriosis/EndoMRI_All/labels/D2-042_T2FS_seg.nii.gz,0.5,False,0,0,0,0,0,,,0.0,post
r7,external_test,D2-042_T2,D2-042,T2,/Users/sg2162/Library/CloudStorage/OneDrive-UniversityofCambridge/backup/project/PanCIA/analysis/a05_outcome_prediction/reasoning_model_comparison/r7/reasoned_probability_maps/D2-042_T2_endometrioma.nii.gz,/Users/sg2162/Datasets/CancerDatasets/Endometriosis/EndoMRI_All/labels/D2-042_T2_seg.nii.gz,0.5,False,0,0,0,0,0,,,0.0,post
r7,external_test,D2-045_T2FS,D2-045,T2FS,/Users/sg2162/Library/CloudStorage/OneDrive-UniversityofCambridge/backup/project/PanCIA/analysis/a05_outcome_prediction/reasoning_model_comparison/r7/reasoned_probability_maps/D2-045_T2FS_endometrioma.nii.gz,/Users/sg2162/Datasets/CancerDatasets/Endometriosis/EndoMRI_All/labels/D2-045_T2FS_seg.nii.gz,0.5,False,0,0,0,0,0,,,0.0,post
r7,external_test,D2-073_T2FS,D2-073,T2FS,/Users/sg2162/Library/CloudStorage/OneDrive-UniversityofCambridge/backup/project/PanCIA/analysis/a05_outcome_prediction/reasoning_model_comparison/r7/reasoned_probability_maps/D2-073_T2FS_endometrioma.nii.gz,/Users/sg2162/Datasets/CancerDatasets/Endometriosis/EndoMRI_All/labels/D2-073_T2FS_seg.nii.gz,0.5,False,1,0,0,0,1,,0.0,2101.9586843516245,post
r7,external_test,D2-080_T2FS,D2-080,T2FS,/Users/sg2162/Library/CloudStorage/OneDrive-UniversityofCambridge/backup/project/PanCIA/analysis/a05_outcome_prediction/reasoning_model_comparison/r7/reasoned_probability_maps/D2-080_T2FS_endometrioma.nii.gz,/Users/sg2162/Datasets/CancerDatasets/Endometriosis/EndoMRI_All/labels/D2-080_T2FS_seg.nii.gz,0.5,False,0,0,0,0,0,,,0.0,post
r7,external_test,D2-074_T2FS,D2-074,T2FS,/Users/sg2162/Library/CloudStorage/OneDrive-UniversityofCambridge/backup/project/PanCIA/analysis/a05_outcome_prediction/reasoning_model_comparison/r7/reasoned_probability_maps/D2-074_T2FS_endometrioma.nii.gz,/Users/sg2162/Datasets/CancerDatasets/Endometriosis/EndoMRI_All/labels/D2-074_T2FS_seg.nii.gz,0.5,False,0,0,0,0,0,,,0.0,post
r7,external_test,D2-020_T2FS,D2-020,T2FS,/Users/sg2162/Library/CloudStorage/OneDrive-UniversityofCambridge/backup/project/PanCIA/analysis/a05_outcome_prediction/reasoning_model_comparison/r7/reasoned_probability_maps/D2-020_T2FS_endometrioma.nii.gz,/Users/sg2162/Datasets/CancerDatasets/Endometriosis/EndoMRI_All/labels/D2-020_T2FS_seg.nii.gz,0.5,False,0,0,0,0,0,,,0.0,post
r7,external_test,D2-027_T2FS,D2-027,T2FS,/Users/sg2162/Library/CloudStorage/OneDrive-UniversityofCambridge/backup/project/PanCIA/analysis/a05_outcome_prediction/reasoning_model_comparison/r7/reasoned_probability_maps/D2-027_T2FS_endometrioma.nii.gz,/Users/sg2162/Datasets/CancerDatasets/Endometriosis/EndoMRI_All/labels/D2-027_T2FS_seg.nii.gz,0.5,False,0,0,0,0,0,,,0.0,post
r7,external_test,D2-018_T2FS,D2-018,T2FS,/Users/sg2162/Library/CloudStorage/OneDrive-UniversityofCambridge/backup/project/PanCIA/analysis/a05_outcome_prediction/reasoning_model_comparison/r7/reasoned_probability_maps/D2-018_T2FS_endometrioma.nii.gz,/Users/sg2162/Datasets/CancerDatasets/Endometriosis/EndoMRI_All/labels/D2-018_T2FS_seg.nii.gz,0.5,False,0,0,0,0,0,,,0.0,post
r7,external_test,D2-011_T2FS,D2-011,T2FS,/Users/sg2162/Library/CloudStorage/OneDrive-UniversityofCambridge/backup/project/PanCIA/analysis/a05_outcome_prediction/reasoning_model_comparison/r7/reasoned_probability_maps/D2-011_T2FS_endometrioma.nii.gz,/Users/sg2162/Datasets/CancerDatasets/Endometriosis/EndoMRI_All/labels/D2-011_T2FS_seg.nii.gz,0.5,False,0,0,0,0,0,,,0.0,post
r7,external_test,D2-016_T2FS,D2-016,T2FS,/Users/sg2162/Library/CloudStorage/OneDrive-UniversityofCambridge/backup/project/PanCIA/analysis/a05_outcome_prediction/reasoning_model_comparison/r7/reasoned_probability_maps/D2-016_T2FS_endometrioma.nii.gz,/Users/sg2162/Datasets/CancerDatasets/Endometriosis/EndoMRI_All/labels/D2-016_T2FS_seg.nii.gz,0.5,False,0,0,0,0,0,,,0.0,post
r7,external_test,D2-029_T2FS,D2-029,T2FS,/Users/sg2162/Library/CloudStorage/OneDrive-UniversityofCambridge/backup/project/PanCIA/analysis/a05_outcome_prediction/reasoning_model_comparison/r7/reasoned_probability_maps/D2-029_T2FS_endometrioma.nii.gz,/Users/sg2162/Datasets/CancerDatasets/Endometriosis/EndoMRI_All/labels/D2-029_T2FS_seg.nii.gz,0.5,False,0,0,0,0,0,,,0.0,post
r7,external_test,D2-075_T2FS,D2-075,T2FS,/Users/sg2162/Library/CloudStorage/OneDrive-UniversityofCambridge/backup/project/PanCIA/analysis/a05_outcome_prediction/reasoning_model_comparison/r7/reasoned_probability_maps/D2-075_T2FS_endometrioma.nii.gz,/Users/sg2162/Datasets/CancerDatasets/Endometriosis/EndoMRI_All/labels/D2-075_T2FS_seg.nii.gz,0.5,False,0,0,0,0,0,,,0.0,post
r7,external_test,D2-072_T2FS,D2-072,T2FS,/Users/sg2162/Library/CloudStorage/OneDrive-UniversityofCambridge/backup/project/PanCIA/analysis/a05_outcome_prediction/reasoning_model_comparison/r7/reasoned_probability_maps/D2-072_T2FS_endometrioma.nii.gz,/Users/sg2162/Datasets/CancerDatasets/Endometriosis/EndoMRI_All/labels/D2-072_T2FS_seg.nii.gz,0.5,True,1,1,0,1,1,0.0,0.0,43366.69692170371,post
r7,external_test,D2-044_T2FS,D2-044,T2FS,/Users/sg2162/Library/CloudStorage/OneDrive-UniversityofCambridge/backup/project/PanCIA/analysis/a05_outcome_prediction/reasoning_model_comparison/r7/reasoned_probability_maps/D2-044_T2FS_endometrioma.nii.gz,/Users/sg2162/Datasets/CancerDatasets/Endometriosis/EndoMRI_All/labels/D2-044_T2FS_seg.nii.gz,0.5,False,0,0,0,0,0,,,0.0,post
r7,external_test,D2-043_T2FS,D2-043,T2FS,/Users/sg2162/Library/CloudStorage/OneDrive-UniversityofCambridge/backup/project/PanCIA/analysis/a05_outcome_prediction/reasoning_model_comparison/r7/reasoned_probability_maps/D2-043_T2FS_endometrioma.nii.gz,/Users/sg2162/Datasets/CancerDatasets/Endometriosis/EndoMRI_All/labels/D2-043_T2FS_seg.nii.gz,0.5,False,0,0,0,0,0,,,0.0,post
r7,external_test,D2-043_T2,D2-043,T2,/Users/sg2162/Library/CloudStorage/OneDrive-UniversityofCambridge/backup/project/PanCIA/analysis/a05_outcome_prediction/reasoning_model_comparison/r7/reasoned_probability_maps/D2-043_T2_endometrioma.nii.gz,/Users/sg2162/Datasets/CancerDatasets/Endometriosis/EndoMRI_All/labels/D2-043_T2_seg.nii.gz,0.5,False,0,0,0,0,0,,,0.0,post
r7,external_test,D2-017_T2FS,D2-017,T2FS,/Users/sg2162/Library/CloudStorage/OneDrive-UniversityofCambridge/backup/project/PanCIA/analysis/a05_outcome_prediction/reasoning_model_comparison/r7/reasoned_probability_maps/D2-017_T2FS_endometrioma.nii.gz,/Users/sg2162/Datasets/CancerDatasets/Endometriosis/EndoMRI_All/labels/D2-017_T2FS_seg.nii.gz,0.5,False,0,0,0,0,0,,,0.0,post
r7,external_test,D2-028_T2FS,D2-028,T2FS,/Users/sg2162/Library/CloudStorage/OneDrive-UniversityofCambridge/backup/project/PanCIA/analysis/a05_outcome_prediction/reasoning_model_comparison/r7/reasoned_probability_maps/D2-028_T2FS_endometrioma.nii.gz,/Users/sg2162/Datasets/CancerDatasets/Endometriosis/EndoMRI_All/labels/D2-028_T2FS_seg.nii.gz,0.5,False,1,0,0,0,1,,0.0,2284.4010761675577,post
r7,external_test,D2-010_T2FS,D2-010,T2FS,/Users/sg2162/Library/CloudStorage/OneDrive-UniversityofCambridge/backup/project/PanCIA/analysis/a05_outcome_prediction/reasoning_model_comparison/r7/reasoned_probability_maps/D2-010_T2FS_endometrioma.nii.gz,/Users/sg2162/Datasets/CancerDatasets/Endometriosis/EndoMRI_All/labels/D2-010_T2FS_seg.nii.gz,0.5,False,0,0,0,0,0,,,0.0,post
r7,external_test,D2-026_T2FS,D2-026,T2FS,/Users/sg2162/Library/CloudStorage/OneDrive-UniversityofCambridge/backup/project/PanCIA/analysis/a05_outcome_prediction/reasoning_model_comparison/r7/reasoned_probability_maps/D2-026_T2FS_endometrioma.nii.gz,/Users/sg2162/Datasets/CancerDatasets/Endometriosis/EndoMRI_All/labels/D2-026_T2FS_seg.nii.gz,0.5,False,1,0,0,0,1,,0.0,69031.29629509519,post
r7,external_test,D2-019_T2FS,D2-019,T2FS,/Users/sg2162/Library/CloudStorage/OneDrive-UniversityofCambridge/backup/project/PanCIA/analysis/a05_outcome_prediction/reasoning_model_comparison/r7/reasoned_probability_maps/D2-019_T2FS_endometrioma.nii.gz,/Users/sg2162/Datasets/CancerDatasets/Endometriosis/EndoMRI_All/labels/D2-019_T2FS_seg.nii.gz,0.5,False,0,0,0,0,0,,,0.0,post
r7,external_test,D2-021_T2FS,D2-021,T2FS,/Users/sg2162/Library/CloudStorage/OneDrive-UniversityofCambridge/backup/project/PanCIA/analysis/a05_outcome_prediction/reasoning_model_comparison/r7/reasoned_probability_maps/D2-021_T2FS_endometrioma.nii.gz,/Users/sg2162/Datasets/CancerDatasets/Endometriosis/EndoMRI_All/labels/D2-021_T2FS_seg.nii.gz,0.5,False,1,0,0,0,1,,0.0,14133.15973954785,post
r7,external_test,D2-003_T2,D2-003,T2,/Users/sg2162/Library/CloudStorage/OneDrive-UniversityofCambridge/backup/project/PanCIA/analysis/a05_outcome_prediction/reasoning_model_comparison/r7/reasoned_probability_maps/D2-003_T2_endometrioma.nii.gz,/Users/sg2162/Datasets/CancerDatasets/Endometriosis/EndoMRI_All/labels/D2-003_T2_seg.nii.gz,0.5,False,1,0,0,0,1,,0.0,7963.326175561845,post
r7,external_test,D2-003_T2FS,D2-003,T2FS,/Users/sg2162/Library/CloudStorage/OneDrive-UniversityofCambridge/backup/project/PanCIA/analysis/a05_outcome_prediction/reasoning_model_comparison/r7/reasoned_probability_maps/D2-003_T2FS_endometrioma.nii.gz,/Users/sg2162/Datasets/CancerDatasets/Endometriosis/EndoMRI_All/labels/D2-003_T2FS_seg.nii.gz,0.5,False,0,0,0,0,0,,,0.0,post
r7,external_test,D2-004_T2FS,D2-004,T2FS,/Users/sg2162/Library/CloudStorage/OneDrive-UniversityofCambridge/backup/project/PanCIA/analysis/a05_outcome_prediction/reasoning_model_comparison/r7/reasoned_probability_maps/D2-004_T2FS_endometrioma.nii.gz,/Users/sg2162/Datasets/CancerDatasets/Endometriosis/EndoMRI_All/labels/D2-004_T2FS_seg.nii.gz,0.5,False,0,0,0,0,0,,,0.0,post
r7,external_test,D2-061_T2FS,D2-061,T2FS,/Users/sg2162/Library/CloudStorage/OneDrive-UniversityofCambridge/backup/project/PanCIA/analysis/a05_outcome_prediction/reasoning_model_comparison/r7/reasoned_probability_maps/D2-061_T2FS_endometrioma.nii.gz,/Users/sg2162/Datasets/CancerDatasets/Endometriosis/EndoMRI_All/labels/D2-061_T2FS_seg.nii.gz,0.5,False,0,0,0,0,0,,,0.0,post
r7,external_test,D2-066_T2FS,D2-066,T2FS,/Users/sg2162/Library/CloudStorage/OneDrive-UniversityofCambridge/backup/project/PanCIA/analysis/a05_outcome_prediction/reasoning_model_comparison/r7/reasoned_probability_maps/D2-066_T2FS_endometrioma.nii.gz,/Users/sg2162/Datasets/CancerDatasets/Endometriosis/EndoMRI_All/labels/D2-066_T2FS_seg.nii.gz,0.5,False,0,0,0,0,0,,,0.0,post
r7,external_test,D2-059_T2FS,D2-059,T2FS,/Users/sg2162/Library/CloudStorage/OneDrive-UniversityofCambridge/backup/project/PanCIA/analysis/a05_outcome_prediction/reasoning_model_comparison/r7/reasoned_probability_maps/D2-059_T2FS_endometrioma.nii.gz,/Users/sg2162/Datasets/CancerDatasets/Endometriosis/EndoMRI_All/labels/D2-059_T2FS_seg.nii.gz,0.5,False,0,0,0,0,0,,,0.0,post
r7,external_test,D2-050_T2FS,D2-050,T2FS,/Users/sg2162/Library/CloudStorage/OneDrive-UniversityofCambridge/backup/project/PanCIA/analysis/a05_outcome_prediction/reasoning_model_comparison/r7/reasoned_probability_maps/D2-050_T2FS_endometrioma.nii.gz,/Users/sg2162/Datasets/CancerDatasets/Endometriosis/EndoMRI_All/labels/D2-050_T2FS_seg.nii.gz,0.5,False,0,0,0,0,0,,,0.0,post
r7,external_test,D2-057_T2FS,D2-057,T2FS,/Users/sg2162/Library/CloudStorage/OneDrive-UniversityofCambridge/backup/project/PanCIA/analysis/a05_outcome_prediction/reasoning_model_comparison/r7/reasoned_probability_maps/D2-057_T2FS_endometrioma.nii.gz,/Users/sg2162/Datasets/CancerDatasets/Endometriosis/EndoMRI_All/labels/D2-057_T2FS_seg.nii.gz,0.5,False,1,0,0,0,1,,0.0,217628.7418515169,post
r7,external_test,D2-005_T2FS,D2-005,T2FS,/Users/sg2162/Library/CloudStorage/OneDrive-UniversityofCambridge/backup/project/PanCIA/analysis/a05_outcome_prediction/reasoning_model_comparison/r7/reasoned_probability_maps/D2-005_T2FS_endometrioma.nii.gz,/Users/sg2162/Datasets/CancerDatasets/Endometriosis/EndoMRI_All/labels/D2-005_T2FS_seg.nii.gz,0.5,False,0,0,0,0,0,,,0.0,post
r7,external_test,D2-002_T2,D2-002,T2,/Users/sg2162/Library/CloudStorage/OneDrive-UniversityofCambridge/backup/project/PanCIA/analysis/a05_outcome_prediction/reasoning_model_comparison/r7/reasoned_probability_maps/D2-002_T2_endometrioma.nii.gz,/Users/sg2162/Datasets/CancerDatasets/Endometriosis/EndoMRI_All/labels/D2-002_T2_seg.nii.gz,0.5,False,0,0,0,0,0,,,0.0,post
r7,external_test,D2-002_T2FS,D2-002,T2FS,/Users/sg2162/Library/CloudStorage/OneDrive-UniversityofCambridge/backup/project/PanCIA/analysis/a05_outcome_prediction/reasoning_model_comparison/r7/reasoned_probability_maps/D2-002_T2FS_endometrioma.nii.gz,/Users/sg2162/Datasets/CancerDatasets/Endometriosis/EndoMRI_All/labels/D2-002_T2FS_seg.nii.gz,0.5,False,0,0,0,0,0,,,0.0,post
r7,external_test,D2-056_T2FS,D2-056,T2FS,/Users/sg2162/Library/CloudStorage/OneDrive-UniversityofCambridge/backup/project/PanCIA/analysis/a05_outcome_prediction/reasoning_model_comparison/r7/reasoned_probability_maps/D2-056_T2FS_endometrioma.nii.gz,/Users/sg2162/Datasets/CancerDatasets/Endometriosis/EndoMRI_All/labels/D2-056_T2FS_seg.nii.gz,0.5,False,1,0,0,0,1,,0.0,10532.23047886647,post
r7,external_test,D2-056_T2,D2-056,T2,/Users/sg2162/Library/CloudStorage/OneDrive-UniversityofCambridge/backup/project/PanCIA/analysis/a05_outcome_prediction/reasoning_model_comparison/r7/reasoned_probability_maps/D2-056_T2_endometrioma.nii.gz,/Users/sg2162/Datasets/CancerDatasets/Endometriosis/EndoMRI_All/labels/D2-056_T2_seg.nii.gz,0.5,False,0,0,0,0,0,,,0.0,post
r7,external_test,D2-051_T2FS,D2-051,T2FS,/Users/sg2162/Library/CloudStorage/OneDrive-UniversityofCambridge/backup/project/PanCIA/analysis/a05_outcome_prediction/reasoning_model_comparison/r7/reasoned_probability_maps/D2-051_T2FS_endometrioma.nii.gz,/Users/sg2162/Datasets/CancerDatasets/Endometriosis/EndoMRI_All/labels/D2-051_T2FS_seg.nii.gz,0.5,False,1,0,0,0,1,,0.0,42953.49440129864,post
r7,external_test,D2-051_T2,D2-051,T2,/Users/sg2162/Library/CloudStorage/OneDrive-UniversityofCambridge/backup/project/PanCIA/analysis/a05_outcome_prediction/reasoning_model_comparison/r7/reasoned_probability_maps/D2-051_T2_endometrioma.nii.gz,/Users/sg2162/Datasets/CancerDatasets/Endometriosis/EndoMRI_All/labels/D2-051_T2_seg.nii.gz,0.5,False,0,0,0,0,0,,,0.0,post
r7,external_test,D2-067_T2FS,D2-067,T2FS,/Users/sg2162/Library/CloudStorage/OneDrive-UniversityofCambridge/backup/project/PanCIA/analysis/a05_outcome_prediction/reasoning_model_comparison/r7/reasoned_probability_maps/D2-067_T2FS_endometrioma.nii.gz,/Users/sg2162/Datasets/CancerDatasets/Endometriosis/EndoMRI_All/labels/D2-067_T2FS_seg.nii.gz,0.5,False,1,0,0,0,1,,0.0,11978.759783944397,post
r7,external_test,D2-058_T2,D2-058,T2,/Users/sg2162/Library/CloudStorage/OneDrive-UniversityofCambridge/backup/project/PanCIA/analysis/a05_outcome_prediction/reasoning_model_comparison/r7/reasoned_probability_maps/D2-058_T2_endometrioma.nii.gz,/Users/sg2162/Datasets/CancerDatasets/Endometriosis/EndoMRI_All/labels/D2-058_T2_seg.nii.gz,0.5,False,1,0,0,0,1,,0.0,1567.5619301806505,post
r7,external_test,D2-058_T2FS,D2-058,T2FS,/Users/sg2162/Library/CloudStorage/OneDrive-UniversityofCambridge/backup/project/PanCIA/analysis/a05_outcome_prediction/reasoning_model_comparison/r7/reasoned_probability_maps/D2-058_T2FS_endometrioma.nii.gz,/Users/sg2162/Datasets/CancerDatasets/Endometriosis/EndoMRI_All/labels/D2-058_T2FS_seg.nii.gz,0.5,False,0,0,0,0,0,,,0.0,post
r7,external_test,D2-060_T2FS,D2-060,T2FS,/Users/sg2162/Library/CloudStorage/OneDrive-UniversityofCambridge/backup/project/PanCIA/analysis/a05_outcome_prediction/reasoning_model_comparison/r7/reasoned_probability_maps/D2-060_T2FS_endometrioma.nii.gz,/Users/sg2162/Datasets/CancerDatasets/Endometriosis/EndoMRI_All/labels/D2-060_T2FS_seg.nii.gz,0.5,False,0,0,0,0,0,,,0.0,post
r7,external_test,D2-060_T2,D2-060,T2,/Users/sg2162/Library/CloudStorage/OneDrive-UniversityofCambridge/backup/project/PanCIA/analysis/a05_outcome_prediction/reasoning_model_comparison/r7/reasoned_probability_maps/D2-060_T2_endometrioma.nii.gz,/Users/sg2162/Datasets/CancerDatasets/Endometriosis/EndoMRI_All/labels/D2-060_T2_seg.nii.gz,0.5,False,0,0,0,0,0,,,0.0,post
