{
    "GeneProgrames": {
        "BiomedParse": {
            "Pyradiomics": {
                "None": {
                    "ElasticNet": {
                        "ai1": 0.11334833236708046,
                        "lst1": 0.007273000310356844,
                        "hrd-loh": 0.959470911887393,
                        "HRD": 0.19452100389314445
                    }
                }
            },
            "BiomedParse": {
                "Mean": {
                    "ElasticNet": {
                        "ai1": 0.0034744001466557274,
                        "lst1": 0.006666340034365004,
                        "hrd-loh": 0.07753617898146421,
                        "HRD": 0.0008402407002777299
                    }
                }
            },
            "LVMMed": {
                "Mean": {
                    "ElasticNet": {
                        "ai1": 0.012136171369935328,
                        "lst1": 0.003847387820217855,
                        "hrd-loh": 0.14241133225314617,
                        "HRD": 0.02527242475920772
                    }
                }
            }
        },
        "None": {
            "UNI": {
                "Mean": {
                    "ElasticNet": {
                        "ai1": 3.4394212332287266e-09,
                        "lst1": 7.227360544154731e-05,
                        "hrd-loh": 3.0328536348219074e-05,
                        "HRD": 1.970869895848903e-05
                    }
                }
            }
        },
        "BiomedParse+None": {
            "Pyradiomics+UNI": {
                "None+Mean": {
                    "ElasticNet": {
                        "ai1": 5.1920056565892166e-08,
                        "lst1": 0.0003706447045620661,
                        "hrd-loh": 3.332556916975066e-05,
                        "HRD": 4.354951238130369e-05
                    }
                }
            },
            "BiomedParse+UNI": {
                "Mean+Mean": {
                    "ElasticNet": {
                        "ai1": 2.065007302259827e-05,
                        "lst1": 0.00020499398603328358,
                        "hrd-loh": 0.00043224542001263084,
                        "HRD": 7.627018431435754e-06
                    }
                }
            },
            "LVMMed+UNI": {
                "Mean+Mean": {
                    "ElasticNet": {
                        "ai1": 1.1543496935860198e-08,
                        "lst1": 3.2363773650231045e-05,
                        "hrd-loh": 1.2966826273724988e-06,
                        "HRD": 2.540225555400293e-06
                    }
                }
            }
        }
    }
}