{
    "OS": {
        "BiomedParse": {
            "Pyradiomics": {
                "None": {
                    "Coxnet": {
                        "Fold 0": {
                            "C-index": 0.5588640060052545,
                            "C-index-IPCW": 0.5095435663388795,
                            "Mean AUC": 0.5594925131774032,
                            "IBS": 0.17979067568534973
                        },
                        "Fold 1": {
                            "C-index": 0.5803473824851209,
                            "C-index-IPCW": 0.6048329966076854,
                            "Mean AUC": 0.5804257592658711,
                            "IBS": 0.220518074057532
                        },
                        "Fold 2": {
                            "C-index": 0.6072575847709697,
                            "C-index-IPCW": 0.5642083068251101,
                            "Mean AUC": 0.6117844841003206,
                            "IBS": 0.2012418737609966
                        },
                        "Fold 3": {
                            "C-index": 0.5857831325301205,
                            "C-index-IPCW": 0.5619574877635002,
                            "Mean AUC": 0.5727961858708547,
                            "IBS": 0.19617188496443225
                        },
                        "Fold 4": {
                            "C-index": 0.615456022278951,
                            "C-index-IPCW": 0.6505621753065663,
                            "Mean AUC": 0.6221361766854158,
                            "IBS": 0.2037440265954532
                        }
                    }
                }
            },
            "BiomedParse": {
                "Mean": {
                    "Coxnet": {
                        "Fold 0": {
                            "C-index": 0.5873889653446766,
                            "C-index-IPCW": 0.6154149399978988,
                            "Mean AUC": 0.5806489682634243,
                            "IBS": 0.18925135172386603
                        },
                        "Fold 1": {
                            "C-index": 0.6090125106279607,
                            "C-index-IPCW": 0.6018158134475138,
                            "Mean AUC": 0.6256839150480562,
                            "IBS": 0.21790763202561853
                        },
                        "Fold 2": {
                            "C-index": 0.5876264128494944,
                            "C-index-IPCW": 0.5701294580997327,
                            "Mean AUC": 0.6032288000470463,
                            "IBS": 0.20774969928502543
                        },
                        "Fold 3": {
                            "C-index": 0.5363855421686747,
                            "C-index-IPCW": 0.540883468903294,
                            "Mean AUC": 0.5403411741670089,
                            "IBS": 0.2037859798213877
                        },
                        "Fold 4": {
                            "C-index": 0.6342538872128104,
                            "C-index-IPCW": 0.6156998618625222,
                            "Mean AUC": 0.6566762859482907,
                            "IBS": 0.19841453137181342
                        }
                    }
                }
            },
            "LVMMed": {
                "Mean": {
                    "Coxnet": {
                        "Fold 0": {
                            "C-index": 0.6485674965594895,
                            "C-index-IPCW": 0.6475340428841174,
                            "Mean AUC": 0.6499727883809105,
                            "IBS": 0.1923049641133087
                        },
                        "Fold 1": {
                            "C-index": 0.6266245596987732,
                            "C-index-IPCW": 0.6503501105393312,
                            "Mean AUC": 0.6433928342140075,
                            "IBS": 0.2161761065152733
                        },
                        "Fold 2": {
                            "C-index": 0.5800118976799524,
                            "C-index-IPCW": 0.6468793469204495,
                            "Mean AUC": 0.6017906535320695,
                            "IBS": 0.21696284139230163
                        },
                        "Fold 3": {
                            "C-index": 0.6104819277108434,
                            "C-index-IPCW": 0.5888928548942581,
                            "Mean AUC": 0.6208208774869618,
                            "IBS": 0.20297839454920544
                        },
                        "Fold 4": {
                            "C-index": 0.646321652355535,
                            "C-index-IPCW": 0.6127632746842265,
                            "Mean AUC": 0.659552197205252,
                            "IBS": 0.2206603798319146
                        }
                    }
                }
            }
        },
        "None": {
            "UNI": {
                "Mean": {
                    "Coxnet": {
                        "Fold 0": {
                            "C-index": 0.6733391717753033,
                            "C-index-IPCW": 0.6014271215904895,
                            "Mean AUC": 0.6932190245857434,
                            "IBS": 0.17236893642773884
                        },
                        "Fold 1": {
                            "C-index": 0.699380541722337,
                            "C-index-IPCW": 0.6432975892369096,
                            "Mean AUC": 0.7325663692134521,
                            "IBS": 0.19707670731770185
                        },
                        "Fold 2": {
                            "C-index": 0.6505651397977394,
                            "C-index-IPCW": 0.6519873280111701,
                            "Mean AUC": 0.6917095442017281,
                            "IBS": 0.185843476732709
                        },
                        "Fold 3": {
                            "C-index": 0.6448192771084338,
                            "C-index-IPCW": 0.6931751351484738,
                            "Mean AUC": 0.6688301216614752,
                            "IBS": 0.18257404653025866
                        },
                        "Fold 4": {
                            "C-index": 0.6708052912508703,
                            "C-index-IPCW": 0.7044284850760815,
                            "Mean AUC": 0.6955782549709296,
                            "IBS": 0.19970596025877171
                        }
                    }
                }
            }
        },
        "BiomedParse+None": {
            "Pyradiomics+UNI": {
                "None+Mean": {
                    "Coxnet": {
                        "Fold 0": {
                            "C-index": 0.6824721631427499,
                            "C-index-IPCW": 0.6127131453778064,
                            "Mean AUC": 0.7061479865955105,
                            "IBS": 0.1720146609038951
                        },
                        "Fold 1": {
                            "C-index": 0.6792177820964411,
                            "C-index-IPCW": 0.6491346309463997,
                            "Mean AUC": 0.7104886071091219,
                            "IBS": 0.20244112893690805
                        },
                        "Fold 2": {
                            "C-index": 0.6655562165377751,
                            "C-index-IPCW": 0.6720097371539011,
                            "Mean AUC": 0.6959977164304418,
                            "IBS": 0.18223926917641384
                        },
                        "Fold 3": {
                            "C-index": 0.6769879518072289,
                            "C-index-IPCW": 0.7120226812842908,
                            "Mean AUC": 0.6918330596865605,
                            "IBS": 0.1780896133152503
                        },