{
    "ImmuneSignatureScore": {
        "BiomedParse": {
            "Pyradiomics": {
                "None": {
                    "ElasticNet": {
                        "MHC2_21978456": 0.010758806940577983,
                        "IgG_19272155": 0.019007496643456454,
                        "CD8_PCA_16704732": 0.002130616013843682,
                        "Module11_Prolif_score": 0.047475396306686186,
                        "CHANG_CORE_SERUM_RESPONSE_UP": 0.11139601775827705
                    }
                }
            },
            "BiomedParse": {
                "Mean": {
                    "ElasticNet": {
                        "Bcell_receptors_score": 2.9487163432926854e-06,
                        "IL4_score_21050467": 0.018030285568615453,
                        "IL13_score_21050467": 0.337969819053913,
                        "Tcell_receptors_score": 0.003831155376694031,
                        "CD103pos_mean_25446897": 1.0077037887244763e-08,
                        "IGG_Cluster_21214954": 4.359902017181719e-08,
                        "MCD3_CD8_21214954": 1.2545784832529661e-13,
                        "B_cell_PCA_16704732": 3.0294138236072054e-07,
                        "GRANS_PCA_16704732": 3.672111185932044e-10,
                        "T_cell_PCA_16704732": 0.028458508867928126,
                        "IR7_score": 0.014752109970562899,
                        "Module4_TcellBcell_score": 0.000142218459916423,
                        "Module11_Prolif_score": 0.01016782428752545,
                        "CHANG_CORE_SERUM_RESPONSE_UP": 0.0004967035667361668,
                        "CSR_Activated_15701700": 6.401246421438196e-07
                    }
                }
            },
            "LVMMed": {
                "Mean": {
                    "ElasticNet": {
                        "IL4_score_21050467": 0.1493582261950314,
                        "IL13_score_21050467": 0.10144937198219142,
                        "IL8_21978456": 1.525645064254858e-11,
                        "CD103pos_mean_25446897": 2.9157962786342865e-09,
                        "LCK_19272155": 0.00010161234255088867,
                        "MCD3_CD8_21214954": 1.4602595903474716e-10,
                        "GRANS_PCA_16704732": 3.817039668370058e-07,
                        "T_cell_PCA_16704732": 6.050789027776079e-05,
                        "Rotterdam_ERneg_PCA_15721472": 3.1311926825714457e-07,
                        "Buck14_score": 0.2459894829643176,
                        "Module4_TcellBcell_score": 3.55631528681473e-05,
                        "Module11_Prolif_score": 0.007803413770457359,
                        "CHANG_CORE_SERUM_RESPONSE_UP": 0.48352488165536056,
                        "CSR_Activated_15701700": 0.16102929657271636
                    }
                }
            }
        },
        "None": {
            "UNI": {
                "Mean": {
                    "ElasticNet": {
                        "CD8A": 8.926093014893097e-06,
                        "Bcell_mg_IGJ": 0.0013938953043735164,
                        "Bcell_receptors_score": 2.9591133021761416e-07,
                        "CSF1_response": 5.3501740401367815e-05,
                        "TREM1_data": 0.0012223228627728968,
                        "DAP12_data": 0.0010467950572459613,
                        "IL8_21978456": 1.5557029139352728e-10,
                        "MHC2_21978456": 6.549722880213074e-05,
                        "Tcell_21978456": 0.00015945996834855163,
                        "CD103pos_mean_25446897": 2.340767364224117e-11,
                        "LCK_19272155": 2.7819529520600926e-05,
                        "MHC.II_19272155": 0.00017737739028548976,
                        "MDACC.FNA.1_20805453": 0.012050345422203188,
                        "MCD3_CD8_21214954": 5.742788396460043e-10,
                        "GRANS_PCA_16704732": 3.9179139000598645e-10,
                        "Rotterdam_ERneg_PCA_15721472": 7.584735134657628e-08,
                        "Module4_TcellBcell_score": 9.754214273198638e-05,
                        "Module11_Prolif_score": 3.338783525882745e-05,
                        "GP2_ImmuneTcellBcell_score": 6.9785322039326335e-06,
                        "CD8_CD68_ratio": 5.733608044601664e-06,
                        "TAMsurr_TcClassII_ratio": 1.5259218787809027e-05,
                        "CHANG_CORE_SERUM_RESPONSE_UP": 2.2860866020795016e-06,
                        "CSR_Activated_15701700": 1.000554258803881e-08,
                        "CD103pos_CD103neg_ratio_25446897": 0.001792601987682286
                    }
                }
            }
        },
        "BiomedParse+None": {
            "Pyradiomics+UNI": {
                "None+Mean": {
                    "ElasticNet": {
                        "Bcell_mg_IGJ": 2.7578612120839228e-05,
                        "Bcell_receptors_score": 1.255927665231511e-09,
                        "CSF1_response": 0.0028663685285735233,
                        "TREM1_data": 0.0026741436529981832,
                        "DAP12_data": 0.0031344912208814335,
                        "IL8_21978456": 3.4736570707977645e-10,
                        "CD103pos_mean_25446897": 2.1048078859810855e-11,
                        "MCD3_CD8_21214954": 0.4013099234644464,
                        "GRANS_PCA_16704732": 5.681194083529382e-10,
                        "Rotterdam_ERneg_PCA_15721472": 9.822158722425188e-08,
                        "Module11_Prolif_score": 0.00018497997227457066,
                        "GP11_Immune_IFN": 0.0020076209360811634,
                        "TAMsurr_TcClassII_ratio": 0.0009436364608794436,
                        "CHANG_CORE_SERUM_RESPONSE_UP": 0.002011903647695167,
                        "CSR_Activated_15701700": 8.428181487487854e-05
                    }
                }
            },
            "BiomedParse+UNI": {
                "Mean+Mean": {
                    "ElasticNet": {
                        "NHI_5gene_score": 0.0534440231324477,
                        "Bcell_receptors_score": 2.6714529450423134e-07,
                        "CSF1_response": 6.324981275990563e-05,
                        "IL8_21978456": 9.897284552439443e-11,
                        "MHC2_21978456": 4.864704376699287e-05,
                        "CD103pos_mean_25446897": 2.3768296375667333e-12,
                        "MCD3_CD8_21214954": 1.0421493445562238e-09,
                        "GRANS_PCA_16704732": 9.076403664026642e-10,
                        "Rotterdam_ERneg_PCA_15721472": 4.7005291463289215e-07,
                        "Module11_Prolif_score": 3.9655504954384315e-05,
                        "CD8_CD68_ratio": 7.186734519702647e-06,
                        "TAMsurr_TcClassII_ratio": 1.9027342260121956e-05,
                        "CHANG_CORE_SERUM_RESPONSE_UP": 2.2860866020795016e-06,
                        "CSR_Activated_15701700": 1.000554258803881e-08,
                        "CD103pos_CD103neg_ratio_25446897": 0.000501797101173243
                    }
                }
            },
            "LVMMed+UNI": {
                "Mean+Mean": {
                    "ElasticNet": {
                        "LIexpression_score": 0.0003218577088359954,
                        "Bcell_receptors_score": 1.1387422842850962e-07,
                        "STAT1_score": 0.007270157951741605,
                        "CSF1_response": 3.728929576031637e-05,
                        "Tcell_receptors_score": 0.00019756485538921124,
                        "IL8_21978456": 3.287742336171389e-13,
                        "MHC2_21978456": 9.734583266386604e-07,
                        "Tcell_21978456": 9.555140657527818e-06,
                        "CD103pos_mean_25446897": 6.238130863460049e-12,
                        "LCK_19272155": 7.931118517107296e-06,
                        "MHC.II_19272155": 4.1514359793698865e-05,